-- phpMyAdmin SQL Dump
-- version 5.0.4
-- https://www.phpmyadmin.net/
--
-- Host: 127.0.0.1
-- Tempo de geração: 04-Ago-2023 às 00:25
-- Versão do servidor: 10.4.17-MariaDB
-- versão do PHP: 7.4.14

SET SQL_MODE = "NO_AUTO_VALUE_ON_ZERO";
START TRANSACTION;
SET time_zone = "+00:00";


/*!40101 SET @OLD_CHARACTER_SET_CLIENT=@@CHARACTER_SET_CLIENT */;
/*!40101 SET @OLD_CHARACTER_SET_RESULTS=@@CHARACTER_SET_RESULTS */;
/*!40101 SET @OLD_COLLATION_CONNECTION=@@COLLATION_CONNECTION */;
/*!40101 SET NAMES utf8mb4 */;

--
-- Banco de dados: `db_producao`
--

-- --------------------------------------------------------

--
-- Estrutura da tabela `acessos`
--

CREATE TABLE `acessos` (
  `id` int(11) NOT NULL,
  `nivel` varchar(45) DEFAULT NULL
) ENGINE=InnoDB DEFAULT CHARSET=utf8mb4;

--
-- Extraindo dados da tabela `acessos`
--

INSERT INTO `acessos` (`id`, `nivel`) VALUES
(1, 'admin'),
(2, 'Assitente Ecommece'),
(3, 'Coordenador'),
(4, 'Auxiliar'),
(5, 'Assitente Editorial'),
(6, 'Cliente');

-- --------------------------------------------------------

--
-- Estrutura da tabela `backlog`
--

CREATE TABLE `backlog` (
  `id` int(11) NOT NULL,
  `data` datetime DEFAULT current_timestamp(),
  `qtd` int(11) DEFAULT NULL,
  `status` int(11) DEFAULT NULL,
  `entregadores_id` int(11) NOT NULL,
  `ocorrencias_id` int(11) NOT NULL,
  `tipo_id` int(11) NOT NULL,
  `producao_id` int(11) NOT NULL
) ENGINE=InnoDB DEFAULT CHARSET=utf8mb4;

-- --------------------------------------------------------

--
-- Estrutura da tabela `boletos`
--

CREATE TABLE `boletos` (
  `id` int(11) NOT NULL,
  `data` timestamp NULL DEFAULT NULL,
  `coleta` timestamp NULL DEFAULT NULL,
  `data_inicio` date DEFAULT NULL,
  `data_fim` date DEFAULT NULL,
  `nota` varchar(45) DEFAULT NULL,
  `sequencia` int(11) DEFAULT NULL,
  `vencimento` timestamp NULL DEFAULT NULL,
  `codigo` varchar(45) DEFAULT NULL,
  `destinatario` varchar(100) DEFAULT NULL,
  `cliente` varchar(100) DEFAULT NULL,
  `cep` varchar(45) DEFAULT NULL,
  `endereco` varchar(255) DEFAULT NULL,
  `bairro` varchar(100) DEFAULT NULL,
  `numero` varchar(45) DEFAULT NULL,
  `logradouro` varchar(225) DEFAULT NULL,
  `municipio` varchar(100) DEFAULT NULL,
  `estado` varchar(100) DEFAULT NULL,
  `tipo` varchar(45) DEFAULT NULL,
  `status` varchar(45) DEFAULT NULL,
  `cpf` varchar(45) DEFAULT NULL,
  `telefone` varchar(45) DEFAULT NULL,
  `email` varchar(45) DEFAULT NULL,
  `obs` varchar(255) DEFAULT NULL,
  `receber_id` int(11) NOT NULL,
  `ocorrencias_id` int(11) NOT NULL,
  `entregadores_id` int(11) NOT NULL,
  `notafiscal_id` int(11) DEFAULT NULL,
  `destinatario_id` int(11) DEFAULT NULL
) ENGINE=InnoDB DEFAULT CHARSET=utf8mb4;

--
-- Extraindo dados da tabela `boletos`
--

INSERT INTO `boletos` (`id`, `data`, `coleta`, `data_inicio`, `data_fim`, `nota`, `sequencia`, `vencimento`, `codigo`, `destinatario`, `cliente`, `cep`, `endereco`, `bairro`, `numero`, `logradouro`, `municipio`, `estado`, `tipo`, `status`, `cpf`, `telefone`, `email`, `obs`, `receber_id`, `ocorrencias_id`, `entregadores_id`, `notafiscal_id`, `destinatario_id`) VALUES
(33837, '2023-08-03 21:57:48', '2023-08-03 21:57:53', '2023-08-03', '2023-08-03', '529461 - 1', 1, '2023-08-03 03:00:00', '35230709204187000209550010005294611547354447', NULL, 'Jafra - Jundiai', NULL, NULL, NULL, NULL, NULL, NULL, NULL, 'CAIXA', '2', NULL, '1144924829', 'lu.broglio@hotmail.com', 'Primeira tentativa ', 1785, 6, 151, 317, 297),
(33838, '2023-08-03 21:08:55', '2023-08-03 21:57:53', '2023-08-03', '2023-08-03', '371034 - 1', 2, '2023-08-03 03:00:00', '21220409204187000381550010003710341808269429', NULL, 'Jafra - Maranhao', NULL, NULL, NULL, NULL, NULL, NULL, NULL, 'CAIXA', '1', NULL, '9991606084', 'pedrocarneito15@gmail.com', '', 1785, 18, 151, 318, 298);

-- --------------------------------------------------------

--
-- Estrutura da tabela `boleto_producao`
--

CREATE TABLE `boleto_producao` (
  `id` int(11) NOT NULL,
  `data` varchar(45) DEFAULT NULL,
  `codigo` varchar(45) DEFAULT NULL,
  `destinatario` varchar(225) DEFAULT NULL,
  `status` int(11) DEFAULT NULL,
  `boletos_id` int(11) NOT NULL,
  `ocorrencias_id` int(11) NOT NULL,
  `entregadores_id` int(11) NOT NULL,
  `receber_id` int(11) NOT NULL
) ENGINE=InnoDB DEFAULT CHARSET=utf8mb4;

--
-- Extraindo dados da tabela `boleto_producao`
--

INSERT INTO `boleto_producao` (`id`, `data`, `codigo`, `destinatario`, `status`, `boletos_id`, `ocorrencias_id`, `entregadores_id`, `receber_id`) VALUES
(218, '2023-08-03T18:57:48', '35230709204187000209550010005294611547354447', '', 2, 33837, 18, 151, 1785),
(219, '2023-08-03T18:57:48', '21220409204187000381550010003710341808269429', '', 1, 33838, 18, 151, 1785);

-- --------------------------------------------------------

--
-- Estrutura da tabela `cargos`
--

CREATE TABLE `cargos` (
  `id` int(11) NOT NULL,
  `nome` varchar(45) DEFAULT NULL
) ENGINE=InnoDB DEFAULT CHARSET=utf8mb4;

--
-- Extraindo dados da tabela `cargos`
--

INSERT INTO `cargos` (`id`, `nome`) VALUES
(1, 'Asssistente de Logística'),
(2, 'Coordenadora de Logística'),
(3, 'Asssistente de Logística'),
(4, 'Supervisor de Operações Logísticas Interior'),
(5, 'Encarregada de Expedição'),
(6, 'Assistente da qualidade'),
(7, 'Auxiliar de Logística E-commerce'),
(8, 'Diretora'),
(9, 'Assistente Financeiro'),
(10, 'Coordenadora de RH'),
(11, 'Auxiliar de Logística Editorial'),
(12, 'Cliente Externo');

-- --------------------------------------------------------

--
-- Estrutura da tabela `clientes`
--

CREATE TABLE `clientes` (
  `id` int(11) NOT NULL,
  `nome` varchar(100) DEFAULT NULL,
  `data` timestamp NULL DEFAULT current_timestamp(),
  `telefone` varchar(45) DEFAULT NULL,
  `email` varchar(45) DEFAULT NULL,
  `cnpj` varchar(45) DEFAULT NULL,
  `foto` varchar(45) DEFAULT NULL,
  `usuarios_id` int(11) NOT NULL,
  `setores_id` int(11) NOT NULL
) ENGINE=InnoDB DEFAULT CHARSET=utf8mb4;

--
-- Extraindo dados da tabela `clientes`
--

INSERT INTO `clientes` (`id`, `nome`, `data`, `telefone`, `email`, `cnpj`, `foto`, `usuarios_id`, `setores_id`) VALUES
(7, 'HAPVIDA', '2021-07-03 00:04:14', NULL, NULL, NULL, NULL, 7, 3),
(8, 'GFL', '2021-07-05 19:01:25', NULL, NULL, NULL, NULL, 7, 1),
(9, 'DBA', '2021-07-05 19:25:30', NULL, NULL, NULL, NULL, 7, 1),
(10, 'NT LOG', '2021-07-05 19:35:18', NULL, NULL, NULL, NULL, 7, 1),
(14, 'FLASH', '2022-04-20 17:37:34', NULL, NULL, NULL, NULL, 4, 3),
(15, 'VITALMED', '2022-04-20 17:38:00', NULL, NULL, NULL, NULL, 4, 3),
(16, 'ACM', '2022-04-20 17:38:13', NULL, NULL, NULL, NULL, 4, 3),
(17, 'UNIMED', '2022-04-20 17:38:26', NULL, NULL, NULL, NULL, 4, 3),
(18, 'HUMANA', '2022-04-20 17:38:40', NULL, NULL, NULL, NULL, 4, 3),
(19, 'ODORATA', '2022-04-20 17:38:54', NULL, NULL, NULL, NULL, 4, 3),
(20, 'ACOMAC', '2022-04-20 17:39:09', NULL, NULL, NULL, NULL, 4, 3),
(21, 'SINTEMA', '2022-04-20 17:39:21', NULL, NULL, NULL, NULL, 4, 3),
(22, 'MARY KAY', '2022-04-20 17:39:40', NULL, NULL, NULL, NULL, 4, 3),
(23, 'UNIHOSP', '2022-05-04 14:51:29', NULL, NULL, NULL, NULL, 4, 3),
(24, 'J&T', '2022-11-03 11:50:52', NULL, NULL, NULL, NULL, 23, 1),
(25, 'JAFRA COSMÉTICOS', '2023-07-06 11:50:52', NULL, NULL, NULL, './imgs/jf.jpg', 28, 1);

-- --------------------------------------------------------

--
-- Estrutura da tabela `combustivel`
--

CREATE TABLE `combustivel` (
  `id` int(11) NOT NULL,
  `data` datetime DEFAULT NULL,
  `placa` varchar(45) DEFAULT NULL,
  `valor` decimal(10,2) DEFAULT NULL,
  `entregadores_id` int(11) NOT NULL,
  `veiculos_id` int(11) NOT NULL,
  `usuarios_id` int(11) NOT NULL
) ENGINE=InnoDB DEFAULT CHARSET=utf8mb4;

--
-- Extraindo dados da tabela `combustivel`
--

INSERT INTO `combustivel` (`id`, `data`, `placa`, `valor`, `entregadores_id`, `veiculos_id`, `usuarios_id`) VALUES
(7, '2022-08-10 12:46:48', '', '40.00', 88, 1, 4),
(8, '2022-08-23 12:47:47', '', '40.00', 88, 1, 4),
(9, '2022-08-31 13:00:38', '', '50.00', 98, 1, 4),
(10, '2022-08-30 13:01:38', '', '50.00', 101, 1, 4),
(11, '2022-08-01 13:03:58', '', '40.00', 83, 1, 4),
(12, '2022-08-15 13:04:55', '', '40.00', 83, 1, 4),
(13, '2022-08-29 13:06:19', '', '40.00', 83, 1, 4),
(14, '2022-08-02 13:13:28', 'ROE9J35', '200.00', 137, 3, 4),
(15, '2022-08-04 13:14:15', 'ROE9J35', '265.43', 172, 3, 4),
(16, '2022-08-08 13:19:20', 'ROE9J35', '200.00', 172, 3, 4),
(17, '2022-08-09 13:22:38', 'ROE9J35', '418.03', 137, 3, 4),
(18, '2022-08-11 13:27:03', 'ROE9J35', '200.00', 137, 3, 4),
(19, '2022-08-14 13:29:03', 'ROE9J35', '239.62', 172, 3, 4),
(20, '2022-08-17 13:31:10', 'ROE9J35', '200.00', 137, 3, 4),
(21, '2022-08-18 13:32:18', 'ROE9J35', '340.56', 172, 3, 4),
(22, '2022-08-23 13:34:11', 'ROE9J35', '150.00', 137, 3, 4),
(23, '2022-08-03 13:36:49', '', '50.00', 99, 1, 4),
(24, '2022-08-10 13:37:29', '', '50.00', 99, 1, 4),
(25, '2022-08-17 13:39:58', '', '40.00', 99, 1, 4),
(26, '2022-08-25 13:41:59', '', '50.00', 99, 1, 4),
(27, '2022-08-08 13:42:46', 'OJG7B04', '40.00', 91, 1, 4),
(28, '2022-08-15 13:46:29', 'OJG7B04', '40.00', 91, 1, 4),
(29, '2022-08-01 13:47:42', '', '40.00', 158, 1, 4),
(30, '2022-08-03 13:49:00', '', '40.00', 158, 1, 4),
(31, '2022-08-06 13:50:22', '', '50.00', 158, 1, 4),
(32, '2022-08-10 13:52:37', '', '40.00', 158, 1, 4),
(33, '2022-08-12 14:03:57', '', '40.00', 158, 1, 4),
(34, '2022-08-19 14:14:32', '', '40.00', 158, 1, 4),
(35, '2022-08-20 14:16:25', 'PSY9127', '40.00', 158, 1, 4),
(36, '2022-08-26 14:18:06', '', '40.00', 158, 1, 4),
(37, '2022-08-03 14:30:20', 'OXZ1436', '200.00', 137, 6, 4),
(38, '2022-08-04 14:35:31', 'OXZ1436', '382.51', 137, 6, 4),
(39, '2022-08-06 14:36:49', 'OXZ1436', '340.02', 137, 6, 4),
(40, '2022-08-12 14:38:07', 'OXZ1436', '200.00', 137, 6, 4),
(41, '2022-08-17 14:39:39', 'OXZ1436', '477.05', 137, 6, 4),
(42, '2022-08-19 14:40:47', 'OXZ1436', '281.39', 137, 6, 4),
(43, '2022-08-23 14:41:56', 'OXZ1436', '150.00', 137, 6, 4),
(44, '2022-08-26 14:43:02', 'OXZ1436', '442.22', 137, 6, 4),
(45, '2022-08-28 14:44:26', 'OXZ1436', '185.01', 172, 6, 4),
(46, '2022-08-28 14:46:40', 'OXZ1436', '220.05', 172, 6, 4),
(47, '2022-08-30 14:48:33', 'OXZ1436', '100.00', 137, 6, 4),
(48, '2022-08-30 14:49:33', 'OXZ1436', '373.33', 137, 6, 4),
(51, '2022-08-05 15:26:42', 'NXC9712', '40.00', 136, 1, 4),
(52, '2022-08-02 15:28:01', 'OXS5114', '40.00', 136, 1, 4),
(53, '2022-08-05 15:30:05', 'OXS5114', '10.00', 136, 1, 4),
(54, '2022-08-11 15:32:19', 'NXC9712', '40.00', 136, 1, 4),
(55, '2022-08-16 15:35:16', 'OXS5114', '40.00', 136, 1, 4),
(56, '2022-08-17 15:40:02', 'OXS5114', '40.00', 136, 1, 4),
(57, '2022-08-19 15:42:23', 'OXS5114', '40.00', 136, 1, 4),
(58, '2022-08-24 15:44:49', 'OXS5114', '40.00', 136, 1, 4),
(59, '2022-08-27 15:47:22', 'OXS5114', '40.00', 136, 1, 4),
(60, '2022-08-31 15:48:09', 'OXS5114', '40.00', 136, 1, 4),
(61, '2022-08-01 15:50:20', 'OWX8854', '80.00', 172, 2, 4),
(62, '2022-08-03 16:01:11', 'OWX8854', '80.00', 133, 2, 4),
(63, '2022-08-04 16:02:43', 'OWX8854', '80.00', 137, 2, 4),
(64, '2022-08-04 16:03:45', 'OWX8854', '80.00', 133, 2, 4),
(65, '2022-08-06 16:13:09', 'OWX8854', '80.00', 137, 2, 4),
(66, '2022-08-06 16:15:46', 'OWX8854', '80.00', 133, 2, 4),
(67, '2022-08-09 13:04:55', 'OWX8854', '80.00', 137, 2, 4),
(68, '2022-08-15 13:14:57', 'OWX8854', '80.00', 133, 2, 4),
(69, '2022-08-16 13:23:45', 'OWX8854', '80.00', 133, 2, 4),
(70, '2022-08-18 13:27:42', 'OWX8854', '80.00', 133, 2, 4),
(71, '2022-08-20 13:28:44', 'OWX8854', '80.00', 137, 2, 4),
(72, '2022-08-23 13:37:42', 'OWX8854', '80.00', 172, 2, 4),
(73, '2022-08-25 13:40:10', 'OWX8854', '80.00', 133, 2, 4),
(74, '2022-08-26 13:46:59', 'OWX8854', '80.00', 137, 2, 4),
(75, '2022-08-27 13:50:05', 'OWX8854', '80.00', 137, 2, 4),
(76, '2022-08-30 13:52:24', 'OWX8854', '80.00', 133, 2, 4),
(77, '2022-08-31 13:54:52', 'OWX8854', '80.00', 133, 2, 4),
(78, '2022-08-01 13:55:47', 'PUC1154', '80.00', 150, 2, 4),
(79, '2022-08-03 13:59:16', 'PUC1154', '80.00', 150, 2, 4),
(80, '2022-08-04 14:10:18', 'PUC1154', '80.00', 172, 2, 4),
(81, '2022-08-04 14:19:52', 'PUC1154', '80.00', 150, 2, 4),
(82, '2022-08-06 14:51:00', 'PUC1154', '80.00', 150, 2, 4),
(83, '2022-08-09 14:51:57', 'PUC1154', '80.00', 150, 2, 4),
(84, '2022-08-11 14:53:52', 'PUC1154', '80.00', 150, 2, 4),
(85, '2022-08-14 08:11:26', 'PUC1154', '80.00', 172, 2, 4),
(86, '2022-08-15 08:16:19', 'PUC1154', '80.00', 150, 2, 4),
(87, '2022-08-17 08:17:55', 'PUC1154', '80.00', 150, 2, 4),
(88, '2022-11-07 09:53:30', '', '50.00', 185, 1, 4),
(89, '2022-11-08 09:54:10', 'PSP3028', '40.00', 182, 1, 4),
(90, '2022-11-08 09:55:06', 'PSP3028', '40.00', 182, 1, 4),
(91, '2022-11-08 09:56:08', 'ROE9J35', '200.00', 172, 3, 4),
(94, '2022-11-07 10:11:03', '', '80.00', 186, 2, 4),
(95, '2022-11-07 10:11:28', 'NXC9712 ', '40.00', 174, 1, 4),
(96, '2022-11-05 10:12:57', 'SW4', '150.00', 181, 2, 4),
(98, '2022-11-08 10:19:50', 'OWX8854', '80.00', 133, 6, 4),
(99, '2022-11-07 10:20:52', 'OWX8854', '80.00', 133, 6, 4),
(100, '2022-11-07 10:22:07', 'PUC1154', '80.00', 150, 6, 4),
(101, '2022-11-07 10:23:36', 'OXZ1436 ', '350.05', 137, 6, 4),
(102, '2022-11-03 10:37:32', 'OWX8854', '80.00', 133, 6, 4),
(103, '2022-11-03 10:38:35', 'PSY9127', '40.00', 158, 1, 4),
(104, '2022-11-03 10:41:44', 'HPK9951', '40.00', 99, 1, 4),
(105, '2022-11-03 10:43:12', 'NHK8075', '40.00', 182, 1, 4),
(106, '2022-11-01 10:44:46', 'PSY9127', '50.00', 158, 1, 4),
(107, '2022-11-12 10:48:12', 'OXS5114', '40.00', 136, 1, 4),
(108, '2022-11-14 10:51:24', 'NXC9712', '40.00', 174, 1, 4),
(109, '2022-11-14 10:52:53', 'ROE9J35', '377.30', 172, 3, 4),
(110, '2022-11-14 10:54:46', 'PSP3028', '40.00', 182, 1, 4),
(111, '2022-11-12 11:25:16', 'PST3492', '40.00', 83, 1, 4),
(112, '2022-11-12 11:28:44', 'PSY9127', '47.51', 158, 1, 4),
(113, '2022-11-03 11:31:24', 'ROJ3H45', '120.00', 88, 2, 4),
(114, '2022-11-09 11:32:23', 'PSY9127', '40.00', 158, 1, 4),
(115, '2022-11-09 11:33:28', 'OXS5114', '40.00', 136, 1, 4),
(116, '2022-11-09 11:35:39', 'PUC1154', '80.00', 137, 6, 4),
(117, '2022-10-28 11:37:50', 'OJG7B04 ', '40.00', 91, 1, 4),
(118, '2022-11-10 11:41:11', 'HPK9951', '40.00', 99, 1, 4),
(119, '2022-11-10 11:44:28', 'OJN2110 ', '150.00', 181, 2, 4),
(120, '2022-11-10 11:46:32', 'PSM3A88', '40.00', 88, 1, 4),
(121, '2022-11-10 11:48:03', 'OWX8854', '80.00', 137, 6, 4),
(122, '2022-11-10 11:50:42', '', '100.00', 186, 2, 4),
(123, '2022-10-03 08:41:45', 'OJN2110 ', '150.00', 181, 2, 4),
(124, '2022-10-11 09:14:46', 'OJN2110 ', '150.00', 181, 2, 4),
(125, '2022-10-19 09:17:48', 'OJN2110 ', '150.00', 181, 2, 4),
(126, '2022-10-26 09:19:57', 'OJN2110', '100.00', 181, 2, 4),
(127, '2022-10-04 09:23:00', 'SW4', '150.00', 181, 2, 4),
(128, '2022-10-07 09:25:38', 'SW4', '150.00', 181, 2, 4),
(129, '2022-10-12 09:27:14', 'OJN2110 ', '150.00', 181, 2, 4),
(131, '2022-10-15 09:58:08', 'sw4', '150.00', 181, 2, 4),
(132, '2022-10-19 10:00:00', 'SW4', '150.00', 181, 2, 4),
(133, '2022-10-23 10:01:27', 'SW4', '150.00', 181, 2, 4),
(134, '2022-10-26 10:03:58', 'SW4', '150.00', 181, 2, 4),
(135, '2022-10-29 10:06:37', 'SW4', '150.00', 181, 2, 4),
(136, '2022-10-11 10:08:34', '', '80.00', 186, 2, 4),
(137, '2022-10-18 10:09:45', '', '100.00', 186, 2, 4),
(138, '2022-10-26 10:15:15', '', '80.00', 186, 2, 4),
(139, '2022-10-26 10:16:19', 'PSP3028', '40.00', 182, 1, 4),
(140, '2022-10-14 10:19:20', 'PSP3028', '50.00', 182, 1, 4),
(141, '2022-10-03 10:20:34', 'PSY9127', '50.00', 158, 1, 4),
(142, '2022-10-19 10:22:45', 'PSY9127', '50.00', 158, 1, 4),
(143, '2022-10-01 10:27:08', 'PSY9127', '50.00', 158, 1, 4),
(144, '2022-10-15 10:28:58', 'PSY9127', '50.00', 158, 1, 4),
(145, '2022-10-01 10:31:16', '', '50.00', 150, 1, 4),
(146, '2022-10-15 11:05:09', '', '50.00', 150, 1, 4),
(147, '2022-10-10 11:09:07', '', '50.00', 185, 1, 4),
(148, '2022-10-24 11:11:56', '', '50.00', 185, 1, 4),
(149, '2022-10-03 10:20:52', 'PSP3028', '40.00', 182, 1, 4),
(150, '2022-10-05 10:53:58', 'PSP3028', '40.00', 182, 1, 4),
(151, '2022-10-08 10:58:09', 'PSP3028', '40.00', 182, 1, 4),
(152, '2022-10-11 11:01:16', 'PSP3028', '40.00', 182, 1, 4),
(153, '2022-10-14 11:02:01', 'PSP3028', '40.00', 182, 1, 4),
(154, '2022-10-19 11:03:17', 'PSP3028', '40.00', 182, 1, 4),
(155, '2022-10-22 11:05:00', 'PSP3028', '40.00', 182, 1, 4),
(156, '2022-10-24 11:08:12', 'PSP3028', '40.00', 182, 1, 4),
(157, '2022-10-28 11:09:02', 'PSP3028', '40.00', 182, 1, 4),
(158, '2022-10-06 11:09:46', 'HPK9951', '40.00', 99, 1, 4),
(159, '2022-10-13 11:11:08', 'HPK9951', '40.00', 99, 1, 4),
(160, '2022-10-19 11:12:22', 'HPK9951', '40.00', 99, 1, 4),
(161, '2022-10-27 11:13:31', 'HPK9951', '40.00', 99, 1, 4),
(162, '2022-10-01 08:13:31', 'OXS5114', '40.00', 136, 1, 4),
(163, '2022-10-05 08:25:01', 'OXS5114', '40.00', 136, 1, 4),
(164, '2022-10-13 08:38:02', 'OXS5114', '40.00', 136, 1, 4),
(165, '2022-10-18 09:10:56', 'OXS5114', '40.00', 136, 1, 4),
(166, '2022-10-20 09:25:10', 'OXS5114', '40.00', 136, 1, 4),
(167, '2022-10-26 09:28:47', 'OXS5114', '40.00', 136, 1, 4),
(168, '2022-10-31 09:30:14', 'OXS5114', '40.00', 136, 1, 4),
(169, '2022-10-07 09:37:53', 'OJG7B04', '40.00', 91, 1, 4),
(170, '2022-10-14 07:57:15', 'OJG7B04', '40.00', 91, 1, 4),
(173, '2022-10-05 09:09:21', 'ROE9J35', '100.00', 172, 3, 4),
(174, '2022-10-01 09:11:53', 'ROE9J35 ', '127.93', 172, 3, 4),
(175, '2022-10-10 09:16:48', 'ROE9J35 ', '150.00', 137, 3, 4),
(176, '2022-10-12 09:21:59', 'ROE9J35', '240.28', 172, 3, 4),
(177, '2022-10-15 09:35:00', 'ROE9J35', '369.62', 137, 3, 4),
(178, '2022-10-19 09:38:26', 'ROE9J35', '200.00', 137, 3, 4),
(179, '2022-10-20 09:47:50', 'ROE9J35', '280.00', 172, 3, 4),
(180, '2022-10-24 09:49:49', 'ROE9J35', '203.02', 172, 3, 4),
(181, '2022-10-26 09:59:01', 'ROE9J35', '296.20', 172, 3, 4),
(182, '2022-10-01 10:08:33', 'OXZ1436', '100.00', 137, 6, 4),
(183, '2022-10-04 10:23:58', 'OXZ1436', '405.66', 137, 6, 4),
(184, '2022-10-06 10:33:57', 'OXZ1436', '324.70', 137, 6, 4),
(185, '2022-10-11 10:39:40', 'OXZ1436', '150.00', 137, 6, 4),
(186, '2022-10-12 11:08:04', 'OXZ1436', '338.06', 137, 6, 4),
(187, '2022-10-14 11:10:30', 'OXZ1436 ', '305.60', 137, 6, 4),
(188, '2022-10-17 08:16:52', 'OXZ1436', '100.05', 137, 6, 4),
(189, '2022-10-19 08:58:55', 'OXZ1436', '318.69', 137, 6, 4),
(190, '2022-10-24 09:23:12', 'OXZ1436', '385.04', 137, 6, 4),
(191, '2022-10-28 09:24:43', 'OXZ1436', '100.00', 137, 6, 4),
(192, '2022-10-29 09:28:38', 'OXZ1436', '200.00', 137, 6, 4),
(193, '2022-10-31 09:31:36', 'OXZ1436', '100.00', 137, 6, 4),
(194, '2022-10-01 09:57:48', 'PUC1154', '80.00', 133, 2, 4),
(195, '2022-10-06 10:24:57', 'PUC1154', '80.00', 150, 2, 4),
(196, '2022-10-06 10:27:35', 'PUC1154', '80.00', 137, 2, 4),
(197, '2022-10-12 10:33:32', 'PUC1154', '80.00', 172, 2, 4),
(198, '2022-10-15 11:02:54', 'OWX8854', '80.00', 150, 2, 4),
(199, '2022-10-21 11:26:47', 'PUC1154', '80.00', 150, 2, 4),
(200, '2022-10-24 11:34:13', 'PUC1154', '80.00', 132, 2, 4),
(201, '2022-10-25 11:47:15', 'PUC1154', '80.00', 150, 2, 4),
(202, '2022-10-25 11:50:07', 'OWX8854', '80.00', 150, 2, 4),
(203, '2022-10-26 11:56:57', 'PUC1154', '50.00', 172, 2, 4),
(204, '2022-10-26 12:02:56', 'PUC1154', '80.00', 150, 2, 4),
(205, '2022-10-31 12:03:56', 'PUC1154', '80.00', 150, 2, 4),
(210, '2022-12-03 11:06:00', 'NMP1471', '30.00', 88, 1, 4),
(211, '2022-12-26 11:06:20', 'NMP1471', '40.00', 88, 1, 4),
(212, '2022-11-18 11:06:42', 'NMP1471', '130.00', 88, 1, 4),
(213, '2022-12-01 11:10:09', 'PST3492', '30.00', 83, 1, 4),
(214, '2022-12-09 11:10:50', 'PST3492', '30.00', 83, 1, 4),
(215, '2022-12-16 11:11:17', 'PST3492', '30.00', 83, 1, 4),
(216, '2022-12-28 11:11:39', 'PST3492', '30.00', 83, 1, 4),
(218, '2022-10-04 08:34:48', 'OWX8854', '80.00', 150, 2, 4),
(219, '2022-10-06 08:35:21', 'OWX8854', '80.00', 133, 2, 4),
(220, '2022-10-07 08:36:27', 'OWX8854', '80.00', 133, 2, 4),
(221, '2022-10-11 08:37:25', 'OWX8854', '80.00', 133, 2, 4),
(222, '2022-10-11 08:12:47', 'OWX8854', '80.00', 150, 2, 4),
(223, '2022-10-12 09:11:09', 'OWX8854', '80.00', 137, 2, 4),
(224, '2022-10-14 09:16:41', 'OWX8854', '80.00', 133, 2, 4),
(225, '2022-10-17 09:23:05', 'OWX8854', '80.00', 133, 2, 4),
(226, '2022-10-18 08:21:05', 'OWX8854', '80.00', 133, 2, 4),
(227, '2022-10-19 08:47:50', 'OWX8854', '80.00', 133, 2, 4),
(228, '2022-10-26 08:48:39', 'OWX8854', '80.00', 133, 2, 4),
(229, '2022-10-28 08:53:24', 'OWX8854', '80.00', 133, 2, 4),
(230, '2022-10-29 08:57:19', 'OWX8854', '80.00', 133, 2, 4),
(231, '2022-10-31 08:58:01', 'OWX8854', '80.00', 133, 2, 4),
(234, '2022-10-13 09:13:02', 'NMP1794', '80.00', 150, 6, 4),
(235, '2022-10-24 09:15:46', 'NMP1794', '80.00', 133, 6, 4),
(236, '2022-10-01 09:28:21', 'PSY9127', '40.00', 158, 1, 4),
(237, '2022-10-06 09:31:36', 'PSY9127', '40.00', 158, 1, 4),
(238, '2022-10-14 09:44:38', 'PSY9127', '40.00', 158, 1, 4),
(239, '2022-10-20 09:46:07', 'PSY9127', '40.00', 158, 1, 4),
(240, '2022-10-26 09:47:50', 'PSY9127', '40.00', 158, 1, 4),
(241, '2022-10-03 10:12:45', 'NXC9712', '40.00', 174, 1, 4),
(242, '2022-10-06 10:13:46', 'NXC9712', '40.00', 174, 1, 4),
(243, '2022-10-10 10:16:17', 'NXC9712', '40.00', 174, 1, 4),
(244, '2022-10-13 10:22:02', 'NXC9712', '40.00', 174, 1, 4),
(245, '2022-10-17 10:24:28', 'NXC9712', '40.00', 174, 1, 4),
(246, '2022-10-20 10:26:24', 'NXC9712', '40.00', 174, 1, 4),
(247, '2022-10-21 10:30:53', 'NXC9712', '40.00', 174, 1, 4),
(248, '2022-10-24 10:33:20', 'NXC9712', '40.00', 174, 1, 4),
(249, '2022-10-27 10:34:12', 'NXC9712', '40.00', 174, 1, 4),
(250, '2022-10-31 10:37:20', 'NXC9712', '40.00', 174, 1, 4),
(251, '2022-10-28 10:39:59', 'NXN7697', '40.00', 132, 1, 4),
(252, '2022-08-25 10:41:38', 'NWW7263 ', '40.00', 102, 1, 4),
(253, '2022-06-04 11:23:01', '', '50.00', 150, 1, 4),
(254, '2022-06-11 11:31:47', 'ACORDO', '50.00', 158, 1, 4),
(255, '2022-06-13 11:36:54', 'ACORDO', '50.00', 158, 1, 4),
(256, '2022-06-13 11:42:21', '', '50.00', 185, 1, 4),
(257, '2022-06-08 11:42:55', '', '40.00', 181, 1, 4),
(258, '2022-06-01 11:45:14', '', '40.00', 158, 1, 4),
(259, '2022-04-16 08:29:47', '', '50.00', 181, 1, 4),
(260, '2022-04-16 08:30:28', '', '50.00', 181, 1, 4),
(261, '2022-04-29 08:31:46', 'ACORDO', '50.00', 129, 1, 4),
(262, '2022-04-04 08:32:29', 'ACORDO', '50.00', 185, 1, 4),
(263, '2022-04-05 08:33:40', 'ACORDO', '50.00', 185, 1, 4),
(264, '2022-09-02 08:34:27', 'OWX8854', '80.00', 150, 2, 4),
(265, '2022-09-02 08:55:59', 'OWX8854', '80.00', 133, 2, 4),
(266, '2022-09-05 09:21:13', 'OWX8854', '80.00', 133, 2, 4),
(267, '2022-09-09 09:24:12', 'OWX8854', '80.00', 133, 2, 4),
(268, '2022-09-09 09:28:43', 'OWX8854', '80.00', 137, 2, 4),
(269, '2022-09-13 09:29:45', 'OWX8854', '80.00', 133, 2, 4),
(270, '2022-09-16 09:31:19', 'OWX8854', '80.00', 172, 2, 4),
(271, '2022-09-16 09:32:40', 'OWX8854', '80.00', 133, 2, 4),
(272, '2022-09-14 09:33:56', 'OWX8854', '80.00', 133, 2, 4),
(273, '2022-09-03 09:35:52', 'PUC1154', '80.00', 150, 2, 4),
(274, '2022-09-05 09:39:01', 'OXZ1436', '450.53', 137, 6, 4),
(275, '2022-09-06 10:15:59', 'OWX8854', '80.00', 172, 2, 4),
(276, '2022-09-08 10:33:43', 'PUC1154', '80.00', 172, 2, 4),
(277, '2022-09-10 10:35:16', 'PUC1154', '80.00', 150, 2, 4),
(278, '2022-09-12 10:38:04', 'PUC1154', '80.00', 150, 2, 4),
(279, '2023-09-14 10:41:40', 'PUC1154', '80.00', 150, 2, 4),
(280, '2022-09-19 10:46:13', 'PUC1154', '80.00', 137, 2, 4),
(281, '2022-09-21 11:34:45', 'PUC1154', '80.00', 137, 2, 4),
(282, '2022-09-24 08:09:12', 'PUC1154', '80.00', 172, 2, 4),
(283, '2022-09-26 08:12:18', 'PUC1154', '80.00', 181, 2, 4),
(284, '2022-09-28 08:13:31', 'PUC1154', '80.00', 150, 2, 4),
(285, '2022-09-29 08:14:23', 'PUC1154', '80.00', 150, 2, 4),
(286, '2022-09-02 08:15:05', 'OXS5114', '40.00', 136, 1, 4),
(288, '2022-09-12 08:59:49', 'OXS5114', '40.00', 136, 1, 4),
(289, '2022-09-15 09:01:52', 'OXS5114', '40.00', 136, 1, 4),
(290, '2022-09-21 09:12:19', 'OXS5114', '40.00', 136, 1, 4),
(291, '2022-09-21 09:12:19', 'OXS5114', '40.00', 136, 1, 4),
(292, '2022-09-27 09:13:24', 'OXS5114', '40.00', 136, 1, 4),
(293, '2022-09-02 09:14:05', 'PSY9127', '40.00', 158, 1, 4),
(295, '2022-09-06 09:21:51', 'PSY9127', '50.00', 158, 1, 4),
(296, '2022-09-09 09:26:31', 'PSY9127', '40.00', 158, 1, 4),
(297, '2022-09-14 09:28:38', 'PSY9127', '40.00', 158, 1, 4),
(298, '2022-09-20 09:30:36', 'PSY9127', '40.00', 158, 1, 4),
(299, '2022-09-22 09:37:37', 'PSY9127', '40.00', 158, 1, 4),
(300, '2022-09-24 09:38:33', 'PSY9127', '40.00', 158, 1, 4),
(301, '2022-09-02 09:39:26', 'OXZ1436', '150.00', 137, 6, 4),
(302, '2022-09-09 09:45:50', 'OXZ1436', '308.47', 137, 6, 4),
(303, '2022-09-13 09:47:45', 'OXZ1436', '366.18', 137, 6, 4),
(304, '2022-09-13 09:49:46', 'OXZ1436', '150.00', 172, 6, 4),
(305, '2022-09-17 09:53:17', 'OXZ1436', '100.00', 137, 6, 4),
(306, '2022-09-19 10:31:29', 'OXZ1436', '341.57', 137, 6, 4),
(307, '2022-09-21 10:47:03', 'OXZ1436', '279.29', 137, 6, 4),
(308, '2022-09-26 10:53:32', 'OXZ1436', '384.02', 137, 6, 4),
(309, '2022-09-30 11:03:51', 'OXZ1436', '100.00', 172, 6, 4),
(313, '2022-09-02 11:38:24', 'ROE9J35', '150.00', 172, 3, 4),
(314, '2022-09-08 11:42:14', 'ROE9J35', '355.32', 172, 3, 4),
(315, '2022-09-12 11:48:07', 'ROE9J35', '150.00', 137, 3, 4),
(316, '2022-09-13 11:52:19', 'ROE9J35', '150.00', 137, 3, 4),
(317, '2022-09-16 11:54:45', 'ROE9J35', '290.05', 181, 3, 4),
(318, '2022-09-20 11:59:58', 'ROE9J35', '150.00', 172, 3, 4),
(319, '2022-09-22 08:59:25', 'ROE9J35', '150.00', 172, 3, 4),
(320, '2022-09-24 10:07:12', 'ROE9J35', '286.05', 172, 3, 4),
(321, '2022-09-27 10:09:08', 'ROE9J35', '396.58', 172, 3, 4),
(322, '2022-09-30 10:10:14', 'ROE9J35', '200.00', 172, 3, 4),
(323, '2022-09-19 10:10:58', 'NMP1794', '80.00', 133, 6, 4),
(324, '2022-09-21 10:12:36', 'NMP1794', '80.00', 133, 6, 4),
(325, '2022-09-24 10:15:06', 'NMP1794', '80.00', 133, 6, 4),
(326, '2022-09-27 10:16:52', 'NMP1794', '80.00', 133, 6, 4),
(327, '2022-09-28 10:18:03', 'NMP1794', '80.00', 133, 6, 4),
(328, '2022-09-29 10:21:10', 'NMP1794', '80.00', 133, 6, 4),
(329, '2022-09-01 10:21:51', 'PSP3028', '30.00', 182, 1, 4),
(330, '2022-09-05 10:52:39', 'PSP3028', '30.00', 182, 1, 4),
(331, '2022-09-09 11:11:50', 'PSP3028', '40.00', 182, 1, 4),
(332, '2022-09-10 11:20:15', 'PSP3028', '40.00', 182, 1, 4),
(333, '2022-09-15 11:28:44', 'PSP3028', '40.00', 182, 1, 4),
(334, '2022-09-20 11:33:27', 'PSP3028', '40.00', 182, 1, 4),
(335, '2022-09-24 11:34:05', 'PSP3028', '40.00', 182, 1, 4),
(336, '2022-09-28 11:35:21', 'PSP3028', '40.00', 182, 1, 4),
(337, '2022-09-29 11:36:25', 'PSP3028', '40.00', 174, 1, 4),
(338, '2022-09-28 11:37:14', 'ACORDO', '40.00', 182, 1, 4),
(339, '2022-09-20 11:38:11', 'ACORDO', '40.00', 182, 1, 4),
(340, '2022-09-05 11:40:35', 'ACORDO', '50.00', 158, 1, 4),
(341, '2022-09-19 11:43:34', 'ACORDO', '50.00', 158, 1, 4),
(342, '2022-09-19 11:45:10', 'ACORDO', '50.00', 158, 1, 4),
(343, '2022-09-05 11:47:03', 'ACORDO', '50.00', 185, 1, 4),
(344, '2022-09-22 11:50:25', 'ACORDO', '50.00', 185, 1, 4),
(345, '2022-09-03 11:51:17', 'ACORDO', '50.00', 150, 1, 4),
(346, '2022-09-16 11:52:51', 'ACORDO', '50.00', 150, 1, 4),
(347, '2022-08-02 11:54:08', 'NXC9712', '40.00', 181, 1, 4),
(348, '2022-09-05 11:56:14', 'NXC9712', '40.00', 174, 1, 4),
(349, '2022-09-09 11:57:28', 'NXC9712', '40.00', 174, 1, 4),
(350, '2022-09-12 12:00:48', 'NXC9712', '40.00', 174, 1, 4),
(351, '2022-09-16 12:02:46', 'NXC9712', '40.00', 174, 1, 4),
(352, '2022-09-19 12:04:29', 'NXC9712', '40.00', 174, 1, 4),
(353, '2022-09-23 12:05:16', 'NXC9712', '40.00', 174, 1, 4),
(354, '2022-09-26 12:06:03', 'NXC9712', '40.00', 174, 1, 4),
(355, '2022-09-09 12:06:50', 'OJN2110 ', '100.00', 181, 2, 4),
(356, '2022-09-17 12:13:50', 'OJN2110 ', '150.00', 181, 2, 4),
(357, '2022-09-24 12:14:46', 'OJN2110 ', '150.00', 181, 2, 4),
(358, '2022-09-02 12:15:38', '', '80.00', 186, 2, 4),
(359, '2022-09-07 12:16:48', '', '100.00', 186, 2, 4),
(360, '2022-09-14 12:19:28', '', '80.00', 186, 2, 4),
(361, '2022-09-23 12:20:40', '', '80.00', 186, 2, 4),
(362, '2022-09-30 12:21:12', '', '100.00', 186, 2, 4),
(363, '2022-12-01 10:47:04', 'PST3492', '30.00', 83, 1, 4),
(364, '2022-12-09 10:51:48', 'PST3492', '30.00', 83, 1, 4),
(365, '2022-12-16 10:54:32', 'PST3492', '30.00', 83, 1, 4),
(366, '2022-12-28 10:56:41', 'PST3492', '30.00', 83, 1, 4),
(367, '2022-12-03 11:11:52', 'PSM3A88', '30.00', 88, 1, 4),
(368, '2022-12-26 08:37:13', 'PSM3A88', '40.00', 88, 1, 4),
(369, '2022-11-18 08:38:17', 'PSM3A88', '130.00', 88, 1, 4),
(370, '2022-09-02 09:01:54', 'NXN7697', '40.00', 132, 1, 4),
(371, '2022-09-29 09:15:12', 'NXN7697', '30.00', 132, 1, 4),
(372, '2022-09-29 09:17:16', 'HPK9951', '40.00', 99, 1, 4),
(373, '2022-09-16 09:18:14', 'HPK9951', '40.00', 99, 1, 4),
(374, '2022-09-16 09:18:14', 'HPK9951', '40.00', 99, 1, 4),
(375, '2022-09-09 09:22:48', 'HPK9951', '50.00', 99, 1, 4),
(376, '2022-09-01 09:24:41', 'HPK9951', '50.00', 99, 1, 4),
(377, '2022-09-02 09:26:34', 'OJG7B04', '40.00', 91, 1, 4),
(378, '2022-09-19 09:27:20', 'OJG7B04', '40.00', 91, 1, 4),
(379, '2022-08-26 11:27:51', 'OJG7B04', '40.00', 91, 1, 4),
(380, '2022-09-30 11:29:12', 'OJG7B04', '50.00', 91, 1, 4),
(381, '2023-01-22 13:50:33', 'ROE9J35', '244.02', 137, 3, 4),
(382, '2022-05-30 13:54:02', '', '100.00', 181, 2, 4),
(383, '2022-05-27 14:13:09', 'NXH9839', '60.00', 98, 1, 4),
(384, '2022-05-19 14:15:30', 'NWW7263 ', '50.00', 102, 1, 4),
(385, '2022-05-20 14:17:34', 'PSM3A88', '50.00', 88, 1, 4),
(386, '2022-05-30 15:05:36', 'PSM3A88', '50.00', 88, 1, 4),
(387, '2022-05-25 15:06:36', 'PST3492', '50.00', 83, 1, 4),
(389, '2022-05-30 15:15:50', 'PST3492', '50.00', 83, 1, 4),
(390, '2022-05-15 15:16:28', 'PST3492', '50.00', 83, 1, 4),
(399, '2022-12-16 15:47:26', 'UNIDAS', '80.00', 158, 2, 4),
(400, '2022-12-17 15:48:28', 'UNIDAS', '80.00', 137, 2, 4),
(401, '2022-12-20 16:10:38', 'UNIDAS', '100.00', 158, 2, 4),
(402, '2022-12-22 16:39:11', 'UNIDAS', '100.00', 158, 2, 4),
(403, '2022-12-26 16:42:10', 'UNIDAS', '80.00', 158, 2, 4),
(404, '2022-12-28 16:43:46', 'UNIDAS', '100.00', 172, 2, 4),
(405, '2022-12-30 16:44:42', 'UNIDAS', '100.00', 137, 2, 4),
(406, '2022-12-31 16:46:04', 'UNIDAS', '150.00', 137, 2, 4),
(407, '2022-12-12 13:28:56', 'UNIDAS', '100.00', 158, 2, 4),
(408, '2022-12-09 14:24:46', 'UNIDAS', '100.00', 172, 2, 4),
(409, '2023-02-07 14:35:16', 'UNIDAS', '80.00', 137, 2, 4),
(410, '2022-12-15 14:38:12', 'UNIDAS', '100.00', 172, 2, 4),
(411, '2022-12-29 14:56:34', 'UNIDAS', '100.00', 172, 2, 4),
(412, '2022-12-07 14:58:24', 'UNIDAS', '100.00', 172, 2, 4),
(413, '2022-12-16 15:13:04', 'NXC9712', '40.00', 174, 1, 4),
(415, '2022-12-23 15:22:51', 'NXC9712', '40.00', 174, 1, 4),
(416, '2022-12-20 15:27:44', 'NXC9712', '40.00', 174, 1, 4),
(417, '2022-12-23 15:33:08', 'NXC9712', '40.00', 174, 1, 4),
(418, '2022-12-30 15:59:30', 'NXC9712', '40.00', 174, 2, 4),
(419, '2022-12-27 13:03:27', 'NXC9712', '40.00', 174, 1, 4),
(420, '2022-12-12 13:45:40', 'NXC9712', '40.00', 174, 1, 4),
(421, '2022-12-09 13:55:20', 'NXC9712', '40.00', 174, 1, 4),
(422, '2022-12-01 13:56:49', 'NXC9712', '40.00', 174, 1, 4),
(423, '2022-12-02 13:57:49', 'NXC9712', '30.00', 174, 1, 4),
(424, '2022-12-06 13:58:40', 'NXC9712', '40.00', 174, 1, 4),
(425, '2022-12-03 14:09:38', 'NXC9712', '40.00', 174, 1, 4),
(426, '2022-12-20 12:01:32', 'ACORDO', '40.00', 182, 1, 4),
(427, '2022-12-22 08:54:48', 'PSP3028', '40.00', 182, 1, 4),
(428, '2022-12-26 09:03:41', 'PSP3028', '40.00', 182, 1, 4),
(429, '2023-01-01 09:09:02', 'NMP1794', '30.00', 88, 1, 4),
(430, '2023-01-19 09:09:52', 'NMP1794', '40.00', 88, 1, 4),
(431, '2023-01-21 09:10:29', 'NMP1794', '50.00', 88, 1, 4),
(432, '2023-01-26 09:11:11', 'NMP1794', '30.00', 88, 1, 4),
(434, '2023-01-10 09:12:16', 'NMP1794', '40.00', 88, 1, 4),
(435, '2023-01-14 09:12:48', 'NMP1794', '40.00', 88, 1, 4),
(436, '2023-01-03 09:13:36', 'PST3492', '30.00', 83, 1, 4),
(437, '2023-01-25 09:14:12', 'PST3492', '40.00', 83, 1, 4),
(438, '2023-01-18 09:14:45', 'PST3492', '40.00', 83, 1, 4),
(440, '2022-12-29 09:19:02', 'NMP1794', '130.00', 88, 1, 4),
(441, '2022-12-27 10:20:42', 'PSP3028', '40.00', 182, 1, 4),
(443, '2022-12-19 11:29:38', 'PSP3028', '40.00', 182, 1, 4),
(444, '2022-12-14 11:30:06', 'PSP3028', '40.00', 182, 1, 4),
(445, '2022-12-13 11:31:37', 'NHK8075', '40.00', 182, 1, 4),
(446, '2022-12-10 11:36:10', 'PSP3028', '40.00', 182, 1, 4),
(447, '2022-12-08 13:39:30', 'PSP3028', '40.00', 182, 1, 4),
(448, '2022-12-01 13:41:18', 'PSP3028', '40.00', 182, 1, 4),
(449, '2022-12-05 13:48:36', 'PSY9127', '40.00', 158, 1, 4),
(450, '2023-01-06 14:07:53', 'PSY9127', '40.00', 158, 1, 4),
(451, '2023-01-12 14:13:53', 'PSY9127', '40.00', 158, 1, 4),
(452, '2022-01-19 14:19:47', 'PSY9127', '40.00', 158, 1, 4),
(453, '2023-01-31 14:22:45', 'PSY9127', '40.00', 158, 1, 4),
(454, '2023-01-03 14:53:16', 'NXC9712', '40.00', 174, 1, 4),
(455, '2023-01-06 15:05:14', 'NXC9712', '40.00', 174, 1, 4),
(456, '2023-01-10 15:07:55', 'NXC9712', '40.00', 174, 1, 4),
(457, '2023-01-13 15:14:44', 'NXC9712', '40.00', 174, 1, 4),
(458, '2023-01-17 15:20:47', 'NXC9712', '40.00', 174, 1, 4),
(459, '2023-01-19 15:36:23', 'NXC9712', '40.00', 174, 1, 4),
(460, '2023-01-19 15:36:23', 'NXC9712', '40.00', 174, 1, 4),
(461, '2023-01-20 15:45:35', 'NXC9712', '40.00', 174, 1, 4),
(462, '2023-01-21 15:49:19', 'NXC9712', '40.00', 174, 1, 4),
(463, '2023-01-24 15:54:39', 'NXC9712', '40.00', 174, 1, 4),
(464, '2023-01-27 16:00:12', 'NXC9712', '40.00', 174, 1, 4),
(465, '2023-01-31 16:21:37', 'NXC9712', '40.00', 174, 1, 4),
(466, '2023-01-03 16:26:50', 'OXZ1436', '210.00', 172, 6, 4),
(467, '2023-01-05 16:38:07', 'OXZ1436', '220.01', 172, 6, 4),
(468, '2023-01-05 11:04:17', 'OXZ1436', '200.00', 137, 6, 4),
(469, '2023-01-09 11:10:13', 'OXZ1436', '150.00', 137, 6, 4),
(470, '2023-01-11 11:18:40', 'OXZ1436', '197.03', 137, 6, 4),
(471, '2023-01-13 11:32:38', 'OXZ1436', '215.05', 137, 6, 4),
(472, '2023-01-20 11:33:32', 'OXZ1436', '280.01', 137, 6, 4),
(473, '2023-01-22 11:37:25', 'OXZ1436', '200.04', 172, 6, 4),
(474, '2023-01-24 11:47:27', 'OXZ1436', '290.03', 137, 6, 4),
(475, '2023-01-25 11:51:26', 'OXZ1436', '100.00', 172, 6, 4),
(476, '2023-01-26 11:52:18', 'OXZ1436', '420.01', 137, 6, 4),
(477, '2023-01-28 11:53:21', 'OXZ1436', '210.03', 137, 6, 4),
(478, '2023-01-28 11:53:21', 'OXZ1436', '210.03', 137, 6, 4),
(479, '2023-01-14 11:54:09', 'ROE9J35', '156.56', 172, 3, 4),
(480, '2023-01-18 13:15:10', 'ROE9J35', '200.00', 181, 3, 4),
(481, '2023-01-22 13:21:34', 'ROE9J35', '244.02', 137, 3, 4),
(482, '2023-01-30 13:36:13', 'ROE9J35', '383.02', 172, 3, 4),
(483, '2023-01-31 13:43:45', 'ROE9J35', '258.66', 137, 3, 4),
(484, '2023-01-06 14:08:19', 'OXS5114', '40.00', 136, 1, 4),
(485, '2023-01-12 14:15:14', 'OXS5114', '40.00', 136, 1, 4),
(486, '2023-01-23 13:13:21', 'OXS5114', '40.00', 136, 1, 4),
(487, '2023-01-31 13:39:04', 'OXS5114', '40.00', 136, 1, 4),
(488, '2023-01-27 13:50:59', 'OXS5114', '40.00', 136, 1, 4),
(489, '2023-01-17 13:56:46', 'OXS5114', '40.00', 136, 1, 4),
(490, '2023-01-20 13:57:40', 'OXS5114', '40.00', 136, 1, 4),
(491, '2023-01-06 14:15:30', 'OJG7B04', '40.00', 91, 1, 4),
(492, '2022-12-23 14:29:20', 'OJG7B04', '40.00', 91, 1, 4),
(493, '2022-12-30 14:37:27', 'OJG7B04', '40.00', 91, 1, 4),
(494, '2023-01-05 14:35:47', 'HPK9951', '40.00', 99, 1, 4),
(495, '2023-01-13 14:36:44', 'HPK9951', '40.00', 99, 1, 4),
(496, '2023-01-19 14:37:33', 'HPK9951', '40.00', 99, 1, 4),
(497, '2023-01-26 14:40:26', 'HPK9951', '40.00', 99, 1, 4),
(498, '2023-01-03 14:41:59', 'ACORDO', '50.00', 158, 1, 4),
(499, '2023-01-20 14:44:16', 'ACORDO', '50.00', 158, 1, 4),
(500, '2023-12-28 14:48:11', 'PSY9127', '40.00', 158, 1, 4),
(501, '2022-12-10 11:04:06', 'PSY9127', '40.00', 158, 1, 4),
(503, '2022-12-05 11:30:36', 'PSP3028', '40.00', 182, 1, 4),
(504, '2022-12-05 11:40:57', 'PSP3028', '40.00', 182, 1, 4),
(505, '2023-01-09 11:44:10', 'ACORDO', '50.00', 185, 1, 4),
(506, '2023-01-17 13:10:44', 'ACORDO', '50.00', 158, 1, 4),
(507, '2023-01-10 15:32:58', 'ACORDO', '40.00', 190, 1, 4),
(508, '2023-01-17 15:33:43', 'ACORDO', '20.00', 102, 1, 4),
(509, '2023-01-30 15:34:54', 'ACORDO', '50.00', 185, 1, 4),
(510, '2023-01-17 15:36:04', 'ACORDO', '20.00', 101, 1, 4),
(511, '2023-01-17 15:37:02', 'ACORDO', '20.00', 100, 1, 4),
(512, '2023-01-28 15:39:35', 'ACORDO', '40.00', 182, 1, 4),
(513, '2023-01-03 15:42:00', 'ACORDO', '40.00', 182, 1, 4),
(514, '2023-01-21 15:42:37', 'ACORDO', '50.00', 150, 1, 4),
(515, '2023-01-06 15:43:22', 'ACORDO', '50.00', 158, 1, 4),
(516, '2022-12-17 15:43:58', 'OXZ1436', '370.10', 137, 6, 4),
(517, '2022-12-22 15:46:18', 'OXZ1436', '200.00', 172, 6, 4),
(518, '2022-12-22 16:15:41', 'OXZ1436', '280.04', 137, 6, 4),
(519, '2022-12-31 14:13:37', 'OXZ1436', '400.34', 137, 6, 4),
(520, '2022-12-27 14:14:49', 'OXZ1436', '340.02', 137, 6, 4),
(521, '2022-12-29 14:16:05', 'OXZ1436', '250.04', 137, 6, 4),
(522, '2022-12-13 14:16:57', 'OXZ1436', '200.00', 137, 6, 4),
(523, '2022-12-09 14:17:48', 'OXZ1436', '300.11', 137, 6, 4),
(525, '2022-12-07 14:23:50', 'OXZ1436', '300.05', 137, 6, 4),
(526, '2022-12-02 14:25:23', 'OXZ1436', '280.04', 137, 6, 4),
(527, '2022-12-05 14:25:53', 'OXZ1436', '300.05', 137, 6, 4),
(528, '2022-12-01 14:26:47', 'OXZ1436', '200.00', 137, 6, 4),
(529, '2022-12-16 14:35:25', 'OWX8854', '80.00', 133, 2, 4),
(530, '2022-12-19 14:38:12', 'OWX8854', '80.00', 133, 2, 4),
(531, '2022-12-20 14:38:46', 'OWX8854', '80.00', 133, 2, 4),
(532, '2022-12-21 14:40:02', 'OWX8854', '80.00', 133, 2, 4),
(533, '2022-12-22 14:40:54', 'OWX8854', '80.00', 133, 2, 4),
(534, '2022-12-26 14:42:07', 'OWX8854', '80.00', 133, 2, 4),
(535, '2022-12-29 14:43:26', 'OWX8854', '100.00', 133, 2, 4),
(536, '2022-12-31 14:45:00', 'OWX8854', '150.00', 133, 2, 4),
(537, '2022-12-13 14:46:18', 'OWX8854', '80.00', 133, 2, 4),
(538, '2022-12-27 14:48:59', 'OWX8854', '80.00', 133, 2, 4),
(539, '2022-12-27 14:48:59', 'OWX8854', '80.00', 133, 2, 4),
(540, '2022-12-28 14:50:26', 'OWX8854', '80.00', 133, 2, 4),
(541, '2022-12-29 14:52:23', 'OWX8854', '100.00', 133, 2, 4),
(542, '2022-12-15 14:54:11', 'OWX8854', '80.00', 133, 2, 4),
(543, '2022-12-10 14:54:40', 'OWX8854', '100.00', 133, 2, 4),
(544, '2022-12-09 15:01:06', 'OWX8854', '80.00', 133, 2, 4),
(545, '2022-12-08 15:02:07', 'OWX8854', '80.00', 133, 2, 4),
(546, '2022-12-06 15:03:38', 'OWX8854', '80.00', 133, 2, 4),
(547, '2022-12-01 15:04:13', 'OWX8854', '80.00', 133, 2, 4),
(548, '2022-12-02 15:07:32', 'OWX8854', '100.00', 137, 2, 4),
(549, '2022-12-05 15:09:06', 'OWX8854', '80.00', 133, 2, 4),
(550, '2022-12-02 15:10:15', 'OWX8854', '80.00', 133, 2, 4),
(551, '2022-12-16 15:25:17', 'OXS5114', '40.00', 136, 1, 4),
(552, '2022-12-20 15:25:54', 'OXS5114', '40.00', 136, 1, 4),
(553, '2022-12-23 15:26:59', 'OXS5114', '40.00', 136, 1, 4),
(554, '2022-12-30 15:29:18', 'OXS5114', '40.00', 136, 1, 4),
(555, '2022-12-31 15:29:59', 'OXS5114', '40.00', 136, 1, 4),
(556, '2022-12-13 15:30:48', 'OXS5114', '40.00', 136, 1, 4),
(557, '2022-12-09 15:31:36', 'OXS5114', '40.00', 136, 1, 4),
(558, '2022-12-01 15:32:40', 'OXS5114', '40.00', 136, 1, 4),
(559, '2022-12-05 15:33:20', 'OXS5114', '40.00', 136, 1, 4),
(560, '2023-03-14 09:09:49', 'PUC1154', '70.00', 158, 2, 4),
(561, '2023-03-13 09:20:57', 'ROE9J35', '100.00', 172, 3, 4),
(562, '2023-03-22 09:20:59', 'CARRO TEO ', '70.00', 158, 2, 4),
(563, '2023-03-22 09:31:39', 'NXC6160', '30.00', 100, 1, 4),
(564, '2023-03-14 09:31:39', 'OJN2110', '60.00', 191, 2, 4),
(565, '2023-04-01 09:32:54', 'NXC9712', '40.00', 174, 1, 4),
(566, '2023-03-11 09:32:54', 'OWX8854', '60.00', 133, 2, 4),
(567, '2025-03-25 09:35:24', 'OWX8854', '70.00', 133, 2, 4),
(568, '2023-03-30 09:36:12', 'CARRO TEO ', '80.00', 158, 2, 4),
(569, '2023-03-30 09:40:16', 'ROE9J35', '150.00', 137, 3, 4),
(570, '2023-03-29 09:48:07', 'CARRO TEO ', '80.00', 158, 2, 4),
(571, '2023-03-01 09:52:16', 'PUC1154', '212.55', 172, 2, 4),
(572, '2023-03-11 09:34:22', 'OXS5114', '30.00', 136, 1, 4),
(573, '2023-03-31 09:57:54', 'SW4', '150.00', 181, 2, 4),
(574, '2023-03-21 10:01:27', 'ROE9J35', '250.00', 137, 3, 4),
(575, '2023-03-14 10:01:07', 'OWX8854', '20.00', 133, 2, 4),
(576, '2023-03-28 10:02:08', 'SW4', '150.00', 181, 2, 4),
(577, '2023-03-14 10:02:54', 'OXS5114', '20.00', 136, 1, 4),
(578, '2023-03-28 10:02:56', 'OXZ1436', '150.00', 172, 2, 4),
(579, '2023-03-16 10:04:04', 'OXS5114', '30.00', 136, 1, 4),
(580, '2023-03-15 10:04:52', 'OXS5114', '50.00', 133, 2, 4),
(581, '2023-03-27 10:04:43', 'PSY9127', '40.00', 192, 1, 4),
(582, '2023-03-17 10:06:44', 'OWX8854', '30.00', 133, 2, 4),
(583, '2023-03-28 10:07:30', 'NXC9712', '40.00', 174, 1, 4),
(584, '2023-03-21 10:09:41', 'NXH9839', '30.00', 98, 1, 4),
(585, '2023-03-29 10:11:21', 'PST3492', '30.00', 83, 1, 4),
(586, '2023-03-29 10:13:27', 'NXC9712', '40.00', 174, 1, 4),
(587, '2023-03-09 11:23:54', 'OXS5114', '30.00', 136, 1, 4),
(588, '2023-03-02 11:24:34', 'PSY9127', '20.00', 158, 1, 4),
(589, '2023-03-13 11:25:13', 'OWX8854', '50.00', 133, 2, 4),
(590, '2023-03-10 11:26:02', 'PSU2B13', '50.00', 185, 1, 4),
(591, '2023-03-01 11:27:09', 'PUC1154', '50.00', 150, 2, 4),
(592, '2023-03-01 11:27:59', 'OXS5114', '20.00', 136, 1, 4),
(593, '2023-02-28 11:29:24', 'PUC1154', '50.00', 150, 2, 4),
(594, '2023-02-28 11:31:01', 'OXS5114', '20.00', 136, 1, 4),
(595, '2023-02-28 11:31:28', 'OWX8854', '50.01', 133, 2, 4),
(596, '2023-02-28 11:32:04', 'OJN2110', '50.00', 191, 2, 4),
(597, '2023-03-06 11:35:06', 'OWX8854', '50.00', 133, 2, 4),
(598, '2023-03-06 11:36:20', 'OWX8854', '70.00', 133, 2, 4),
(599, '2023-03-03 11:36:57', 'CARRO TEO', '50.00', 158, 1, 4),
(600, '2023-03-02 11:39:22', 'OWX8854', '60.00', 133, 2, 4),
(601, '2023-03-01 11:40:15', 'PALIO', '60.03', 172, 2, 4),
(602, '2023-03-02 11:41:52', 'PALIO', '80.04', 172, 2, 4),
(603, '2023-03-08 11:48:26', 'OWX8854', '50.00', 133, 2, 4),
(604, '2023-03-29 10:14:15', 'OJN2110 ', '100.00', 191, 2, 4),
(605, '2023-03-02 11:49:12', 'OWX8854', '60.04', 133, 2, 4),
(606, '2023-03-06 11:51:46', 'OXS5114', '20.00', 136, 1, 4),
(607, '2023-03-30 11:57:40', 'PUC1154', '80.00', 193, 2, 4),
(608, '2023-03-30 11:59:04', 'HPK9951', '40.00', 99, 1, 4),
(609, '2023-03-30 12:00:20', 'OXZ1436', '150.00', 172, 6, 4),
(610, '2023-03-28 12:05:20', 'OWX8854', '80.00', 133, 2, 4),
(611, '0023-03-30 12:08:53', 'PSU2B13', '50.00', 185, 1, 4),
(612, '2023-03-29 12:09:48', 'OXZ1436', '300.04', 137, 6, 4),
(613, '2023-03-30 12:13:58', 'NHK8075', '40.00', 182, 1, 4),
(614, '2023-03-27 12:16:38', 'PTC5E65', '50.00', 101, 1, 4),
(615, '2023-03-29 12:17:55', 'CARRO TEO ', '80.00', 158, 2, 4),
(616, '2023-03-29 13:50:49', 'PSY9127', '40.00', 192, 1, 4),
(617, '2023-03-26 13:51:50', 'OXZ1436', '195.03', 137, 6, 4),
(618, '2023-03-23 13:53:25', 'OXZ1436', '350.01', 137, 6, 4),
(619, '2023-03-23 13:56:34', 'PST3492', '30.00', 83, 1, 4),
(620, '2023-03-23 14:03:17', 'HPK9951', '40.00', 99, 1, 4),
(621, '2023-03-29 14:04:11', 'PUC1154', '80.00', 193, 2, 4),
(622, '2023-03-24 14:04:58', 'OJN2110 ', '170.00', 191, 2, 4),
(623, '2023-03-23 14:05:56', 'ACORDO', '50.00', 133, 1, 4),
(624, '2023-03-24 14:08:36', 'OXS5114', '40.00', 136, 1, 4),
(625, '2023-03-23 14:10:27', 'NHK8075', '40.00', 182, 1, 4),
(626, '2023-03-24 14:12:25', 'ROE9J35', '150.00', 172, 3, 4),
(627, '2023-03-24 14:29:16', 'OJG7B04', '40.00', 91, 1, 4),
(628, '2023-03-25 14:31:38', 'NXC9712', '40.00', 174, 1, 4),
(629, '2023-03-20 14:32:39', 'PUC1154', '70.00', 192, 2, 4),
(630, '2023-03-23 14:34:39', 'SW4', '150.00', 181, 2, 4),
(631, '2023-03-23 14:36:30', 'OWX8854', '80.00', 133, 2, 4),
(632, '2023-03-23 14:39:11', 'CARRO TEO ', '80.00', 158, 2, 4),
(633, '2023-03-28 14:41:11', 'CARRO TEO ', '80.00', 193, 2, 4),
(634, '2023-03-27 14:58:13', 'OWX8854', '70.00', 133, 2, 4),
(635, '2023-03-28 14:59:34', 'OXS5114', '40.00', 136, 1, 4),
(636, '2023-03-18 15:00:26', 'OWX8854', '70.00', 133, 2, 4),
(637, '2023-03-18 15:01:46', 'OXZ1436', '100.00', 137, 6, 4),
(638, '2023-03-18 15:14:02', 'OXS5114', '40.00', 136, 1, 4),
(639, '2023-03-18 15:23:52', 'PSY9127', '40.00', 158, 1, 4),
(640, '2023-02-16 15:23:43', 'ACORDO', '50.00', 133, 1, 4),
(641, '2023-03-19 15:24:46', 'OJN2110 ', '100.00', 191, 2, 4),
(642, '2023-03-20 15:25:27', 'NHK8075', '40.00', 182, 1, 4),
(643, '2023-02-16 15:35:05', 'PSY9127', '40.00', 158, 1, 4),
(644, '2023-02-17 15:35:31', 'NWW7263', '30.00', 102, 1, 4),
(645, '2023-02-16 15:36:35', 'ACORDO', '50.00', 185, 1, 4),
(646, '2023-02-17 15:37:00', 'PUC1154', '80.00', 150, 2, 4),
(647, '2023-02-16 15:37:48', 'N IDENTIFICADO', '40.00', 181, 1, 4),
(648, '2023-02-16 15:39:43', 'NXC9712', '40.00', 174, 1, 4),
(649, '2023-02-16 15:40:19', 'OXS5114', '40.00', 136, 1, 4),
(650, '2023-02-16 15:40:55', 'PUC1154', '100.00', 133, 2, 4),
(651, '2023-02-16 15:41:43', 'LOURENÇO', '30.00', 136, 1, 4),
(652, '2023-02-16 15:43:44', 'OJG7B04', '40.00', 91, 1, 4),
(653, '2023-02-08 15:44:51', 'OJG7B04', '40.00', 91, 1, 4),
(654, '2023-03-20 15:45:42', 'PUC1154', '70.00', 133, 2, 4),
(656, '2023-03-02 15:46:36', 'HPK9951', '40.05', 99, 1, 4),
(658, '2023-02-27 15:47:32', 'NMP1471', '20.00', 88, 1, 4),
(659, '2023-03-21 15:48:21', 'PUC1154', '70.00', 158, 2, 4),
(660, '2023-03-17 15:48:30', 'NMP1471', '30.00', 88, 1, 4),
(661, '2023-03-21 15:49:00', 'NXC9712', '40.00', 174, 1, 4),
(662, '2023-03-21 15:49:00', 'NXC9712', '40.00', 174, 1, 4),
(663, '2023-03-21 15:51:09', 'SW4', '150.00', 181, 2, 4),
(664, '2023-03-20 15:53:09', 'OXZ1436', '200.00', 137, 6, 4),
(665, '2023-03-22 15:53:37', 'OXS5114', '40.00', 136, 1, 4),
(666, '2023-02-06 15:57:15', 'OXZ1436', '310.05', 137, 2, 4),
(667, '2023-03-21 15:54:51', 'PSY9127', '50.00', 158, 1, 4),
(668, '2023-02-04 15:58:16', 'OWX8854', '80.00', 133, 2, 4),
(669, '2023-03-21 15:58:23', 'PUC1154', '70.00', 133, 2, 4),
(670, '2023-02-15 15:58:56', 'PALIO', '100.00', 133, 2, 4),
(671, '2023-02-15 15:59:35', 'OWX8854', '232.94', 172, 2, 4),
(672, '2023-02-14 16:00:08', 'OXS5114', '40.00', 136, 1, 4),
(673, '2023-02-15 16:00:38', 'OWX8854', '100.00', 172, 2, 4),
(674, '2023-02-14 16:01:06', 'N IDENTIFICADO', '80.00', 181, 2, 4),
(675, '2023-02-14 16:02:05', 'PUC1154', '80.00', 150, 2, 4),
(676, '2023-02-14 16:03:01', 'PSP3028', '40.00', 182, 1, 4),
(677, '2023-02-13 16:03:38', 'PST3492', '30.00', 83, 1, 4),
(678, '2023-02-14 16:04:16', 'OWX8854', '80.00', 133, 2, 4),
(679, '2023-02-14 16:04:39', 'NXC9712', '40.00', 174, 1, 4),
(680, '2023-02-14 16:05:13', 'OXZ1436', '240.04', 137, 2, 4),
(681, '2023-02-13 16:05:51', 'NMP1471', '30.00', 88, 1, 4),
(682, '2023-02-13 16:16:26', 'FHG4E33', '150.00', 181, 2, 4),
(683, '2023-02-13 16:18:23', 'ACORDO', '50.00', 133, 1, 4),
(684, '2023-02-10 16:18:57', 'N IDENTIFICADO', '80.00', 181, 2, 4),
(685, '2023-02-03 16:20:35', 'OJG7B04', '40.00', 91, 1, 4),
(686, '2023-02-12 16:21:27', 'OXZ1436', '190.00', 137, 2, 4),
(687, '2023-02-12 16:22:04', 'OJN2110', '150.00', 191, 2, 4),
(688, '2023-02-10 16:22:50', 'N IDENTIFICADO', '40.00', 181, 1, 4),
(689, '2023-02-10 16:23:21', 'OXZ1436', '210.05', 137, 2, 4),
(690, '2023-02-08 16:23:51', 'OWX8854', '80.00', 133, 2, 4),
(691, '2023-02-09 16:24:17', 'PSY9127', '40.00', 158, 1, 4),
(692, '2023-02-09 16:24:52', 'PALIO', '80.00', 181, 2, 4),
(693, '2023-02-09 16:25:26', 'PUC1154', '80.00', 150, 2, 4),
(694, '2023-02-09 16:25:55', 'HPK9951', '40.00', 99, 1, 4),
(695, '2023-02-09 16:26:54', 'FHG4E33', '150.00', 181, 2, 4),
(696, '2023-02-09 16:27:22', 'OXZ1436', '200.00', 137, 2, 4),
(697, '2023-01-26 16:27:52', 'OJG7B04', '40.00', 91, 1, 4),
(698, '2023-02-09 16:28:36', 'NXC9712', '40.00', 174, 1, 4),
(699, '2023-02-06 16:29:10', 'OWX8854', '80.00', 133, 2, 4),
(700, '2023-02-08 16:30:11', 'PSP3028', '40.00', 182, 1, 4),
(701, '2023-02-07 16:30:45', 'NMP1471', '40.00', 88, 1, 4),
(702, '2023-02-07 16:32:12', 'PST3492', '30.00', 83, 1, 4),
(703, '2023-02-08 16:32:46', 'PUC1154', '80.00', 150, 2, 4),
(704, '2023-02-08 16:33:21', 'OXS5114', '40.00', 136, 1, 4),
(705, '2023-02-07 16:33:59', 'PSP3028', '30.00', 182, 1, 4),
(706, '2023-02-07 16:34:30', 'PUC1154', '80.00', 150, 2, 4),
(707, '2023-02-06 16:35:05', 'OXZ1436', '345.02', 137, 2, 4),
(708, '2023-02-07 16:35:44', 'NXC9712', '40.00', 174, 1, 4),
(709, '2023-02-06 16:36:27', 'FHG4E33', '150.00', 181, 2, 4),
(710, '2023-02-03 16:37:16', 'PSY9127', '40.00', 158, 1, 4),
(711, '2023-02-06 16:38:12', 'ROE9J35', '296.70', 137, 3, 4),
(712, '2023-02-24 16:38:56', 'PUC1154', '80.00', 150, 2, 4),
(713, '2023-02-03 16:39:28', 'ACORDO', '50.00', 150, 1, 4),
(714, '2023-02-03 16:40:21', 'ROE9J35', '310.05', 137, 3, 4),
(715, '2023-02-03 16:41:12', 'NXC9712', '40.00', 174, 1, 4),
(716, '2023-02-03 16:41:45', 'OXZ1436', '150.00', 172, 2, 4),
(717, '2023-02-02 16:42:16', 'ACORDO', '40.00', 133, 1, 4),
(718, '2023-02-03 16:42:45', 'PSY9127', '80.00', 158, 1, 4),
(719, '2023-02-03 16:43:09', 'OXS5114', '40.00', 136, 1, 4),
(720, '2023-02-03 16:43:51', 'OWX8854', '80.00', 150, 2, 4),
(721, '2023-02-02 16:44:19', 'PALIO', '80.00', 186, 2, 4),
(722, '2023-02-02 16:44:49', 'OJN2110', '200.00', 191, 2, 4),
(723, '2023-02-02 16:45:24', 'FHG4E33', '150.00', 181, 2, 4),
(724, '2023-02-02 16:45:58', 'NMP1471', '30.00', 88, 1, 4),
(725, '2023-02-02 16:46:31', 'HPK9951', '40.00', 99, 1, 4),
(726, '2023-02-01 16:48:47', 'PSY9127', '80.00', 158, 1, 4),
(727, '2023-02-02 16:49:12', 'PUC1154', '80.00', 150, 2, 4),
(728, '2023-02-01 16:51:12', 'NXH9839', '30.00', 98, 1, 4),
(729, '2023-01-31 08:29:59', 'PST3492', '30.00', 83, 1, 4),
(730, '2023-02-01 08:32:47', 'OWX8854', '80.00', 172, 2, 4),
(731, '2023-02-01 08:34:04', 'PUC1154', '80.00', 150, 2, 4),
(732, '2023-01-31 08:34:44', 'PSP3028', '40.00', 182, 1, 4),
(733, '2023-01-17 08:35:31', 'OJG7B04', '40.00', 91, 1, 4),
(734, '2023-02-22 14:14:08', 'OJN2110', '100.00', 191, 2, 4),
(735, '2023-03-29 14:14:30', '', '25.00', 103, 1, 4),
(736, '2023-03-27 14:15:07', '', '25.00', 103, 1, 4),
(737, '2023-03-30 11:30:38', 'OWX8854', '80.00', 133, 2, 4),
(738, '2023-04-15 11:32:17', 'PSP3028', '40.00', 182, 1, 4),
(739, '2023-04-15 11:33:48', 'CARRO TEO ', '80.00', 193, 2, 4),
(740, '2023-04-15 11:34:34', 'OWX8854', '80.00', 133, 2, 4),
(741, '2023-04-15 11:35:18', '', '40.00', 181, 1, 4),
(742, '2023-04-15 11:38:38', 'HPK9951', '40.00', 99, 1, 4),
(743, '2023-04-14 11:42:25', 'OJG7B04', '40.00', 91, 1, 4),
(744, '2023-04-14 11:44:15', 'OWX8854', '80.00', 133, 2, 4),
(745, '2023-04-14 11:45:13', 'OXZ1436', '280.03', 172, 6, 4),
(746, '2023-04-14 11:49:09', 'CARRO TEO ', '80.00', 181, 2, 4),
(747, '2023-04-13 11:55:34', 'OXZ1436', '215.04', 172, 6, 4),
(748, '2023-04-13 12:00:07', 'PSY9127', '80.00', 158, 1, 4),
(749, '2023-04-13 12:07:06', 'OXS5114', '40.00', 136, 1, 4),
(750, '2023-04-13 12:13:26', 'NXC9712', '40.00', 174, 1, 4),
(751, '2023-04-13 12:13:55', 'CARRO TEO ', '80.00', 193, 2, 4),
(752, '2023-04-12 12:16:03', 'SW4', '150.00', 181, 2, 4),
(753, '2023-04-11 12:19:01', 'PSY9127', '50.00', 158, 1, 4),
(754, '2023-04-12 12:20:02', 'PUC1154', '80.00', 193, 2, 4),
(756, '2023-04-12 12:33:07', 'RVO0H49', '40.00', 172, 2, 4),
(757, '2023-04-11 12:42:55', 'NXN7697', '40.00', 132, 1, 4),
(758, '2023-04-12 13:54:03', 'PSY9127', '40.00', 192, 1, 4),
(759, '2023-04-14 13:55:17', 'RVO0H49', '80.00', 181, 2, 4),
(760, '2023-04-12 13:58:40', 'PST3492', '30.00', 83, 1, 4),
(762, '2023-04-11 14:02:19', 'OXZ1436', '200.02', 137, 6, 4),
(763, '2023-04-11 14:18:57', 'PUC1154', '80.00', 193, 2, 4),
(764, '2023-04-11 14:24:47', 'PUC1154', '50.00', 193, 2, 4),
(765, '2023-04-10 14:25:28', 'OJN2110 ', '150.00', 191, 2, 4),
(766, '2023-04-10 14:30:46', 'PUC1154', '80.00', 193, 2, 4),
(768, '2023-04-10 14:34:51', 'PSY9127', '50.00', 133, 1, 4),
(769, '2023-04-11 14:55:08', 'CARRO TEO ', '80.00', 158, 2, 4),
(770, '2023-04-12 14:55:58', 'CARRO TEO ', '80.00', 158, 2, 4),
(771, '2023-04-05 14:57:01', 'CARRO TEO ', '80.00', 158, 2, 4),
(772, '2023-04-10 15:03:38', 'NXC9712', '40.00', 174, 1, 4),
(773, '2023-04-10 15:10:14', 'PSY9127', '40.00', 192, 1, 4),
(774, '2023-04-10 15:15:26', 'PSP3028', '40.00', 182, 1, 4),
(775, '2023-03-08 15:15:59', 'OXZ1436', '272.03', 137, 6, 4),
(776, '2023-04-05 15:28:35', 'OJG7B04', '40.00', 91, 1, 4);

-- --------------------------------------------------------

--
-- Estrutura da tabela `controlenvio`
--

CREATE TABLE `controlenvio` (
  `id` int(11) NOT NULL,
  `data` timestamp NULL DEFAULT NULL,
  `coleta` timestamp NULL DEFAULT NULL,
  `notafiscal` varchar(225) DEFAULT NULL,
  `serie` varchar(45) DEFAULT NULL,
  `consultora` varchar(45) DEFAULT NULL,
  `status` varchar(45) DEFAULT NULL,
  `notafiscal_id` int(11) NOT NULL,
  `ocorrencias_id` int(11) NOT NULL,
  `destinatario_id` int(11) NOT NULL,
  `entregadores_id` int(11) NOT NULL
) ENGINE=InnoDB DEFAULT CHARSET=utf8mb4;

--
-- Extraindo dados da tabela `controlenvio`
--

INSERT INTO `controlenvio` (`id`, `data`, `coleta`, `notafiscal`, `serie`, `consultora`, `status`, `notafiscal_id`, `ocorrencias_id`, `destinatario_id`, `entregadores_id`) VALUES
(245, '2023-08-03 21:57:48', NULL, '529461', '1', 'Jesuina De Lurdes Broglio Galleote', '1', 317, 29, 297, 195),
(246, '2023-08-03 21:57:48', NULL, '371034', '1', 'Pedro Pereira Carneiro Filho', '1', 318, 29, 298, 195),
(247, '2023-08-03 22:20:49', NULL, '384141', '1', 'Dilane Rosa De Freitas', '1', 319, 29, 299, 195),
(248, '2023-08-03 22:20:49', NULL, '384142', '1', 'Telma Maria Ferreira', '1', 320, 29, 300, 195),
(249, '2023-08-03 22:20:49', NULL, '384143', '1', 'Aldeide Correa Sousa', '1', 321, 29, 301, 195),
(250, '2023-08-03 22:20:49', NULL, '384144', '1', 'Jorge Fernando Serra Gomes', '1', 322, 29, 302, 195),
(251, '2023-08-03 22:20:49', NULL, '384145', '1', 'Maria Ribamar Soares Freire', '1', 323, 29, 303, 195),
(252, '2023-08-03 22:20:49', NULL, '384146', '1', 'Raylanne De Jesus Da Conceicao', '1', 324, 29, 304, 195),
(253, '2023-08-03 22:20:49', NULL, '384150', '1', 'Maria Lidia Moreira', '1', 325, 29, 305, 195),
(254, '2023-08-03 22:20:49', NULL, '384151', '1', 'Balbina  Martins Ribeiro', '1', 326, 29, 306, 195),
(255, '2023-08-03 22:20:49', NULL, '384152', '1', 'Maria De Fatima Pereira Ferreira', '1', 327, 29, 307, 195),
(256, '2023-08-03 22:20:49', NULL, '384153', '1', 'Francisco Jose Do Nascimento Junior', '1', 328, 29, 308, 195),
(257, '2023-08-03 22:20:49', NULL, '384154', '1', 'Roseane Carvalho Mota Cabral', '1', 329, 29, 309, 195),
(258, '2023-08-03 22:20:49', NULL, '384155', '1', 'Claudete Barbosa Viana', '1', 330, 29, 310, 195),
(259, '2023-08-03 22:20:49', NULL, '384158', '1', 'Maria Nazare Mendes Vieira', '1', 331, 29, 311, 195),
(260, '2023-08-03 22:20:49', NULL, '384159', '1', 'Ivonete Severa Matias', '1', 332, 29, 312, 195),
(261, '2023-08-03 22:20:49', NULL, '384161', '1', 'Maria Jose Constantino Souza', '1', 333, 29, 313, 195),
(262, '2023-08-03 22:20:49', NULL, '384162', '1', 'Denyse Rafaelly Pestana Caldas Dos Santos', '1', 334, 29, 314, 195),
(263, '2023-08-03 22:20:49', NULL, '384163', '1', 'Mirian Mendes Do Nascimento', '1', 335, 29, 315, 195),
(264, '2023-08-03 22:20:49', NULL, '384164', '1', 'Aldylange Oliveira Diniz', '1', 336, 29, 316, 195),
(265, '2023-08-03 22:20:49', NULL, '384165', '1', 'Ildener Sousa Silva', '1', 337, 29, 317, 195),
(266, '2023-08-03 22:20:49', NULL, '384166', '1', 'Jucileide De Jesus Ferreira Mendonca', '1', 338, 29, 318, 195),
(267, '2023-08-03 22:20:49', NULL, '384167', '1', 'Paulo Ricardo Fonseca Diniz', '1', 339, 29, 319, 195),
(268, '2023-08-03 22:20:49', NULL, '384168', '1', 'Raimunda Silva Da Conceicao', '1', 340, 29, 320, 195),
(269, '2023-08-03 22:20:49', NULL, '384169', '1', 'Rosineia Silva Lessa', '1', 341, 29, 321, 195),
(270, '2023-08-03 22:20:49', NULL, '384171', '1', 'Natalia Cristina Matos Silva', '1', 342, 29, 322, 195),
(271, '2023-08-03 22:20:49', NULL, '384172', '1', 'Odilia Pereira Do Carmo', '1', 343, 29, 323, 195),
(272, '2023-08-03 22:20:49', NULL, '384173', '1', 'Maria De Fatima Pereira Tavares', '1', 344, 29, 324, 195),
(273, '2023-08-03 22:20:49', NULL, '384174', '1', 'Raimunda Martilene Da Conceicao De Almeida', '1', 345, 29, 325, 195),
(274, '2023-08-03 22:20:49', NULL, '384175', '1', 'Rita Maria Ramos De Souza', '1', 346, 29, 326, 195),
(275, '2023-08-03 22:20:49', NULL, '384178', '1', 'Marcio Rocha Costa', '1', 347, 29, 327, 195),
(276, '2023-08-03 22:20:49', NULL, '384180', '1', 'Rosemary Alves', '1', 348, 29, 328, 195),
(277, '2023-08-03 22:20:49', NULL, '384182', '1', 'Egnaldo Nicacio Rocha', '1', 349, 29, 329, 195),
(278, '2023-08-03 22:20:49', NULL, '384183', '1', 'Maria Clotilde Feitosa Santos', '1', 350, 29, 330, 195),
(279, '2023-08-03 22:22:07', NULL, '384266', '1', 'Ana Claudia Pinheiro Viveiros Melo', '1', 351, 29, 331, 195),
(280, '2023-08-03 22:22:07', NULL, '384273', '1', 'Maria Elisabete Sousa Silva Correia', '1', 352, 29, 332, 195),
(281, '2023-08-03 22:22:07', NULL, '384313', '1', 'Meiridalva Lima Santos', '1', 353, 29, 333, 195),
(282, '2023-08-03 22:22:07', NULL, '384328', '1', 'Narlon Lopes Soares', '1', 354, 29, 334, 195),
(283, '2023-08-03 22:22:07', NULL, '384329', '1', 'Raimunda Dos Reis Doria Campos', '1', 355, 29, 335, 195),
(284, '2023-08-03 22:22:07', NULL, '384330', '1', 'Sebastiana De Mesquita Botentuit', '1', 356, 29, 336, 195),
(285, '2023-08-03 22:22:07', NULL, '384331', '1', 'Regilene Azevedo De Sousa', '1', 357, 29, 337, 195),
(286, '2023-08-03 22:22:07', NULL, '384332', '1', 'Maria De Jesus Pires Moreno Mendes', '1', 358, 29, 338, 195),
(287, '2023-08-03 22:22:07', NULL, '384333', '1', 'Angelica Almeida Machado', '1', 359, 29, 339, 195),
(288, '2023-08-03 22:22:07', NULL, '384334', '1', 'Marinilde Ferreira Bata', '1', 360, 29, 340, 195),
(289, '2023-08-03 22:22:07', NULL, '384335', '1', 'Marines Martins', '1', 361, 29, 341, 195),
(290, '2023-08-03 22:22:07', NULL, '384336', '1', 'Leandro Jose Ferreira Alves', '1', 362, 29, 342, 195),
(291, '2023-08-03 22:22:07', NULL, '384338', '1', 'Claudemir Da Conceicao Santos', '1', 363, 29, 343, 195),
(292, '2023-08-03 22:22:07', NULL, '384339', '1', 'Miguelina De Jesus Freire Rodrigues', '1', 364, 29, 344, 195),
(293, '2023-08-03 22:22:07', NULL, '384340', '1', 'Luciene Do Nascimento Dos Santos', '1', 365, 29, 345, 195),
(294, '2023-08-03 22:22:07', NULL, '384341', '1', 'Darlene Bastos Ferreira', '1', 366, 29, 346, 195),
(295, '2023-08-03 22:22:07', NULL, '384342', '1', 'Gracilene Pereira Da Silva', '1', 367, 29, 347, 195),
(296, '2023-08-03 22:22:07', NULL, '384343', '1', 'Isterlita Sousa Pereira', '1', 368, 29, 348, 195),
(297, '2023-08-03 22:22:07', NULL, '384344', '1', 'Maria De Lurdes Sa Mendonca', '1', 369, 29, 349, 195),
(298, '2023-08-03 22:22:07', NULL, '384345', '1', 'Ezivalda Do Carmo Machado', '1', 370, 29, 350, 195),
(299, '2023-08-03 22:22:07', NULL, '384346', '1', 'Ana Lucia Rolim Mendes', '1', 371, 29, 351, 195),
(300, '2023-08-03 22:22:07', NULL, '384347', '1', 'Maria Da Conceicao Rocha Dutra', '1', 372, 29, 352, 195),
(301, '2023-08-03 22:22:07', NULL, '384349', '1', 'Maria Medianeira De Sousa', '1', 373, 29, 353, 195),
(302, '2023-08-03 22:22:07', NULL, '384351', '1', 'Maria Do Socorro Conceicao Gomes', '1', 374, 29, 354, 195),
(303, '2023-08-03 22:22:07', NULL, '384352', '1', 'Reginilde Goncalves De Araujo', '1', 375, 29, 355, 195),
(304, '2023-08-03 22:22:07', NULL, '384354', '1', 'Francilene Carneiro Malheiros', '1', 376, 29, 356, 195),
(305, '2023-08-03 22:22:07', NULL, '384355', '1', 'Joselia Regina De Andrade Aragao', '1', 377, 29, 357, 195),
(306, '2023-08-03 22:22:07', NULL, '384356', '1', 'Maraiza Kelly Da Silva', '1', 378, 29, 358, 195),
(307, '2023-08-03 22:22:07', NULL, '384357', '1', 'Maria Valdina Ramos Da Silva', '1', 379, 29, 359, 195),
(308, '2023-08-03 22:22:07', NULL, '384358', '1', 'Neusa Divina Cruz Gomes', '1', 380, 29, 360, 195),
(309, '2023-08-03 22:22:07', NULL, '384359', '1', 'Maria Do Amparo Silva Coelho', '1', 381, 29, 361, 195),
(310, '2023-08-03 22:22:07', NULL, '384360', '1', 'Ana Dalva Vaz Gomes', '1', 382, 29, 362, 195),
(311, '2023-08-03 22:22:07', NULL, '384361', '1', 'Matheus De Sousa Marinho', '1', 383, 29, 363, 195),
(312, '2023-08-03 22:22:07', NULL, '384367', '1', 'Maria Do Rosario Sa', '1', 384, 29, 364, 195),
(313, '2023-08-03 22:22:07', NULL, '384368', '1', 'Francisca Dos Santos Silva', '1', 385, 29, 365, 195),
(314, '2023-08-03 22:22:07', NULL, '384370', '1', 'Deusiane Sousa Camara', '1', 386, 29, 366, 195),
(315, '2023-08-03 22:22:07', NULL, '384372', '1', 'Rosiane De Paula De Jesus Santos', '1', 387, 29, 367, 195),
(316, '2023-08-03 22:22:07', NULL, '384373', '1', 'Girlene Reis Da Silva Serra', '1', 388, 29, 368, 195),
(317, '2023-08-03 22:22:07', NULL, '384374', '1', 'Tatiany Santos Saminez', '1', 389, 29, 369, 195),
(318, '2023-08-03 22:22:07', NULL, '384376', '1', 'Matheus De Jesus Alves Braga', '1', 390, 29, 370, 195),
(319, '2023-08-03 22:22:07', NULL, '384377', '1', 'Raimunda Maria Texeira Ribeiro', '1', 391, 29, 371, 195),
(320, '2023-08-03 22:22:07', NULL, '384378', '1', 'Maria Aparecida Carvalho Araujo', '1', 392, 29, 372, 195),
(321, '2023-08-03 22:22:07', NULL, '384381', '1', 'Geneci Lima Pires', '1', 393, 29, 373, 195),
(322, '2023-08-03 22:22:07', NULL, '384382', '1', 'Clecia Negreiro Silva', '1', 394, 29, 374, 195),
(323, '2023-08-03 22:22:07', NULL, '384386', '1', 'Maria Jose Pires Dos Anjos', '1', 395, 29, 375, 195),
(324, '2023-08-03 22:22:07', NULL, '384389', '1', 'Maria Antonia Pinheiro Ribeiro', '1', 396, 29, 376, 195),
(325, '2023-08-03 22:22:07', NULL, '384390', '1', 'Maria Da Conceicao Viana Lourencio', '1', 397, 29, 377, 195),
(326, '2023-08-03 22:22:07', NULL, '384391', '1', 'Leide Patricia Alves Da Silva', '1', 398, 29, 378, 195),
(327, '2023-08-03 22:22:07', NULL, '384393', '1', 'Luzinete Negreiro Soares', '1', 399, 29, 379, 195),
(328, '2023-08-03 22:22:07', NULL, '384394', '1', 'Valdean Correa Santos', '1', 400, 29, 380, 195),
(329, '2023-08-03 22:22:07', NULL, '384396', '1', 'Antonia Da Silva Santos', '1', 401, 29, 381, 195),
(330, '2023-08-03 22:22:07', NULL, '384397', '1', 'Maria Sandra Sousa Nascimento  Nascimento', '1', 402, 29, 382, 195),
(331, '2023-08-03 22:22:07', NULL, '384399', '1', 'Maria Do Rosario Barbosa', '1', 403, 29, 383, 195),
(332, '2023-08-03 22:22:07', NULL, '384402', '1', 'Claudia Silva De Sousa', '1', 404, 29, 384, 195),
(333, '2023-08-03 22:22:07', NULL, '384403', '1', 'Flor De Maria Ribeiro Moraes', '1', 405, 29, 385, 195),
(334, '2023-08-03 22:22:07', NULL, '384405', '1', 'Marcio Rocha Costa', '1', 406, 29, 327, 195),
(335, '2023-08-03 22:22:07', NULL, '384406', '1', 'Vanda Clara Neres Amorim', '1', 407, 29, 386, 195),
(336, '2023-08-03 22:22:07', NULL, '384410', '1', 'Miguel Angel Anibarro Moscoso', '1', 408, 29, 387, 195),
(337, '2023-08-03 22:22:07', NULL, '384411', '1', 'Edileusa Stefanny Ferreira Silva', '1', 409, 29, 388, 195),
(338, '2023-08-03 22:22:07', NULL, '384412', '1', 'Edna Selma De Azevedo Garcia', '1', 410, 29, 389, 195),
(339, '2023-08-03 22:22:07', NULL, '384413', '1', 'Norma Dos Santos Guimaraes', '1', 411, 29, 390, 195),
(340, '2023-08-03 22:22:07', NULL, '384414', '1', 'Gizeli Barros', '1', 412, 29, 391, 195),
(341, '2023-08-03 22:22:07', NULL, '384417', '1', 'Georgia Da Luz Castro Goncalves', '1', 413, 29, 392, 195),
(342, '2023-08-03 22:22:07', NULL, '384418', '1', 'Jesusleide Campos Bandeira', '1', 414, 29, 393, 195),
(343, '2023-08-03 22:22:07', NULL, '384419', '1', 'Genierli De Souza De Oliveira', '1', 415, 29, 394, 195),
(344, '2023-08-03 22:22:07', NULL, '384421', '1', 'Joelma Maria Costa Serra Da Silva', '1', 416, 29, 395, 195),
(345, '2023-08-03 22:22:07', NULL, '384422', '1', 'Silvia Regina Lima Gomes  Ramos', '1', 417, 29, 396, 195),
(346, '2023-08-03 22:22:07', NULL, '384423', '1', 'Manoel Batista Gadelha Dos Santos', '1', 418, 29, 397, 195),
(347, '2023-08-03 22:22:07', NULL, '384424', '1', 'Lucilene Da Silva Cintra', '1', 419, 29, 398, 195),
(348, '2023-08-03 22:22:07', NULL, '384426', '1', 'Maria Albetiza Araujo Pinto Sousa', '1', 420, 29, 399, 195),
(349, '2023-08-03 22:22:07', NULL, '384429', '1', 'Leonice Francisca Pinheiro Aguiar', '1', 421, 29, 400, 195),
(350, '2023-08-03 22:22:07', NULL, '384431', '1', 'Clara Da Silva Rodrigues', '1', 422, 29, 401, 195),
(351, '2023-08-03 22:22:07', NULL, '384432', '1', 'Elizabeth Gomes Santos', '1', 423, 29, 402, 195),
(352, '2023-08-03 22:22:07', NULL, '384433', '1', 'Maria Romana Sa Lima', '1', 424, 29, 403, 195),
(353, '2023-08-03 22:22:07', NULL, '384435', '1', 'Magnolia Aguiar Vaz', '1', 425, 29, 404, 195),
(354, '2023-08-03 22:22:07', NULL, '384437', '1', 'Selvina Lisboa Santos', '1', 426, 29, 405, 195),
(355, '2023-08-03 22:22:07', NULL, '384438', '1', 'Maria Da Conceicao Garcia Viana', '1', 427, 29, 406, 195),
(356, '2023-08-03 22:22:07', NULL, '384439', '1', 'Ana Cleide Soares Martins', '1', 428, 29, 407, 195),
(357, '2023-08-03 22:22:07', NULL, '384441', '1', 'Maria Do Rosario Silva Araujo', '1', 429, 29, 408, 195),
(358, '2023-08-03 22:22:07', NULL, '384442', '1', 'Maria Do Nascimento Da Silva Viana', '1', 430, 29, 409, 195),
(359, '2023-08-03 22:22:07', NULL, '384443', '1', 'Fabiana De Jesus Nascimento Lindoso', '1', 431, 29, 410, 195),
(360, '2023-08-03 22:22:07', NULL, '384444', '1', 'Neilson Viana Da Silva', '1', 432, 29, 411, 195),
(361, '2023-08-03 22:22:07', NULL, '384445', '1', 'Carmem Maria Lago Goncalves', '1', 433, 29, 412, 195),
(362, '2023-08-03 22:22:07', NULL, '384446', '1', 'Teresa Maria Freitas Assen', '1', 434, 29, 413, 195),
(363, '2023-08-03 22:22:07', NULL, '384451', '1', 'Alex Sandra De Fatima Mendes Da Silva', '1', 435, 29, 414, 195),
(364, '2023-08-03 22:22:07', NULL, '384454', '1', 'Marineide Serra Costa', '1', 436, 29, 415, 195),
(365, '2023-08-03 22:22:07', NULL, '384455', '1', 'Genesia Sousa De Carvalho Belfort', '1', 437, 29, 416, 195),
(366, '2023-08-03 22:22:07', NULL, '384456', '1', 'Maria Jose Silva', '1', 438, 29, 417, 195),
(367, '2023-08-03 22:22:07', NULL, '384458', '1', 'Nilson Fernandes Batalha', '1', 439, 29, 418, 195),
(368, '2023-08-03 22:22:07', NULL, '384459', '1', 'Ivan Santos Castro Junior', '1', 440, 29, 419, 195),
(369, '2023-08-03 22:22:07', NULL, '384460', '1', 'Fernanda Cristina Araujo Cunha', '1', 441, 29, 420, 195),
(370, '2023-08-03 22:22:07', NULL, '384462', '1', 'Weberth De Carvalho Santos', '1', 442, 29, 421, 195),
(371, '2023-08-03 22:22:07', NULL, '384463', '1', 'Raimundo Nonato Martins Da Silva', '1', 443, 29, 422, 195),
(372, '2023-08-03 22:22:07', NULL, '384465', '1', 'Marineide Azevedo Rodrigues', '1', 444, 29, 423, 195),
(373, '2023-08-03 22:22:07', NULL, '384466', '1', 'Raymunda Do Lago Teixeira', '1', 445, 29, 424, 195),
(374, '2023-08-03 22:22:07', NULL, '384468', '1', 'Joana Dagmar Pereira', '1', 446, 29, 425, 195),
(375, '2023-08-03 22:22:07', NULL, '384469', '1', 'Thalia De Jesus Alves Do Nascimento', '1', 447, 29, 426, 195),
(376, '2023-08-03 22:22:07', NULL, '384470', '1', 'Helsimeire De Jesus Silva Souza', '1', 448, 29, 427, 195),
(377, '2023-08-03 22:22:07', NULL, '384472', '1', 'Bernardo De Jesus  Vieira Sena', '1', 449, 29, 428, 195),
(378, '2023-08-03 22:22:07', NULL, '384473', '1', 'Silvelene Salares Gomes Oliveira', '1', 450, 29, 429, 195),
(379, '2023-08-03 22:22:07', NULL, '384478', '1', 'Lucilene Goncalves Dias', '1', 451, 29, 430, 195);

-- --------------------------------------------------------

--
-- Estrutura da tabela `destinatario`
--

CREATE TABLE `destinatario` (
  `id` int(11) NOT NULL,
  `cpf` varchar(45) DEFAULT NULL,
  `nome` varchar(225) DEFAULT NULL,
  `logradouro` varchar(225) DEFAULT NULL,
  `numero` varchar(45) DEFAULT NULL,
  `bairro` varchar(255) DEFAULT NULL,
  `municipio` varchar(255) DEFAULT NULL,
  `uf` varchar(45) DEFAULT NULL,
  `cep` varchar(45) DEFAULT NULL,
  `pais` varchar(45) DEFAULT NULL,
  `telefone` varchar(45) DEFAULT NULL,
  `email` varchar(45) DEFAULT NULL,
  `notafiscal_id` int(11) NOT NULL,
  `complemento` varchar(45) DEFAULT NULL,
  `telefone2` varchar(45) DEFAULT NULL,
  `flag` int(11) DEFAULT NULL
) ENGINE=InnoDB DEFAULT CHARSET=utf8mb4;

--
-- Extraindo dados da tabela `destinatario`
--

INSERT INTO `destinatario` (`id`, `cpf`, `nome`, `logradouro`, `numero`, `bairro`, `municipio`, `uf`, `cep`, `pais`, `telefone`, `email`, `notafiscal_id`, `complemento`, `telefone2`, `flag`) VALUES
(297, '04364731862', 'Jesuina De Lurdes Broglio Galleote', 'Rua 03 Qd. 05 Casa 36', '119', 'Cohatrac IV', 'Jundiai', 'SP', '65054530', 'Brasil', '98991581962', 'lu.broglio@hotmail.com', 317, 'COND. GRAN VILAGE BRASIL 3', '98991581962', 1),
(298, '66388740391', 'Pedro Pereira Carneiro Filho', 'Rua Rua 3', '363', 'Nova Colina', 'Carolina', 'MA', '65980000', 'Brasil', '9991606084', 'pedrocarneito15@gmail.com', 318, NULL, NULL, NULL),
(299, '71476644349', 'Dilane Rosa De Freitas', 'Rua Rua Dos Professores', '18', 'Cohafuma', 'Sao Luis', 'MA', '65078300', 'Brasil', '9899130391', 'drfreitas75@gmail.com', 319, NULL, NULL, NULL),
(300, '25332678304', 'Telma Maria Ferreira', '2a Travessa Bom Jesus', '18', 'Vila Embratel', 'Sao Luis', 'MA', '65081423', 'Brasil', '9832288418', 'telmamaferreira@hotmail.com', 320, NULL, NULL, NULL),
(301, '76284077300', 'Aldeide Correa Sousa', 'Rua Rua Nova Aurora', '299', 'Aurora', 'Sao Luis', 'MA', '65060400', 'Brasil', '98988445118', 'aldeidesousa1293@gmail.com', 321, NULL, NULL, NULL),
(302, '61973240327', 'Jorge Fernando Serra Gomes', 'Rua 7 Quadra 8 Lote 22', '1 A', 'Nova Aurora', 'Sao Jose de Ribamar', 'MA', '65110000', 'Brasil', '9885107805', 'zktmjorge15@gmail.com', 322, NULL, NULL, NULL),
(303, '45943451315', 'Maria Ribamar Soares Freire', 'Rua Quatro', '47', 'Cohatrac Iv', 'Sao Luis', 'MA', '65054630', 'Brasil', '9898844387', 'mariaribamarsoaresfreire@gmail.com', 323, NULL, NULL, NULL),
(304, '61744064318', 'Raylanne De Jesus Da Conceicao', 'Rua Coronel Riod', '23', 'Vila Riod', 'Sao Luis', 'MA', '65058341', 'Brasil', '9882811756', 'raylannemoraes20@gmail.com', 324, NULL, NULL, NULL),
(305, '62605275353', 'Maria Lidia Moreira', 'Rua Treze', '13', 'Cohatrac Iii', 'Sao Luis', 'MA', '65054700', 'Brasil', '9884167761', 'mlidiamoreira@outlook.com', 325, NULL, NULL, NULL),
(306, '25085719387', 'Balbina  Martins Ribeiro', 'Acerolas', '140', 'Vila Apaco', 'Sao Luis', 'MA', '65058667', 'Brasil', '98988319484', 'camara225@gmail.com', 326, NULL, NULL, NULL),
(307, '77251598353', 'Maria De Fatima Pereira Ferreira', 'Topazio', '51', 'Residencial Paraiso', 'Sao Luis', 'MA', '65081717', 'Brasil', '98999113487', 'scheilacasabranca72@gmail.com', 327, NULL, NULL, NULL),
(308, '02050270321', 'Francisco Jose Do Nascimento Junior', 'Rua Clarinda Ferreira', '02', 'Sa Viana', 'Sao Luis', 'MA', '65080080', 'Brasil', '9887059887', 'juniornasc2017@gmail.com', 328, NULL, NULL, NULL),
(309, '33201579300', 'Roseane Carvalho Mota Cabral', 'Via Local Cento E Dezoito', '18', 'Parque Vitoria', 'Sao Luis', 'MA', '65068746', 'Brasil', '9881696775', 'anny_rcm@hotmail.com', 329, NULL, NULL, NULL),
(310, '14636891368', 'Claudete Barbosa Viana', 'Doze', '0', 'Cohajap', 'Sao Luis', 'MA', '65072630', 'Brasil', '9888085066', 'claudetheviana@hotmail.com', 330, NULL, NULL, NULL),
(311, '00398757259', 'Maria Nazare Mendes Vieira', 'Rua 01', '09', 'Residencial Novo Paco', 'Paco do Lumiar', 'MA', '65130000', 'Brasil', '9891419560', 'Nazaremendes6548@gmail.com', 331, NULL, NULL, NULL),
(312, '77882431320', 'Ivonete Severa Matias', 'Avmoises Cotrim', '10', 'Calhau', 'Sao Luis', 'MA', '65071411', 'Brasil', '9887514202', 'Ivonete04ma@gmail.com', 332, NULL, NULL, NULL),
(313, '02071914333', 'Maria Jose Constantino Souza', 'Rua Rua Santa Luzia', '02', 'Maioba -trizidela', 'Sao Jose de Ribamar', 'MA', '65110000', 'Brasil', '98988334694', 'emylle.13@hotmail.com', 333, NULL, NULL, NULL),
(314, '60187626332', 'Denyse Rafaelly Pestana Caldas Dos Santos', 'Rua 7', '18', 'Maiobao', 'Paco do Lumiar', 'MA', '65130000', 'Brasil', '98988170281', 'denyse_flower@hotmail.com', 334, NULL, NULL, NULL),
(315, '95374655353', 'Mirian Mendes Do Nascimento', 'Rua Coelho Neto', '10', 'Nova Republica', 'Sao Luis', 'MA', '65090608', 'Brasil', '9883502755', 'miryanmendes849@gmail.com', 335, NULL, NULL, NULL),
(316, '05729245343', 'Aldylange Oliveira Diniz', 'Rua Rua Da Paz', '29', 'Vila Flamengo', 'Sao Jose de Ribamar', 'MA', '65110000', 'Brasil', '9887190122', 'aldylange.oliveira@gmail.com', 336, NULL, NULL, NULL),
(317, '03046328303', 'Ildener Sousa Silva', 'Conjunto Rua 15 Quadra 30 Casa 55', '55', 'Morada Do Bosque', 'Paco do Lumiar', 'MA', '65130000', 'Brasil', '9888060546', 'ildenersousasilva@gmail.com', 337, NULL, NULL, NULL),
(318, '00393881318', 'Jucileide De Jesus Ferreira Mendonca', 'Rua Do Progresso', '12', 'Joao De Deus', 'Sao Luis', 'MA', '65057310', 'Brasil', '9887012008', 'andregustavo0729@gmail.com', 338, NULL, NULL, NULL),
(319, '04933262357', 'Paulo Ricardo Fonseca Diniz', 'Rua Da Paz', '29', 'Vila Flamengo', 'Sao Jose de Ribamar', 'MA', '65110000', 'Brasil', '9892442999', 'paulrichard.diniz@gmail.com', 339, NULL, NULL, NULL),
(320, '01546200339', 'Raimunda Silva Da Conceicao', 'Rua Rua Coronel Riod', '23', 'Vila Riod', 'Sao Luis', 'MA', '65058341', 'Brasil', '98986036435', 'raimundasilva-@hotmail.com', 340, NULL, NULL, NULL),
(321, '69776270344', 'Rosineia Silva Lessa', 'Rua Rua Trinta E Dois', '6', 'Sao Raimundo', 'Sao Luis', 'MA', '65057775', 'Brasil', '98988643493', 'lessarosineia@yahoo.com', 341, NULL, NULL, NULL),
(322, '02525505360', 'Natalia Cristina Matos Silva', 'Rua Dezenove', '04', 'Vila Embratel', 'Sao Luis', 'MA', '65081360', 'Brasil', '9888782397', 'nathalia_cheirosa@hotmail.com', 342, NULL, NULL, NULL),
(323, '00161719341', 'Odilia Pereira Do Carmo', 'Rua Rua Seis', '12', 'Vila Itamar Ii', 'Sao Luis', 'MA', '65090060', 'Brasil', '98988070927', 'odilia.pc2018@outlook.com', 343, NULL, NULL, NULL),
(324, '40819140368', 'Maria De Fatima Pereira Tavares', 'Rua Rio Tapuio', '56', 'Ribeira', 'Sao Luis', 'MA', '65094014', 'Brasil', '98999648248', 'fatimatavares2222@gmail.com', 344, NULL, NULL, NULL),
(325, '25497596304', 'Raimunda Martilene Da Conceicao De Almeida', 'Rua Rua Doze', '13', 'Cidade Olimpica', 'Sao Luis', 'MA', '65058529', 'Brasil', '9832576411', 'raimundamarte@hotmail.com', 345, NULL, NULL, NULL),
(326, '81546602372', 'Rita Maria Ramos De Souza', 'Rua Rua B', '76', 'Vila Cafeteira', 'Sao Jose de Ribamar', 'MA', '65110000', 'Brasil', '9888717680', 'rita.m55@yahoo.com', 346, NULL, NULL, NULL),
(327, '64671224372', 'Marcio Rocha Costa', 'Avenida Senador Vitorino Freire', 'S/n', 'Areinha', 'Sao Luis', 'MA', '65030015', 'Brasil', '98987818174', 'marciorocha78@outlook.com.br', 347, NULL, NULL, NULL),
(328, '28124316368', 'Rosemary Alves', 'Travessa Travessa Maria Alice', '56', 'Divineia', 'Sao Luis', 'MA', '65068096', 'Brasil', '9888081230', 'rosemaryalvess2020@gmail.com', 348, NULL, NULL, NULL),
(329, '02320253394', 'Egnaldo Nicacio Rocha', 'Rua Riachuelo', '115', 'Joao Paulo', 'Sao Luis', 'MA', '65040060', 'Brasil', '988440746', 'rochaegnaldo00@gmail.com', 349, NULL, NULL, NULL),
(330, '26911949300', 'Maria Clotilde Feitosa Santos', 'Rua Rua Cinco', '56', 'Cohatrac Ii', 'Sao Luis', 'MA', '65054310', 'Brasil', '9832386727', 'mclotildefs@hotmail.com', 350, NULL, NULL, NULL),
(331, '40800504372', 'Ana Claudia Pinheiro Viveiros Melo', 'Rua Estrada De Boa Viagem', '10', 'Centro', 'Sao Jose de Ribamar', 'MA', '65110000', 'Brasil', '98988245590', 'a-anaclaudia.pinheiro@bol.com.br', 351, NULL, NULL, NULL),
(332, '07609337315', 'Maria Elisabete Sousa Silva Correia', 'Rua Rua C', '6', 'Planalto Anil Ii', 'Sao Luis', 'MA', '65050860', 'Brasil', '98988676139', 'betesscorreia@hotmail.com', 352, NULL, NULL, NULL),
(333, '19687265353', 'Meiridalva Lima Santos', 'Rua Rua Conego Ribamar Carvalho', '26', 'Sa Viana', 'Sao Luis', 'MA', '65080110', 'Brasil', '98988127275', 'limameiri56@gmail.com', 353, NULL, NULL, NULL),
(334, '06052341327', 'Narlon Lopes Soares', 'Rua Rua Vinte E Cinco De Maio', '25', 'Vinhais', 'Sao Luis', 'MA', '65071091', 'Brasil', '9832462353', 'narlonlopes@gmail.com', 354, NULL, NULL, NULL),
(335, '01504677374', 'Raimunda Dos Reis Doria Campos', 'Rua Rua Um', '03', 'Alto Do Pinho', 'Sao Luis', 'MA', '65049091', 'Brasil', '98998878650', 'raimundadosreisdoria@outlook.com', 355, NULL, NULL, NULL),
(336, '21595615334', 'Sebastiana De Mesquita Botentuit', 'Rua Rua Treze', '7', 'Cohatrac Ii', 'Sao Luis', 'MA', '65053830', 'Brasil', '9832381364', 'iranybotentuit3@gmail.com', 356, NULL, NULL, NULL),
(337, '00107973359', 'Regilene Azevedo De Sousa', 'Rua Dez De Junho', '2', 'Angelim', 'Sao Luis', 'MA', '65063065', 'Brasil', '98988121344', 'regilene.azevedo2018@outlook.com', 357, NULL, NULL, NULL),
(338, '19631677320', 'Maria De Jesus Pires Moreno Mendes', 'Rua Rua Da Uniao', '49', 'Jardim Tropical 2', 'Sao Jose de Ribamar', 'MA', '65110000', 'Brasil', '98989024253', 'mmdejesus9090@gmail.com', 358, NULL, NULL, NULL),
(339, '42801265349', 'Angelica Almeida Machado', 'Rua Rua 29', '15', 'Jardim America', 'Sao Luis', 'MA', '65058336', 'Brasil', '98989341612', 'angelica-machado23@hotmail.com', 359, NULL, NULL, NULL),
(340, '80271421304', 'Marinilde Ferreira Bata', 'Rua Rua 06', '8', 'Clarice', 'Sao Jose de Ribamar', 'MA', '65110000', 'Brasil', '98988208885', 'marinildejafra@hotmail.com', 360, NULL, NULL, NULL),
(341, '00398240396', 'Marines Martins', 'Rua Rua Dois', '27', 'Sao Raimundo', 'Sao Luis', 'MA', '65057740', 'Brasil', '98987292098', 'martinsmarines11@gmail.com', 361, NULL, NULL, NULL),
(342, '60154341398', 'Leandro Jose Ferreira Alves', 'Rua Rua Do Correio', '70', 'Fatima', 'Sao Luis', 'MA', '65030340', 'Brasil', '98988776279', 'joselioalves@gmail.com', 362, NULL, NULL, NULL),
(343, '64934497315', 'Claudemir Da Conceicao Santos', 'Avenida Avenida Brasil', '15', 'Coroadinho', 'Sao Luis', 'MA', '65044370', 'Brasil', '9899687850', 'CLAUDILENE.MOREIRA.L24@GMAIL.COM', 363, NULL, NULL, NULL),
(344, '78789907353', 'Miguelina De Jesus Freire Rodrigues', 'Rua Rua Rubis', '30', 'Pontal Da Ilha', 'Sao Luis', 'MA', '65057685', 'Brasil', '98988762566', 'migaly209@hotmail.com', 364, NULL, NULL, NULL),
(345, '44488157300', 'Luciene Do Nascimento Dos Santos', 'Rua Trinta De Abril', '10 B', 'Vila Esperanca', 'Sao Luis', 'MA', '65095465', 'Brasil', '98988555628', 'lucienenascimento286@gmail.com', 365, NULL, NULL, NULL),
(346, '66145961368', 'Darlene Bastos Ferreira', 'Rua Rua 02', '5', 'Recanto Da Paz', 'Sao Jose de Ribamar', 'MA', '65110000', 'Brasil', '98981759000', 'darlenebastosferreira@outlook.com', 366, NULL, NULL, NULL),
(347, '02379184399', 'Gracilene Pereira Da Silva', 'Rua Rua Sete', '18', 'Cidade Olimpica', 'Sao Luis', 'MA', '65058502', 'Brasil', '9896041435', 'gracilenepereira2017@gmail.com', 367, NULL, NULL, NULL),
(348, '47154381353', 'Isterlita Sousa Pereira', 'Rua Rua Projetada S N', '0', 'Turu', 'Sao Luis', 'MA', '65066903', 'Brasil', '98988656836', 'isterlita26@hotmail.com', 368, NULL, NULL, NULL),
(349, '26842998387', 'Maria De Lurdes Sa Mendonca', 'Rua Rua Quatro', '32', 'Cohatrac Iv', 'Sao Luis', 'MA', '65054630', 'Brasil', '9832383457', 'lurdesmendonca2803@gmail.com', 369, NULL, NULL, NULL),
(350, '41675266387', 'Ezivalda Do Carmo Machado', 'Av D', '15', 'Conj Jardim Alvorada', 'Sao Jose de Ribamar', 'MA', '65110000', 'Brasil', '9832392845', 'ezi.machado@hotmail.com', 370, NULL, NULL, NULL),
(351, '29209714334', 'Ana Lucia Rolim Mendes', 'Praca Paes Barreto', '6', 'Cohab Anil Iii', 'Sao Luis', 'MA', '65052800', 'Brasil', '9881229132', 'analucia.rolim@hotmail.com', 371, NULL, NULL, NULL),
(352, '43784585353', 'Maria Da Conceicao Rocha Dutra', 'Rua Unidade Duzentos E Tres', '31', 'Cidade Operaria', 'Sao Luis', 'MA', '65058158', 'Brasil', '9881143652', 'maria.dutra77@gmail.com', 372, NULL, NULL, NULL),
(353, '69152250300', 'Maria Medianeira De Sousa', 'Via Local Trezentos E Cinco', '20', 'Parque Vitoria', 'Sao Luis', 'MA', '65068800', 'Brasil', '9888076650', 'dyanna_rossi@hotmail.com', 373, NULL, NULL, NULL),
(354, '61789395313', 'Maria Do Socorro Conceicao Gomes', 'Rua : 28 De Julho', '1121', 'Sao Benedito', 'Sao Jose de Ribamar', 'MA', '65110000', 'Brasil', '9891726094', 'md2137699@gmail.com', 374, NULL, NULL, NULL),
(355, '04205990375', 'Reginilde Goncalves De Araujo', 'Sao Sebastiao', '21', 'Vila Isabel Cafeteira', 'Sao Luis', 'MA', '65060854', 'Brasil', '98986017332', 'araujonilde52@gmail.com', 375, NULL, NULL, NULL),
(356, '64261344300', 'Francilene Carneiro Malheiros', 'Rua Rua Tupinamba', '18', 'Turu', 'Sao Luis', 'MA', '65066420', 'Brasil', '98984039962', 'francilenemalheiros@hotmail.com', 376, NULL, NULL, NULL),
(357, '50769243304', 'Joselia Regina De Andrade Aragao', 'Rua Mauro Fecury', '25', 'Coroadinho', 'Sao Luis', 'MA', '65044230', 'Brasil', '984243312', 'geo-andrade@gmail.com', 377, NULL, NULL, NULL),
(358, '00537509348', 'Maraiza Kelly Da Silva', 'Avenida Avenida Pianco', '7', 'Vila Embratel', 'Sao Luis', 'MA', '65081620', 'Brasil', '98988572235', 'maraizakeli@hotmail.com', 378, NULL, NULL, NULL),
(359, '47149566391', 'Maria Valdina Ramos Da Silva', 'RUA Valencia', '0', 'Turu', 'Sao Luis', 'MA', '65066335', 'Brasil', '98987585103', 'valdina.ramos@gmail.com', 379, NULL, NULL, NULL),
(360, '01089025360', 'Neusa Divina Cruz Gomes', 'Rua Vinte E Um De Junho', '22', 'Vila Luizao', 'Sao Luis', 'MA', '65068607', 'Brasil', '98984596415', 'neusadivinagomes@gmail.com', 380, NULL, NULL, NULL),
(361, '35457201368', 'Maria Do Amparo Silva Coelho', 'Rua Tres', '7', 'Cidade Olimpica', 'Sao Luis', 'MA', '65058484', 'Brasil', '9884708219', 'mariadoamparo416@gmail.com', 381, NULL, NULL, NULL),
(362, '48920207372', 'Ana Dalva Vaz Gomes', 'Rua Rua Andorinhas', '6', 'Ponta Do Farol', 'Sao Luis', 'MA', '65075050', 'Brasil', '9831810145', 'anadalva.jafra@hotmail.com', 382, NULL, NULL, NULL),
(363, '61742935303', 'Matheus De Sousa Marinho', 'Rua Airton Senna', '105', 'Vila Luizao', 'Sao Luis', 'MA', '65068589', 'Brasil', '1781054546', 'matheusmarinhodigital@gmail.com', 383, NULL, NULL, NULL),
(364, '28218680306', 'Maria Do Rosario Sa', 'Da Uniao', '18', 'Jordoa', 'Sao Luis', 'MA', '65042620', 'Brasil', '9883082948', 'mdorosario@gmail.com', 384, NULL, NULL, NULL),
(365, '98775111349', 'Francisca Dos Santos Silva', 'Rua Do Fio', '302', 'Nova Jerusalem Ll', 'Paco do Lumiar', 'MA', '65130000', 'Brasil', '9888583523', 'franciscasantos403@gmail.com', 385, NULL, NULL, NULL),
(366, '02613406380', 'Deusiane Sousa Camara', 'Rua Argentina', '22', 'Olho D&acute; Agua', 'Sao Luis', 'MA', '65065030', 'Brasil', '98981759938', 'deusadourado@outlook.com', 386, NULL, NULL, NULL),
(367, '61001299302', 'Rosiane De Paula De Jesus Santos', 'Rua Do Fio', '02 A', 'Pedrinhas', 'Sao Luis', 'MA', '65092676', 'Brasil', '982353675', 'paullynha2antus4@gmail.com', 387, NULL, NULL, NULL),
(368, '03700396376', 'Girlene Reis Da Silva Serra', 'Rua Rua Do Chafariz', 'S/n', 'Vila Maranhao', 'Sao Luis', 'MA', '65091230', 'Brasil', '9884713635', 'kelinnyserra@gmail.com', 388, NULL, NULL, NULL),
(369, '05775807367', 'Tatiany Santos Saminez', 'Rua Do Fio', '11', 'Vila Primavera', 'Sao Luis', 'MA', '65043869', 'Brasil', '9886011627', 'tatinhaaworld@gmail.com', 389, NULL, NULL, NULL),
(370, '05514249310', 'Matheus De Jesus Alves Braga', 'Onze', '16', 'Cohatrac Ii', 'Sao Luis', 'MA', '65053810', 'Brasil', '98981378555', 'matheusabraga11@hotmail.com', 390, NULL, NULL, NULL),
(371, '96526777368', 'Raimunda Maria Texeira Ribeiro', 'Rua 03', '59', 'Cidade Operaria', 'Sao Luis', 'MA', '65058075', 'Brasil', '98992138766', 'mariathiago618@gmail.com', 391, NULL, NULL, NULL),
(372, '28829433349', 'Maria Aparecida Carvalho Araujo', 'Rua Nagib Feres', '10', 'Monte Castelo', 'Sao Luis', 'MA', '65031240', 'Brasil', '1125539123', 'aparecidamariacarvalhoaraujo@gmail.com', 392, NULL, NULL, NULL),
(373, '30453267300', 'Geneci Lima Pires', 'Rua Rua Boa Viagem', '18', 'Vila Nazare', 'Paco do Lumiar', 'MA', '65130000', 'Brasil', '9832745132', 'genecijafra@hotmail.com', 393, NULL, NULL, NULL),
(374, '75557282300', 'Clecia Negreiro Silva', 'Rua Petronio Portela', '12', 'Vera Cruz', 'Sao Luis', 'MA', '65047760', 'Brasil', '98984112901', 'clecianegreirosilva@gmail.com', 394, NULL, NULL, NULL),
(375, '64945235368', 'Maria Jose Pires Dos Anjos', 'Rua Rua Quatro', '33', 'Jardim Sao Cristovao Ii', 'Sao Luis', 'MA', '65055333', 'Brasil', '9830138470', 'mariajose-pires@hotmail.com.br', 395, NULL, NULL, NULL),
(376, '23841460330', 'Maria Antonia Pinheiro Ribeiro', 'Avenida Avenida 101', '20', 'Cidade Operaria', 'Sao Luis', 'MA', '65058021', 'Brasil', '9888626387', 'paulinha_muitogostosa@hotmail.com', 396, NULL, NULL, NULL),
(377, '73304921320', 'Maria Da Conceicao Viana Lourencio', 'Rua Aracatuba', '7', 'Pq Arasagy', 'Sao Jose de Ribamar', 'MA', '65110000', 'Brasil', '9899947315', 'mariadaconceicaovianaloureco@gmail.com', 397, NULL, NULL, NULL),
(378, '05669196309', 'Leide Patricia Alves Da Silva', 'Rua 10', '26', 'Maracana', 'Sao Luis', 'MA', '65091580', 'Brasil', '9892336306', 'leidepatriciaalvesdasilva@gmail.com', 398, NULL, NULL, NULL),
(379, '27950050349', 'Luzinete Negreiro Soares', 'Avenida Tres', '13', 'Angelim', 'Sao Luis', 'MA', '65063040', 'Brasil', '9884491042', 'ralena@gmail.com', 399, NULL, NULL, NULL),
(380, '00467411352', 'Valdean Correa Santos', 'Rua Rua Do Lazer', '102', 'Vila Vicente Fialho', 'Sao Luis', 'MA', '65073510', 'Brasil', '9899964222', 'eduardaevaldean@gmail.com', 400, NULL, NULL, NULL),
(381, '78215501320', 'Antonia Da Silva Santos', 'Rua Sao Camilo', '135', 'Joao De Deus', 'Sao Luis', 'MA', '65057360', 'Brasil', '9888063278', 'antoniajaimesilva23018477@gmail.com', 401, NULL, NULL, NULL),
(382, '83659285315', 'Maria Sandra Sousa Nascimento  Nascimento', 'Travessa 1 Quadra 3', '02', 'Forquilha', 'Sao Luis', 'MA', '65054040', 'Brasil', '98996067378', 'sandra.snascimento123@gmail.com', 402, NULL, NULL, NULL),
(383, '78781698372', 'Maria Do Rosario Barbosa', 'Avenida Camboa', '02', 'Camboa', 'Sao Luis', 'MA', '65020260', 'Brasil', '9899844036', 'Liliancantanhede@outlook.com', 403, NULL, NULL, NULL),
(384, '02334189383', 'Claudia Silva De Sousa', 'Avenida Aquiles Lisboa', '98', 'Cohab Anil Iii', 'Sao Luis', 'MA', '65050270', 'Brasil', '9884175840', 'silvaclaudia09536@gmail.com', 404, NULL, NULL, NULL),
(385, '27112160391', 'Flor De Maria Ribeiro Moraes', 'Rua Dezenove', '42', 'Cohatrac Ii', 'Sao Luis', 'MA', '65054250', 'Brasil', '9898900043', 'arthur.rm02@gmail.com', 405, NULL, NULL, NULL),
(386, '79559727320', 'Vanda Clara Neres Amorim', 'Travessa 1a Travessa Alberto Sales', '23', 'Sa Viana', 'Sao Luis', 'MA', '65080010', 'Brasil', '9884142210', 'vandaclaraamorim0431@gmail.com', 407, NULL, NULL, NULL),
(387, '60027521370', 'Miguel Angel Anibarro Moscoso', 'Rua Dos Prazeres', '378', 'Centro', 'Sao Luis', 'MA', '65020460', 'Brasil', '98988540395', 'miguelanib_43@hotmail.com', 408, NULL, NULL, NULL),
(388, '61013589335', 'Edileusa Stefanny Ferreira Silva', 'Avenida Avenida Brasil', '172', 'Coroadinho', 'Sao Luis', 'MA', '65044370', 'Brasil', '9898711872', 'edileusajafra2019@hotmail.com', 409, NULL, NULL, NULL),
(389, '99751003334', 'Edna Selma De Azevedo Garcia', 'Rua Patrimonio', '13', 'Rio Grande', 'Sao Luis', 'MA', '65091793', 'Brasil', '98981188736', 'elaine09luffy@gmail.com', 410, NULL, NULL, NULL),
(390, '31874720282', 'Norma Dos Santos Guimaraes', 'Rua Dois', '333', 'Vila Itamar II', 'Sao Luis', 'MA', '65090044', 'Brasil', '98996097234', 'guimaraesnorma152@gmail.com', 411, NULL, NULL, NULL),
(391, '97988693387', 'Gizeli Barros', 'Rua Das Mitras', '18', 'Jardim Renascenca', 'Sao Luis', 'MA', '65075770', 'Brasil', '9898700711', 'GICABARROSAROUCHE@GMAIL.COM', 412, NULL, NULL, NULL),
(392, '00109376331', 'Georgia Da Luz Castro Goncalves', 'Rua Castro Alves', '448', 'Vila Passos', 'Sao Luis', 'MA', '65025230', 'Brasil', '9887662902', 'gsalvatore962@gmail.com', 413, NULL, NULL, NULL),
(393, '01082399345', 'Jesusleide Campos Bandeira', 'Treze De Maio', '25', 'Ilhinha', 'Sao Luis', 'MA', '65076674', 'Brasil', '98988114556', 'jesusleideb@gmail.com', 414, NULL, NULL, NULL),
(394, '05889147382', 'Genierli De Souza De Oliveira', 'Rua Rua Hortas', '100', 'Vila Nossa Senhora Da Luz', 'Paco do Lumiar', 'MA', '65130000', 'Brasil', '9884459186', 'oliveiragenierle@gmail.com', 415, NULL, NULL, NULL),
(395, '76039048387', 'Joelma Maria Costa Serra Da Silva', '2 Travessa Eugenio Garcia', '06', 'Vila Sarney', 'Sao Luis', 'MA', '65090704', 'Brasil', '98999690031', 'joelmaplay_12@hotmail.com', 416, NULL, NULL, NULL),
(396, '43793584372', 'Silvia Regina Lima Gomes  Ramos', 'Bibiano De Castro', '03', 'Cohab Anil Iii', 'Sao Luis', 'MA', '65050430', 'Brasil', '9896083519', 'Oticassilviaslz@gmail.com', 417, NULL, NULL, NULL),
(397, '78588910306', 'Manoel Batista Gadelha Dos Santos', 'Rua Da Inveja', '20', 'Jardim Das Oliveiras', 'Raposa', 'MA', '65138000', 'Brasil', '976065837', 'gadelhajafra@gmail.com', 418, NULL, NULL, NULL),
(398, '03927739375', 'Lucilene Da Silva Cintra', 'Rua Rua Signo Capricornio', '18', 'Nova Terra', 'Sao Jose de Ribamar', 'MA', '65110000', 'Brasil', '9882505906', 'lucilenecintra60@gmail.com', 419, NULL, NULL, NULL),
(399, '83385975387', 'Maria Albetiza Araujo Pinto Sousa', 'Santo Antonio', '115', 'Sao Bernardo', 'Sao Luis', 'MA', '65056190', 'Brasil', '98989047258', 'albetiza999@gmail.com', 420, NULL, NULL, NULL),
(400, '71361766387', 'Leonice Francisca Pinheiro Aguiar', 'Da Liberdade', '38', 'Vila Luizao', 'Sao Luis', 'MA', '65068645', 'Brasil', '98983088944', 'leonicefp@hotmail.com', 421, NULL, NULL, NULL),
(401, '01753212308', 'Clara Da Silva Rodrigues', 'Jailson Sousa Viana', '5', 'Cidade Olimpica', 'Sao Luis', 'MA', '65058483', 'Brasil', '9882075481', 'klarasilvadobrecho@gmail.com', 422, NULL, NULL, NULL),
(402, '45285616387', 'Elizabeth Gomes Santos', '22 (unidade 203)', '13', 'Cidade Operaria', 'Sao Luis', 'MA', '65058201', 'Brasil', '98987479332', 'elizabethgomes.stos@gmail.com', 423, NULL, NULL, NULL),
(403, '28064500397', 'Maria Romana Sa Lima', 'Rua Dois', '102', 'Angelim', 'Sao Luis', 'MA', '65063330', 'Brasil', '9888465230', 'mariaromana2015salima@gmail.com', 424, NULL, NULL, NULL),
(404, '06445225349', 'Magnolia Aguiar Vaz', 'Rua Rua Dois', '26', 'Bequimao', 'Sao Luis', 'MA', '65061270', 'Brasil', '98988517842', 'magnoliaaguiarvaz@hotmail.com', 425, NULL, NULL, NULL),
(405, '63531747304', 'Selvina Lisboa Santos', 'Rua Rua Nova Aurora', '517', 'Aurora', 'Sao Luis', 'MA', '65060400', 'Brasil', '98987017366', 'selvinalisboa2018@gmail.com', 426, NULL, NULL, NULL),
(406, '40555950344', 'Maria Da Conceicao Garcia Viana', 'Rua 112', '25', 'Maiobao', 'Paco do Lumiar', 'MA', '65130000', 'Brasil', '9889007950', 'mcgviana19@gmail.com', 427, NULL, NULL, NULL),
(407, '78646596320', 'Ana Cleide Soares Martins', 'Rua Rua 11', '48', 'Cidade Operaria', 'Sao Luis', 'MA', '65058229', 'Brasil', '9888317913', 'anakleidemartins@gmail.com', 428, NULL, NULL, NULL),
(408, '32508255300', 'Maria Do Rosario Silva Araujo', 'Rua Rua A', '12', 'Conjunto Residencial Parana 01', 'Paco do Lumiar', 'MA', '65130000', 'Brasil', '9832375707', 'rosariosilva01@hotmail.com', 429, NULL, NULL, NULL),
(409, '14663961304', 'Maria Do Nascimento Da Silva Viana', 'Rua Rua Mercurio', '03', 'Coroado', 'Sao Luis', 'MA', '65042240', 'Brasil', '98988518011', 'soniasojesus207@gmail.com', 430, NULL, NULL, NULL),
(410, '66812275387', 'Fabiana De Jesus Nascimento Lindoso', 'Rua Quarenta E Sete', '13', 'Vinhais', 'Sao Luis', 'MA', '65074455', 'Brasil', '9888500834', 'fabiana13lindoso@hotmail.com', 431, NULL, NULL, NULL),
(411, '02668487374', 'Neilson Viana Da Silva', 'Rua Rua Sao Miguel', '6', 'Planalto Aurora', 'Sao Luis', 'MA', '65064200', 'Brasil', '9832443326', 'neilson.viana@terra.com.br', 432, NULL, NULL, NULL),
(412, '51548240320', 'Carmem Maria Lago Goncalves', 'Rua Rua Ebenezer', '99', 'Cruzeiro De Santa Barbara', 'Sao Luis', 'MA', '65059819', 'Brasil', '98987662902', 'carmemmarialago@outlook.com', 433, NULL, NULL, NULL),
(413, '15735583387', 'Teresa Maria Freitas Assen', 'Rua Rua Doze', '17', 'Cohatrac Iii', 'Sao Luis', 'MA', '65053665', 'Brasil', '9832390646', 'teresaassen@hotmail.com', 434, NULL, NULL, NULL),
(414, '42773865391', 'Alex Sandra De Fatima Mendes Da Silva', 'Condominio Ipem Angelim', 'S/n', 'Angelim', 'Sao Luis', 'MA', '65063030', 'Brasil', '98987071395', 'alexsandradfms@gmail.com', 435, NULL, NULL, NULL),
(415, '17721121353', 'Marineide Serra Costa', 'Rua Bom Jesus', '16', 'Vila Embratel', 'Sao Luis', 'MA', '65081276', 'Brasil', '9899917693', 'marineideserrajafra@hotmail.com', 436, NULL, NULL, NULL),
(416, '95846247334', 'Genesia Sousa De Carvalho Belfort', 'Rua Sao Pantaleao', '138', 'Centro', 'Sao Luis', 'MA', '65015460', 'Brasil', '98987030048', 'genesiabelfort@gmail.com', 437, NULL, NULL, NULL),
(417, '64595986149', 'Maria Jose Silva', 'Rua Rua Magnetita', '26', 'Coroado', 'Sao Luis', 'MA', '65042735', 'Brasil', '9832437785', 'mjosesilva786@gmail.com', 438, NULL, NULL, NULL),
(418, '31790488249', 'Nilson Fernandes Batalha', 'Rua Rua Jose De Alencar', '52', 'Santa Cruz', 'Sao Luis', 'MA', '65045690', 'Brasil', '98987229932', 'nilson_jafra@outlook.com', 439, NULL, NULL, NULL),
(419, '05236534330', 'Ivan Santos Castro Junior', 'Rua Rua 111', '22', 'Maiobao', 'Paco do Lumiar', 'MA', '65130000', 'Brasil', '9832741778', 'ivanjunior0000@gmail.com', 440, NULL, NULL, NULL),
(420, '01915684307', 'Fernanda Cristina Araujo Cunha', 'Rua Olho Dagua', '9', 'Vila Nazare', 'Paco do Lumiar', 'MA', '65130000', 'Brasil', '98987306953', 'ferva89@gmail.com', 441, NULL, NULL, NULL),
(421, '60948241306', 'Weberth De Carvalho Santos', 'Rua Travessa 27', '35', 'Nova Terra', 'Sao Jose de Ribamar', 'MA', '65110000', 'Brasil', '98981776125', 'edinaldagoncalves90@gmail.com', 442, NULL, NULL, NULL),
(422, '40865657300', 'Raimundo Nonato Martins Da Silva', 'Rua Goncalves Dias', '10', 'Sao Raimundo', 'Sao Luis', 'MA', '65057751', 'Brasil', '9881871385', 'raimundomartins21673@gmail.com', 443, NULL, NULL, NULL),
(423, '65062116368', 'Marineide Azevedo Rodrigues', 'Rua Rua Santa Terezinha', '35', 'Vila Riod', 'Sao Luis', 'MA', '65058367', 'Brasil', '98983252515', 'marineideazevedo15@outlook.com', 444, NULL, NULL, NULL),
(424, '25362097334', 'Raymunda Do Lago Teixeira', 'Rua Avenida Sol Nascente', '23', 'Sol E Mar', 'Sao Luis', 'MA', '65068212', 'Brasil', '9899619796', 'lagoteixeira2019@hotmail.com', 445, NULL, NULL, NULL),
(425, '17804230397', 'Joana Dagmar Pereira', 'Rua Rua Direita', '76', 'Barreto', 'Sao Luis', 'MA', '65040500', 'Brasil', '9898828679', '184451joana@bol.com.br', 446, NULL, NULL, NULL),
(426, '61303237350', 'Thalia De Jesus Alves Do Nascimento', 'Rua Tv Mendes', 'N 88', 'Coroadinho', 'Sao Luis', 'MA', '65044240', 'Brasil', '9898927083', 'thalyaalves317@gmail.com', 447, NULL, NULL, NULL),
(427, '72688327372', 'Helsimeire De Jesus Silva Souza', 'Rua Sao Marcos', '329', 'Jardins Das Oliveiras', 'Raposa', 'MA', '65138000', 'Brasil', '98989067897', 'helsimeirejesus@gmail.com', 448, NULL, NULL, NULL),
(428, '65194136315', 'Bernardo De Jesus  Vieira Sena', 'Rua Da Felicidade', '13', 'Vila Bacanga', 'Sao Luis', 'MA', '65080800', 'Brasil', '98988149338', 'bernardovieira@gmail.com', 449, NULL, NULL, NULL),
(429, '64581101387', 'Silvelene Salares Gomes Oliveira', 'Santa Rosa', '97', 'Forquilha', 'Sao Luis', 'MA', '65052570', 'Brasil', '9899064703', 'silvileneteixeira2018@gmail.com', 450, NULL, NULL, NULL),
(430, '85104884368', 'Lucilene Goncalves Dias', 'Residencial Residencial Canudos', '17', 'Turu', 'Sao Luis', 'MA', '65067645', 'Brasil', '98987133830', 'goncalveslucilene51@gmail.com', 451, NULL, NULL, NULL);

-- --------------------------------------------------------

--
-- Estrutura da tabela `devolucao`
--

CREATE TABLE `devolucao` (
  `id` int(11) NOT NULL,
  `data` timestamp NULL DEFAULT NULL,
  `qtd` int(11) DEFAULT NULL,
  `entregadores_id` int(11) NOT NULL,
  `producao_id` int(11) NOT NULL,
  `ocorrencias_id` int(11) NOT NULL,
  `boletos_id` int(11) NOT NULL
) ENGINE=InnoDB DEFAULT CHARSET=utf8mb4;

--
-- Extraindo dados da tabela `devolucao`
--

INSERT INTO `devolucao` (`id`, `data`, `qtd`, `entregadores_id`, `producao_id`, `ocorrencias_id`, `boletos_id`) VALUES
(50, '2023-08-03 21:57:48', 1, 151, 330, 6, 33837);

-- --------------------------------------------------------

--
-- Estrutura da tabela `entrega`
--

CREATE TABLE `entrega` (
  `id` int(11) NOT NULL,
  `data` date DEFAULT NULL,
  `qtd` varchar(45) DEFAULT NULL,
  `producao_id` int(11) NOT NULL,
  `entregadores_id` int(11) NOT NULL,
  `boletos_id` int(11) NOT NULL
) ENGINE=InnoDB DEFAULT CHARSET=utf8mb4;

--
-- Extraindo dados da tabela `entrega`
--

INSERT INTO `entrega` (`id`, `data`, `qtd`, `producao_id`, `entregadores_id`, `boletos_id`) VALUES
(175, '2023-08-03', '1', 330, 151, 33838);

-- --------------------------------------------------------

--
-- Estrutura da tabela `entregadores`
--

CREATE TABLE `entregadores` (
  `id` int(11) NOT NULL,
  `nome` varchar(225) DEFAULT NULL,
  `telefone` varchar(45) DEFAULT NULL,
  `cpf` varchar(45) DEFAULT NULL,
  `email` varchar(100) DEFAULT NULL,
  `banco` varchar(45) DEFAULT NULL,
  `agencia` varchar(45) DEFAULT NULL,
  `conta` varchar(45) DEFAULT NULL,
  `pix` varchar(100) DEFAULT NULL,
  `cnh` varchar(45) DEFAULT NULL,
  `renavam` varchar(45) DEFAULT NULL,
  `apelido` varchar(100) DEFAULT NULL,
  `tipo` varchar(45) DEFAULT NULL,
  `status` int(11) DEFAULT NULL,
  `admissao` timestamp NULL DEFAULT NULL,
  `recisao` timestamp NULL DEFAULT NULL,
  `valor_boleto` decimal(10,2) DEFAULT NULL,
  `valor_cartao` decimal(10,2) DEFAULT NULL,
  `valor_pequeno` decimal(10,2) DEFAULT NULL,
  `valor_grande` decimal(10,2) DEFAULT NULL,
  `usuarios_id` int(11) NOT NULL,
  `forma_pagamento_id` int(11) NOT NULL,
  `veiculos_id` int(11) NOT NULL,
  `regioes_id` int(11) NOT NULL
) ENGINE=InnoDB DEFAULT CHARSET=utf8mb4;

--
-- Extraindo dados da tabela `entregadores`
--

INSERT INTO `entregadores` (`id`, `nome`, `telefone`, `cpf`, `email`, `banco`, `agencia`, `conta`, `pix`, `cnh`, `renavam`, `apelido`, `tipo`, `status`, `admissao`, `recisao`, `valor_boleto`, `valor_cartao`, `valor_pequeno`, `valor_grande`, `usuarios_id`, `forma_pagamento_id`, `veiculos_id`, `regioes_id`) VALUES
(73, 'ANTONIO WILLIAN SANTOS', '(98) 98745-1262', '836.359.203-04', 'antoniowilliansantosslz@gmail.com', 'bradesco', '6578-1', '10162-1', '', '03253697497', '204196841', 'ANTONIO WILLIAN', 'CLT', 1, '2022-02-24 20:37:14', '2022-02-24 20:37:14', '0.00', '0.00', '1.40', '5.00', 4, 4, 1, 74),
(78, 'JOSE ORLANDO DOS SANTOS E SANTOS', '(98) 98770-0584', '005.560.203-75', 'joseorlandodossantos@gmail.com', '', '', '', '', '', '', 'JOSE ORLANDO', 'CLT', 1, '2022-02-21 18:48:01', '2022-02-21 18:48:01', '0.00', '0.00', '2.00', '5.00', 4, 4, 5, 74),
(83, 'ANTONIO MARCOS SODRÉ DE SOUSA', '(98) 98844-7819', '853.301.403-15', 'antoniomarcossodredesousa@gmail.com', '237-Bradesco', '1168-1', '515340-7', '', '04979590869', '1106502571', 'SODRÉ', 'CLT', 1, '2022-02-22 17:47:53', '2022-02-22 17:47:53', '0.80', '0.00', '2.00', '5.00', 4, 4, 1, 74),
(88, 'ANTONIO SILVESTRE CAMPOS PINHEIRO', '(98) 98116-5398', '904.199.603-68', 'antoniosilvestrepinheiro@gmail.com', 'Caixa Econômica Federal', '1037', '62790-9', '(98)98608-1880', '04000792697', '01080960012', 'SILVESTRE', 'CLT', 1, '2022-03-28 20:07:01', '2022-03-28 20:07:01', '0.80', '0.00', '2.00', '5.00', 4, 5, 1, 74),
(91, 'DENILSON MARTINS DA SILVA', '(98) 98861-5312', '893.163.713-68', 'denilsonmartinsdasilvaslz@gmail.com', 'Caixa Econômica Federal', '1521', '113302-8', '893.163.713-68', '00124571214', '1101794400', 'DENILSON MARTINS', 'CLT', 1, '2022-02-22 19:46:41', '2022-02-22 19:46:41', '0.00', '0.00', '1.40', '5.00', 4, 5, 1, 74),
(92, 'VALDEZ MORAES DOS SANTOS', '(98) 98415-7682', '224.990.753-68', 'valdezmoraesdossantos@gmail.com', 'Caixa Econômica Federal', '1576', '60252-0', '224.990.753-68', '00149663140', '301493910', 'VALDEZ ', 'CLT', 1, '2022-02-22 19:58:27', '2022-02-22 19:58:27', '0.00', '0.00', '2.00', '5.00', 4, 5, 2, 74),
(95, 'JAILSON MAURO GARCEZ FERRAZ', '(98) 99972-8732', '509.400.663-00', 'jailsonmaurogarcezferraz@gmail.com', '', '', '', '', '', '', 'JAILSON', 'CLT', 1, '2022-02-24 18:00:19', '2022-02-24 18:00:19', '1.00', '0.00', '0.00', '0.00', 4, 4, 5, 74),
(97, 'CLODOALDO FERREIRA DE SOUSA', '(98) 98802-8265', '760.774.383-91', 'clodoaldoferreiradesousa@gmail.com', 'bradesco', '1037-5', '31687-3', '', '05621877892', '294487816', 'CLODOALDO', 'CLT', 1, '2022-02-24 18:41:24', '2022-02-24 18:41:24', '0.00', '0.00', '1.40', '5.00', 4, 4, 1, 74),
(98, 'DENILSON COSTA VIEIRA', '(98) 98919-7942', '905.517.963-91', 'denilsoncostavieiraslz@gmail.com', 'bradesco', '6578-1', '5301-5', '', '05392508183', '00396239900', 'DENILSON COSTA', 'CLT', 1, '2022-02-24 18:46:27', '2022-02-24 18:46:27', '0.00', '0.00', '1.40', '5.00', 4, 4, 1, 74),
(99, 'DOMINGOS EDSON SILVA SANTOS', '(98) 98535-9358', '778.668.513-87', 'dedsonsilvasantos@gmail.com', 'bradesco', '1037', '0031685-7', '', '01807326089', '771299125', 'EDSON', 'CLT', 1, '2022-02-24 18:51:39', '2022-02-24 18:51:39', '0.80', '0.00', '1.40', '5.00', 4, 4, 1, 74),
(100, 'GILMAR VALE BARBOSA', '(98) 98828-3399', '515.549.333-15', 'gilmarvalebarbosa@gmail.com', 'bradesco Next - 237', '3728', '755858-9', '', '00272413365', '338307397', 'GILMAR ', 'CLT', 1, '2022-02-24 18:54:56', '2022-02-24 18:54:56', '0.00', '0.00', '1.40', '5.00', 4, 4, 1, 74),
(101, 'JOSE VITAL BARBOSA', '(98) 99121-9154', '822.080.423-87', 'josevitalbarbosaslz@gmail.com', 'bradesco', '2121-0', '0028905-1', '', '04551162730', '01145650152', 'JOSE VITAL', 'CLT', 1, '2022-02-24 18:59:26', '2022-02-24 18:59:26', '0.00', '0.00', '1.40', '5.00', 4, 4, 2, 74),
(102, 'MAURO SERGIO COSTA SILVA', '(98) 99287-8892', '696.293.403-30', 'mauro.21@gmail.com', 'bradesco Next - 237', '6176', '494455-0', '', '02953646513', '299467058', 'MAURO', 'CLT', 1, '2022-02-24 19:06:06', '2022-02-24 19:06:06', '0.00', '0.00', '0.00', '0.00', 4, 4, 1, 74),
(103, 'SERGIO LUIS DE MORAES ALVES', '(98) 98841-9932', '238.779.363-34', 'sergioluismoraesalves@gmail.com', 'bradesco', '1037-5', '22812-5', '', '02930004285', '209581581', 'SERGIO', 'CLT', 1, '2022-02-24 19:14:32', '2022-02-24 19:14:32', '0.00', '0.00', '1.40', '5.00', 4, 4, 1, 74),
(129, 'GABRIEL CARVALHO DOS SANTOS', '(98) 98844-0252', '607.128.813-44', 'gabrielcarvalhodossantosslz@gmail.com', 'bradesco', '1167', '0032668-2', '', '07229902247', '1092781126', 'GABRIEL', 'CLT', 1, '2022-02-25 19:12:14', '2022-02-25 19:12:14', '0.00', '1.00', '1.00', '1.00', 4, 4, 1, 74),
(131, 'ANTONIO JOSÉ FONSECA DA SILVA', '(98) 99151-2121', '999.724.173-87', 'antoniojfonsecadasilva@gmail.com', 'bradesco', '3750-8', '459376-6', '', '03819097297', '01251602824', 'JOSÉ FONSECA', 'CLT', 1, '2022-02-25 19:22:36', '2022-02-25 19:22:36', '1.00', '0.00', '1.00', '1.00', 4, 4, 1, 74),
(132, 'ARLEAN COSTA SOUSA', '(98) 98212-9841', '036.923.303-40', 'arleancostasousa@gmail.com', 'Caixa Econômica Federal', '1739', '33151-0', '98982129841', '06062482500', '463336577', 'arlean', 'CLT', 1, '2022-02-25 19:27:04', '2022-02-25 19:27:04', '0.00', '0.00', '0.00', '0.00', 4, 5, 1, 74),
(133, 'JOELSON CAMPOS SERRA', '(98) 98831-1259', '850.214.583-53', 'joelsoncamposserraslz@gmail.com', 'Caixa Econômica Federal', '1576', '68469-1', '850.214.583-53', '03130178244', '251024172', 'joelson', 'CLT', 1, '2022-02-25 19:32:40', '2022-02-25 19:32:40', '0.00', '1.00', '1.00', '1.00', 4, 5, 2, 74),
(136, 'MARCOS ANTONIO CARDOSO FONSECA', '(98) 98847-5760', '023.713.263-05', 'marcosantoniocfonseca@gmail.com', 'bradesco', '6578-1', '10832-4', '', '04690451294', '1095162656', 'marcos fonseca', 'CLT', 1, '2022-03-02 16:09:06', '2022-03-02 16:09:06', '0.00', '0.00', '0.00', '0.00', 4, 4, 1, 74),
(137, 'MARCOS ANTONIO PEREIRA SANTOS', '(98) 98892-5943', '450.157.163-20', 'marcosantoniopsantosslz@gmail.com', 'bradesco', '6578-1', '5466-6', '', '01968927823', '1036186960', 'marquinhos', 'CLT', 1, '2022-03-02 16:34:31', '2022-03-02 16:34:31', '0.00', '0.00', '0.00', '0.00', 4, 4, 2, 74),
(138, 'CLAUDENILSON FIGUEIREDO MENDONÇA', '(98) 99993-8027', '651.078.533-15', 'claudenilsonfigueiredomendonca@gmail.com', 'bradesco', '3925-0', '0437775-3', '', '', '', 'CLAUDENILSON ', 'CLT', 1, '2022-03-02 16:44:14', '2022-03-02 16:44:14', '0.00', '0.00', '0.00', '0.00', 4, 4, 5, 74),
(139, 'JORGE LUIS FERREIRA MARTINS', '(98) 99613-3690', '207.116.203-00', 'jorgeluisferreiramartinsslz@gmail.com', 'Caixa Econômica Federal', '27', '61733-3', '', '', '', 'JORGE LUIS ', 'CLT', 1, '2022-03-02 17:05:01', '2022-03-02 17:05:01', '0.00', '0.00', '0.00', '0.00', 4, 5, 5, 74),
(140, 'JOSE CARLOS RODRIGUES DE SOUZA JUNIOR', '(98) 98341-6420', '931.244.303-87', 'josecarlosrodriguessjunior@gmail.com', 'bradesco', '3750-8', '56969-0', '', '', '', 'ZÉ CARLOS', 'CLT', 1, '2022-03-02 17:19:40', '2022-03-02 17:19:40', '1.00', '1.00', '0.00', '0.00', 4, 4, 5, 74),
(141, 'JOSE ROBERTO DA SILVA CRUZ', '(98) 98468-8301', '508.666.643-00', 'joserobertodasilvacruzslz@gmail.com', 'bradesco', '3929-2', '0022753-6', '', '', '', 'roberto', 'CLT', 1, '2022-03-02 17:39:36', '2022-03-02 17:39:36', '0.00', '0.00', '0.00', '0.00', 4, 4, 5, 74),
(144, 'ANTONIO RENILSON VASCONCELOS PAIVA', '(98) 98282-7886', '331.388.853-49', '', 'Caixa Econômica Federal', '', '', '475.082.803-34', '02771152478', '01091387505', 'ANTONIO RENILSON ', 'CLT', 1, '2022-03-02 18:50:59', '2022-03-02 18:50:59', '1.00', '0.00', '4.00', '4.00', 4, 5, 2, 76),
(145, 'aline dos santos silva', '(99) 98431-3160', '054.428.973-02', '', 'banco do brasil', '2992-4', '43518518-0', '(99) 98431-3160', '06029761001', '01117204267', 'aline', 'CLT', 1, '2022-03-02 19:03:49', '2022-03-02 19:03:49', '1.00', '0.00', '4.00', '4.00', 4, 5, 2, 76),
(149, 'CAIANNE CASTRO BRITO DOS SANTOS', '(99) 99231-5373', '059.886.703-18', '', '336-C6 BANK', '', '', 'caiannecastro@gmail.com', '', '', 'CAIANNE', 'CLT', 1, '2022-05-05 15:06:41', '2022-05-05 15:06:41', '1.00', '0.00', '4.00', '4.00', 4, 5, 5, 76),
(150, 'NOELSON RIBEIRO DA COSTA', '(98) 98749-5064', '007.440.273-06', '', 'nu pagamentos s.a.', '', '', '00744027306', '04528026719', '00996600655', 'noelson', 'CLT', 1, '2022-05-05 15:08:34', '2022-05-05 15:08:34', '0.00', '0.00', '0.00', '0.00', 4, 5, 3, 74),
(151, 'ANTONIA CELIA DE SÁ SILVA', '(99) 99208-5131', '602.680.033-60', '', 'banco do brasil', '', '', '34590404320', '05710215940', '01120615434', 'celia', 'CLT', 1, '2022-05-05 15:18:58', '2022-05-05 15:18:58', '1.00', '0.00', '4.00', '4.00', 4, 5, 1, 76),
(152, 'DOGIVAL SILVA', '(98) 98454-9453', '046.176.453-90', '', 'Caixa Econômica Federal', '2063 ', '30211-3', '04617645390', '05141933402', '199468834', 'DOGIVAL ', 'CLT', 1, '2022-05-05 16:15:56', '2022-05-05 16:15:56', '1.00', '0.00', '4.00', '4.00', 4, 5, 1, 79),
(153, 'FREDSON SANTOS E SANTOS', '(98) 99154-8239', '020.656.173-30', '', 'nubank', '1', '35787192-6', '020.656.173-30', '06880002460', '539380423', 'FREDSON', 'CLT', 1, '2022-05-05 16:22:16', '2022-05-05 16:22:16', '1.50', '0.00', '4.00', '4.00', 4, 5, 1, 77),
(154, 'GILMAR SILVA CORREIA', '(98) 98777-2972', '003.077.453-50', '', 'Caixa Econômica Federal', '2063', '00055037-0', '026.513.983-06  ', '', '', 'gilmar correia', 'CLT', 1, '2022-05-05 16:30:59', '2022-05-05 16:30:59', '1.00', '0.00', '4.00', '4.00', 4, 5, 5, 79),
(158, 'JOELSON DE JESUS CARDOSO SILVA', '(98) 98836-4515', '604.978.323-30', '', 'Caixa Econômica Federal', '1576', '146834-8', '', '05692233040', '01129177014', 'joelson de jesus', 'CLT', 1, '2022-05-05 17:26:48', '2022-05-05 17:26:48', '0.00', '0.00', '0.00', '0.00', 4, 4, 1, 74),
(159, 'MANOEL DE JESUS DA SILVA', '(99) 98178-7160', '493.440.483-04', '', 'Caixa Econômica Federal', '', '', '493.440.483-04', '00990755497', '01195340815', 'MANOEL de jesus', 'CLT', 1, '2022-05-05 17:41:45', '2022-05-05 17:41:45', '1.00', '0.00', '4.00', '4.00', 4, 5, 2, 76),
(160, 'MARCELO SILVA DE CARVALHO ', '(98) 98404-2907', '058.897.803-52', '', 'nubank', '', '', '(98) 984042907', '', '', 'MARCELO SILVA ', 'CLT', 1, '2022-05-06 16:19:37', '2022-05-06 16:19:37', '1.00', '0.00', '4.00', '4.00', 4, 5, 5, 77),
(161, 'Josue do Nascimento Mesquita', '(98) 98136-4108', '013.398.453-26', '', 'Caixa Econômica Federal', '3126', '00039973-1', '(98) 981364108', '', '', 'JOSUE MESQUITA', 'CLT', 1, '2022-05-06 16:54:14', '2022-05-06 16:54:14', '1.00', '0.00', '4.00', '4.00', 4, 5, 5, 76),
(162, 'LUIS INACIO COUTO NETO', '(98) 98521-6821', '649.757.623-15', '', 'Caixa Econômica Federal', '', '', '64975762315', '', '', 'inacio', 'CLT', 1, '2022-05-06 17:00:29', '2022-05-06 17:00:29', '1.00', '0.00', '4.00', '4.00', 4, 5, 5, 79),
(163, 'ROBERTO DA SILVA OLIVEIRA', '(98) 98484-8507', '050.482.273-01', '', 'banco do brasil', '1027-8', '32435-3', '(98) 984848507', '', '', 'ROBERTO  OLIVEIRA', 'CLT', 1, '2022-05-06 17:46:10', '2022-05-06 17:46:10', '1.00', '0.00', '4.00', '4.00', 4, 5, 5, 77),
(164, 'Evaldo Moizinho Mendes', '(98) 99609-2407', '892.421.303-20', '', 'bradesco', '1181-9', '1000721-6', '', '03658431101', '01227385894', 'EVALDO', 'CLT', 1, '2022-05-06 18:33:58', '2022-05-06 18:33:58', '1.00', '0.00', '1.50', '1.50', 4, 4, 2, 79),
(165, 'EVANIO CASTRO FREITAS', '(99) 98135-6294', '027.887.983-77', '', 'bradesco', '1036', '623138-1', '', '', '', 'EVANIO', 'CLT', 1, '2022-05-06 18:37:17', '2022-05-06 18:37:17', '0.00', '0.00', '4.00', '4.00', 4, 4, 5, 76),
(166, 'VANDERLEY DE OZINO SILVA SANTOS', '(98) 99229-4269', '619.596.723-80', '', 'Caixa Econômica Federal', '4480', '20189-1', '619.596.723-80', '06205885433', '01106235239', 'VANDERLEY ', 'CLT', 1, '2022-05-06 19:00:06', '2022-05-06 19:00:06', '1.00', '0.00', '4.00', '4.00', 4, 5, 1, 79),
(167, 'FABIANA DE ALMEIDA CARDOSO', '(99) 98145-4961', '962.260.053-00', '', 'bradesco', '1142-8', '0008010-1', '', '06744005198', '00209855444', 'FABIANA', 'CLT', 1, '2022-05-06 19:32:00', '2022-05-06 19:32:00', '1.00', '0.00', '4.00', '4.00', 4, 4, 2, 76),
(168, 'HAIRTON PEREIRA MATILDE', '(98) 99101-5701', '018.593.973-28', '', 'bradesco', '1080-4', '1001485-9', '', '', '', 'HAIRTON', 'CLT', 1, '2022-05-06 19:45:52', '2022-05-06 19:45:52', '1.00', '0.00', '4.00', '4.00', 4, 4, 5, 76),
(169, 'MAURO ROBERTO SOUZA MESQUITA', '(99) 98173-6013', '580.772.003-20', '', 'bradesco Next - 237', '7160-9', '6477106-0', '', '', '', 'MAURO MESQUITA ', 'CLT', 1, '2022-05-06 19:57:34', '2022-05-06 19:57:34', '1.00', '0.00', '3.00', '3.00', 4, 4, 5, 76),
(170, 'RAIFRAN DE OLIVEIRA', '(99) 98202-9334', '045.170.423-16', '', 'bradesco', '3750', '540482-7', '', '', '', 'RAIFRAN', 'CLT', 1, '2022-05-06 20:08:31', '2022-05-06 20:08:31', '1.00', '0.00', '4.00', '4.00', 4, 4, 5, 76),
(171, 'CARLOS AUGUSTO', '', '', '', '', '', '', '', '', '', 'CARLINHOS', 'CLT', 1, '2022-05-19 17:33:51', '2022-05-19 17:33:51', '0.00', '0.00', '0.00', '0.00', 4, 4, 5, 74),
(172, 'HARRISON IGOR DA SILVA CHAGAS', '(98) 98605-9046', '056.408.663-06', '', 'bradesco', '408', '34962-3', '', '06666645925', '01279365584', 'igor', 'CLT', 1, '2022-05-24 15:25:48', '2022-05-24 15:25:48', '0.00', '0.00', '0.00', '0.00', 4, 4, 3, 74),
(173, 'BRUNO FELIPE CHAVES COSTA VALE', '(98) 99110-7677', '045.844.183-06', '', 'bradesco', '1052-9', '0555604-0', '', '04543682599', '00923836020', 'BRUNO FELIPE', 'CLT', 1, '2022-05-25 18:10:08', '2022-05-25 18:10:08', '1.00', '0.00', '4.00', '4.00', 4, 4, 2, 80),
(174, 'LUCAS BEZERRA MARINHO', '(98) 99117-3642', '065.098.253-33', '', '', '', '', '', '06949319707', '00340724005', 'LUCAS', 'CLT', 1, '2022-06-16 12:14:15', '2022-06-16 12:14:15', '0.00', '0.00', '0.00', '0.00', 4, 4, 1, 74),
(175, 'CLEILTON - GEANNE', '(98) 97003-1758', '062.816.843-89', '', '', '', '', 'CPF: 062.816.843-89', '', '', 'CLEILTON', 'CLT', 1, '2022-06-20 20:14:31', '2022-06-20 20:14:31', '0.00', '0.00', '4.00', '4.00', 4, 5, 5, 76),
(176, 'FRANCISCO DAS CHAGAS SILVA MORAES', '(98) 98703-1343', '663.596.863-68', 'franciscodaschagassilvamoraes@gmail.com', '', '', '', '', '03663708731', '00340724005', 'chico', 'CLT', 1, '2022-07-20 11:40:44', '2022-07-20 11:40:44', '0.00', '0.00', '0.00', '0.00', 4, 4, 1, 74),
(177, 'Leiliany de C.  Barros', '', '859.772.842-68', '', '', '', '', '', '', '', 'LEILIANY', 'CLT', 1, '2022-07-20 18:53:44', '2022-07-20 18:53:44', '0.00', '0.00', '0.00', '0.00', 4, 4, 1, 81),
(178, 'FERNANDO DOUGLAS PEREIRA RODRIGUES DE FREITAS', '(98) 98112-7760', '950.939.073-91', '', '', '', '', '', '', '', 'FERNANDO', 'CLT', 1, '2022-07-25 17:02:49', '2022-07-25 17:02:49', '0.00', '0.00', '0.00', '0.00', 4, 4, 2, 74),
(179, 'MARQUIEL SOARES RIBEIRO', '', '022.151.933-52', '', '', '', '', '', '03437577403', '00154046353', 'MARQUIEL', 'PJ', 1, '2022-08-05 19:39:44', '2022-08-05 19:39:44', '0.00', '0.00', '0.00', '0.00', 4, 4, 2, 74),
(180, 'VALDEYR RODRIGUES DA SILVA', '(98) 99169-7168', '604.401.993-44', '', '', '', '', '604.401.993-44', '07044858865', '01183637605', 'VALDEYR', 'PJ', 1, '2022-08-05 19:53:07', '2022-08-05 19:53:07', '1.00', '0.00', '4.00', '4.00', 4, 4, 2, 80),
(181, 'ENOCK PEIXOTO MONTENEGRO', '(98) 98413-1081', '392.600.974-87', 'enock@montenegroexpress.com.br', '', '', '', '', '00740667527', '00603168884', 'enock', 'CLT', 1, '2022-08-08 19:11:46', '2022-08-08 19:11:46', '0.00', '0.00', '0.00', '0.00', 4, 4, 2, 74),
(182, 'ALESSANDRO DE MORAES RODRIGUES', '', '025.525.303-62', '', '67897654567890', '0987890', '0986789', '8848774577', '05088639691', '00958653887', 'alessandro', 'CLT', 2, '2022-08-15 16:38:58', '2022-08-15 16:38:58', '1.00', '1.50', '3.00', '2.00', 4, 4, 1, 74),
(184, 'natan', '(99) 99999-9999', 'xxxxxxxxxxx', 'natan@gmail.com', 'xxxxxxxxxxxxxxxxx', 'xxxxxxxxxxxxxxxxxxxx', 'xxxxxxxxxxxxxxxxxxxx', 'xxxxxxxxxxxxxxxxxxxxxx', '6565656565656665', '8787878787887', 'natan', 'PJ', 1, '2022-12-08 13:36:47', '2022-12-08 13:36:47', '2.00', '3.00', '0.00', '0.00', 4, 4, 1, 74),
(185, 'Rafael ferreira da silva', '(98) 98309-0703', '32076741860', 'raphael.rufus2@gmail.com', '', '', '', '', '', '', 'rafael', 'CLT', 1, '2022-12-19 12:41:01', '2022-12-19 12:41:01', '1.00', '1.00', '0.00', '0.00', 4, 4, 5, 74),
(186, 'Theodoro', '', '', '', '', '', '', '', '', '', 'TEO', 'PJ', 1, '2022-12-19 13:10:16', '2022-12-19 13:10:16', '1.00', '1.00', '0.00', '0.00', 4, 4, 2, 74),
(187, 'JOACY GONÇALVES DE OLIVEIRA', '', '063.156.153-68', '', '', '', '', '', '00121575534', '01260421543', 'joacy', 'PJ', 1, '2023-01-23 13:53:12', '2023-01-23 13:53:12', '0.00', '0.00', '2.00', '2.00', 4, 4, 2, 74),
(188, 'MARCOS VINICIOUS SAMPAIO DE MENEZES', '', '611.346.013-44', '', '', '', '', '', '06661503250', '01188994171', 'marcos vinicius', 'PJ', 1, '2023-01-23 14:02:42', '2023-01-23 14:02:42', '0.00', '0.00', '2.00', '2.00', 4, 4, 2, 74),
(189, 'WALDYNAH PEREIRA VIEIRA DO NORTE', '', '624.952.673-00', '', '', '', '', '', '01652211040', '01202186235', 'waldynah', 'PJ', 1, '2023-01-23 14:05:03', '2023-01-23 14:05:03', '0.00', '0.00', '2.00', '2.00', 4, 4, 1, 74),
(190, 'jOÃO', '', '', '', '', '', '', '', '', '', 'JOÃO', 'CLT', 1, '2023-03-20 18:32:03', '2023-03-20 18:32:03', '1.00', '1.00', '1.00', '1.00', 4, 4, 1, 74),
(191, 'MARIA AURICLEIDE ', '(98) 98413-1091', '', 'SUPERVISAO@MONTENEGROEXPRESS.COM.BR', '', '', '', '', '', '', 'CLEIDE', 'CLT', 1, '2023-04-06 12:26:15', '2023-04-06 12:26:15', '0.00', '0.00', '0.00', '0.00', 4, 5, 2, 74),
(192, 'CIRO', '', '', '', '', '', '', '', '', '', 'CIRO', 'CLT', 1, '2023-04-06 12:55:17', '2023-04-06 12:55:17', '0.80', '0.80', '1.40', '1.40', 4, 4, 1, 74),
(193, 'CARLOS WALISSON SÁ MENEZES PINTO', '', '027.474.443-09', '', '', '', '', '', '06032485493', '01036186960', 'CARLOS WALISSON ', 'CLT', 1, '2023-04-06 14:52:50', '2023-04-06 14:52:50', '0.00', '0.00', '0.00', '0.00', 4, 4, 2, 74),
(195, 'empresa-local', '(98) 98745-1262', '6565656565656565', 'local@gmail.com', '78787878787', '8787878787878', '87878787878787', '878787878787878', '151515151515151', '5151515151515', 'NENHUM', 'CLT', 1, '2023-06-22 20:25:01', '2023-06-22 20:25:01', '1.00', '1.00', '1.00', '1.00', 4, 4, 1, 79);

-- --------------------------------------------------------

--
-- Estrutura da tabela `entregador_detalhe`
--

CREATE TABLE `entregador_detalhe` (
  `id` int(11) NOT NULL,
  `data` timestamp NULL DEFAULT NULL,
  `status` int(11) DEFAULT NULL,
  `obs` varchar(255) DEFAULT NULL,
  `ocorrencias_id` int(11) NOT NULL,
  `entregadores_id` int(11) NOT NULL,
  `boletos_id` int(11) NOT NULL
) ENGINE=InnoDB DEFAULT CHARSET=utf8mb4;

--
-- Extraindo dados da tabela `entregador_detalhe`
--

INSERT INTO `entregador_detalhe` (`id`, `data`, `status`, `obs`, `ocorrencias_id`, `entregadores_id`, `boletos_id`) VALUES
(223, '2023-08-03 21:57:48', 2, 'Nenhuma ...', 18, 151, 33837),
(224, '2023-08-03 21:57:48', 2, 'Nenhuma ...', 18, 151, 33838),
(225, '2023-08-03 21:08:47', 4, 'Primeira tentativa ', 6, 151, 33837),
(226, '2023-08-03 21:08:55', 3, '', 18, 151, 33838);

-- --------------------------------------------------------

--
-- Estrutura da tabela `entregador_qtd`
--

CREATE TABLE `entregador_qtd` (
  `id` int(11) NOT NULL,
  `data_ini` timestamp NULL DEFAULT NULL,
  `vencimento` timestamp NULL DEFAULT NULL,
  `qtd` int(11) DEFAULT NULL,
  `entregadores_id` int(11) NOT NULL,
  `receber_id` int(11) NOT NULL
) ENGINE=InnoDB DEFAULT CHARSET=utf8mb4;

--
-- Extraindo dados da tabela `entregador_qtd`
--

INSERT INTO `entregador_qtd` (`id`, `data_ini`, `vencimento`, `qtd`, `entregadores_id`, `receber_id`) VALUES
(286, '2023-08-03 21:57:53', '2023-08-03 21:57:48', 0, 151, 1785);

-- --------------------------------------------------------

--
-- Estrutura da tabela `entregador_rota`
--

CREATE TABLE `entregador_rota` (
  `id` int(11) NOT NULL,
  `entregadores_id` int(11) NOT NULL,
  `rotas_id` int(11) NOT NULL,
  `regioes_id` int(11) NOT NULL
) ENGINE=InnoDB DEFAULT CHARSET=utf8mb4;

--
-- Extraindo dados da tabela `entregador_rota`
--

INSERT INTO `entregador_rota` (`id`, `entregadores_id`, `rotas_id`, `regioes_id`) VALUES
(91, 166, 89, 79),
(92, 70, 38, 79),
(96, 98, 18, 74),
(98, 145, 24, 76),
(99, 144, 36, 76),
(104, 173, 90, 80),
(105, 149, 28, 76),
(106, 151, 27, 76),
(108, 91, 42, 74),
(109, 91, 58, 74),
(110, 152, 39, 79),
(113, 164, 38, 79),
(114, 165, 25, 76),
(115, 167, 31, 76),
(116, 153, 32, 77),
(117, 129, 88, 74),
(119, 154, 40, 79),
(120, 168, 26, 76),
(121, 172, 52, 74),
(122, 172, 53, 74),
(123, 172, 58, 74),
(124, 162, 41, 79),
(125, 133, 49, 74),
(126, 133, 54, 74),
(127, 133, 96, 74),
(128, 133, 97, 74),
(129, 158, 93, 74),
(130, 158, 92, 74),
(131, 158, 13, 74),
(132, 158, 14, 74),
(133, 158, 15, 74),
(134, 158, 16, 74),
(135, 158, 17, 74),
(136, 158, 18, 74),
(137, 158, 19, 74),
(138, 158, 20, 74),
(139, 158, 21, 74),
(140, 158, 22, 74),
(141, 158, 33, 74),
(142, 158, 42, 74),
(143, 158, 48, 74),
(144, 158, 49, 74),
(145, 158, 50, 74),
(146, 158, 51, 74),
(147, 158, 52, 74),
(148, 158, 53, 74),
(149, 158, 54, 74),
(150, 158, 55, 74),
(151, 158, 87, 74),
(152, 158, 64, 74),
(153, 158, 88, 74),
(154, 158, 56, 74),
(155, 158, 66, 74),
(156, 158, 67, 74),
(157, 158, 68, 74),
(158, 158, 69, 74),
(159, 158, 70, 74),
(160, 158, 71, 74),
(161, 158, 72, 74),
(162, 158, 73, 74),
(163, 158, 74, 74),
(164, 158, 75, 74),
(165, 158, 57, 74),
(166, 158, 76, 74),
(167, 158, 77, 74),
(168, 158, 78, 74),
(169, 158, 79, 74),
(170, 158, 80, 74),
(171, 158, 81, 74),
(172, 158, 82, 74),
(173, 158, 83, 74),
(174, 158, 84, 74),
(175, 158, 85, 74),
(176, 158, 58, 74),
(177, 158, 86, 74),
(178, 158, 59, 74),
(179, 158, 60, 74),
(180, 158, 61, 74),
(181, 158, 62, 74),
(182, 158, 63, 74),
(183, 158, 96, 74),
(184, 158, 97, 74),
(185, 78, 63, 74),
(188, 161, 35, 76),
(191, 159, 29, 76),
(192, 160, 91, 77),
(601, 103, 20, 74),
(602, 103, 21, 74),
(603, 103, 53, 74),
(606, 92, 14, 74),
(607, 92, 54, 74),
(610, 175, 37, 76),
(616, 97, 13, 74),
(617, 97, 64, 74),
(626, 101, 33, 74),
(627, 101, 48, 74),
(628, 101, 62, 74),
(633, 100, 55, 74),
(634, 100, 57, 74),
(635, 73, 42, 74),
(636, 73, 52, 74),
(637, 73, 58, 74),
(638, 73, 59, 74),
(640, 102, 52, 74),
(641, 137, 48, 74),
(642, 137, 58, 74),
(643, 137, 60, 74),
(644, 169, 23, 76),
(645, 150, 13, 74),
(646, 150, 22, 74),
(647, 150, 33, 74),
(648, 150, 48, 74),
(649, 150, 50, 74),
(650, 150, 64, 74),
(651, 170, 30, 76),
(653, 163, 34, 77),
(654, 88, 17, 74),
(655, 83, 97, 74),
(656, 171, 20, 74),
(657, 171, 21, 74),
(658, 171, 53, 74),
(659, 171, 61, 74),
(662, 95, 22, 74),
(663, 131, 15, 74),
(664, 131, 16, 74),
(665, 99, 19, 74),
(666, 99, 51, 74),
(667, 99, 60, 74),
(668, 174, 50, 74),
(669, 174, 98, 74),
(670, 176, 49, 74),
(671, 177, 46, 81),
(674, 138, 42, 74),
(675, 138, 58, 74),
(735, 136, 93, 74),
(736, 136, 92, 74),
(737, 136, 13, 74),
(738, 136, 14, 74),
(739, 136, 15, 74),
(740, 136, 16, 74),
(741, 136, 17, 74),
(742, 136, 18, 74),
(743, 136, 19, 74),
(744, 136, 20, 74),
(745, 136, 21, 74),
(746, 136, 22, 74),
(747, 136, 33, 74),
(748, 136, 42, 74),
(749, 136, 48, 74),
(750, 136, 49, 74),
(751, 136, 50, 74),
(752, 136, 51, 74),
(753, 136, 52, 74),
(754, 136, 53, 74),
(755, 136, 54, 74),
(756, 136, 55, 74),
(757, 136, 87, 74),
(758, 136, 64, 74),
(759, 136, 88, 74),
(760, 136, 56, 74),
(761, 136, 66, 74),
(762, 136, 67, 74),
(763, 136, 68, 74),
(764, 136, 69, 74),
(765, 136, 70, 74),
(766, 136, 71, 74),
(767, 136, 72, 74),
(768, 136, 73, 74),
(769, 136, 74, 74),
(770, 136, 75, 74),
(771, 136, 57, 74),
(772, 136, 76, 74),
(773, 136, 77, 74),
(774, 136, 78, 74),
(775, 136, 79, 74),
(776, 136, 80, 74),
(777, 136, 81, 74),
(778, 136, 82, 74),
(779, 136, 83, 74),
(780, 136, 84, 74),
(781, 136, 85, 74),
(782, 136, 58, 74),
(783, 136, 86, 74),
(784, 136, 59, 74),
(785, 136, 60, 74),
(786, 136, 61, 74),
(787, 136, 62, 74),
(788, 136, 63, 74),
(789, 136, 96, 74),
(790, 136, 97, 74),
(791, 136, 98, 74),
(796, 132, 14, 74),
(797, 132, 54, 74),
(798, 139, 63, 74),
(799, 178, 54, 74),
(800, 141, 17, 74),
(801, 179, 13, 74),
(802, 179, 14, 74),
(803, 179, 15, 74),
(804, 179, 16, 74),
(805, 179, 17, 74),
(806, 179, 18, 74),
(807, 179, 19, 74),
(808, 179, 20, 74),
(809, 179, 21, 74),
(810, 179, 22, 74),
(811, 179, 33, 74),
(812, 179, 42, 74),
(813, 179, 48, 74),
(814, 179, 49, 74),
(815, 179, 50, 74),
(816, 179, 51, 74),
(817, 179, 52, 74),
(818, 179, 53, 74),
(819, 179, 54, 74),
(820, 179, 55, 74),
(821, 179, 56, 74),
(822, 179, 57, 74),
(823, 179, 58, 74),
(824, 179, 59, 74),
(825, 179, 60, 74),
(826, 179, 61, 74),
(827, 179, 62, 74),
(828, 179, 63, 74),
(829, 179, 64, 74),
(830, 179, 66, 74),
(831, 179, 67, 74),
(832, 179, 68, 74),
(833, 179, 69, 74),
(834, 179, 70, 74),
(835, 179, 71, 74),
(836, 179, 72, 74),
(837, 179, 73, 74),
(838, 179, 74, 74),
(839, 179, 75, 74),
(840, 179, 76, 74),
(841, 179, 77, 74),
(842, 179, 78, 74),
(843, 179, 79, 74),
(844, 179, 80, 74),
(845, 179, 81, 74),
(846, 179, 82, 74),
(847, 179, 83, 74),
(848, 179, 84, 74),
(849, 179, 85, 74),
(850, 179, 86, 74),
(851, 179, 87, 74),
(852, 179, 88, 74),
(853, 179, 92, 74),
(854, 179, 93, 74),
(855, 179, 96, 74),
(856, 179, 97, 74),
(857, 179, 98, 74),
(858, 180, 90, 80),
(865, 181, 93, 74),
(866, 181, 92, 74),
(867, 181, 13, 74),
(868, 181, 14, 74),
(869, 181, 15, 74),
(870, 181, 16, 74),
(871, 181, 17, 74),
(872, 181, 18, 74),
(873, 181, 19, 74),
(874, 181, 20, 74),
(875, 181, 21, 74),
(876, 181, 22, 74),
(877, 181, 33, 74),
(878, 181, 42, 74),
(879, 181, 48, 74),
(880, 181, 49, 74),
(881, 181, 50, 74),
(882, 181, 51, 74),
(883, 181, 52, 74),
(884, 181, 53, 74),
(885, 181, 54, 74),
(886, 181, 55, 74),
(887, 181, 87, 74),
(888, 181, 64, 74),
(889, 181, 88, 74),
(890, 181, 56, 74),
(891, 181, 66, 74),
(892, 181, 67, 74),
(893, 181, 68, 74),
(894, 181, 69, 74),
(895, 181, 70, 74),
(896, 181, 71, 74),
(897, 181, 72, 74),
(898, 181, 73, 74),
(899, 181, 74, 74),
(900, 181, 75, 74),
(901, 181, 57, 74),
(902, 181, 76, 74),
(903, 181, 77, 74),
(904, 181, 78, 74),
(905, 181, 79, 74),
(906, 181, 80, 74),
(907, 181, 81, 74),
(908, 181, 82, 74),
(909, 181, 83, 74),
(910, 181, 84, 74),
(911, 181, 85, 74),
(912, 181, 58, 74),
(913, 181, 86, 74),
(914, 181, 59, 74),
(915, 181, 60, 74),
(916, 181, 61, 74),
(917, 181, 62, 74),
(918, 181, 63, 74),
(919, 181, 96, 74),
(920, 181, 97, 74),
(921, 181, 98, 74),
(923, 140, 56, 74),
(924, 132, 99, 74),
(925, 132, 100, 74),
(926, 132, 101, 74),
(927, 132, 102, 74),
(928, 132, 103, 74),
(929, 132, 104, 74),
(930, 132, 105, 74),
(931, 132, 106, 74),
(932, 132, 107, 74),
(933, 132, 108, 74),
(934, 132, 109, 74),
(935, 132, 110, 74),
(936, 132, 111, 74),
(937, 132, 112, 74),
(938, 132, 113, 74),
(939, 132, 114, 74),
(940, 132, 115, 74),
(941, 132, 116, 74),
(942, 132, 117, 74),
(943, 132, 118, 74),
(944, 132, 119, 74),
(945, 132, 120, 74),
(946, 132, 121, 74),
(947, 132, 122, 74),
(948, 132, 123, 74),
(949, 131, 124, 74),
(950, 131, 125, 74),
(951, 131, 126, 74),
(952, 131, 127, 74),
(953, 131, 128, 74),
(954, 131, 129, 74),
(955, 131, 130, 74),
(956, 131, 131, 74),
(957, 131, 132, 74),
(958, 131, 133, 74),
(959, 131, 134, 74),
(960, 131, 135, 74),
(961, 131, 136, 74),
(962, 131, 137, 74),
(963, 140, 138, 74),
(964, 140, 139, 74),
(965, 140, 140, 74),
(966, 140, 141, 74),
(967, 140, 142, 74),
(968, 140, 143, 74),
(969, 140, 144, 74),
(970, 140, 145, 74),
(971, 140, 146, 74),
(972, 140, 147, 74),
(973, 140, 148, 74),
(974, 140, 149, 74),
(975, 140, 150, 74),
(976, 140, 151, 74),
(977, 140, 152, 74),
(978, 140, 153, 74),
(979, 140, 154, 74),
(980, 140, 155, 74),
(981, 140, 156, 74),
(982, 140, 157, 74),
(983, 140, 158, 74),
(984, 140, 159, 74),
(985, 140, 160, 74),
(986, 140, 161, 74),
(987, 140, 162, 74),
(988, 140, 163, 74),
(989, 140, 164, 74),
(990, 140, 165, 74),
(991, 140, 166, 74),
(992, 140, 167, 74),
(993, 140, 168, 74),
(994, 140, 169, 74),
(996, 100, 170, 74),
(997, 100, 171, 74),
(998, 100, 172, 74),
(999, 100, 173, 74),
(1000, 100, 174, 74),
(1001, 100, 175, 74),
(1002, 100, 176, 74),
(1003, 100, 178, 74),
(1004, 100, 179, 74),
(1005, 100, 180, 74),
(1006, 100, 181, 74),
(1007, 100, 182, 74),
(1008, 100, 183, 74),
(1009, 100, 184, 74),
(1010, 100, 185, 74),
(1011, 100, 186, 74),
(1012, 100, 187, 74),
(1013, 100, 188, 74),
(1014, 100, 189, 74),
(1015, 100, 190, 74),
(1016, 100, 191, 74),
(1017, 100, 192, 74),
(1018, 100, 193, 74),
(1019, 100, 194, 74),
(1020, 100, 195, 74),
(1021, 100, 196, 74),
(1022, 101, 197, 74),
(1023, 101, 198, 74),
(1024, 101, 199, 74),
(1025, 101, 200, 74),
(1026, 101, 201, 74),
(1027, 101, 202, 74),
(1028, 101, 203, 74),
(1029, 101, 204, 74),
(1030, 101, 205, 74),
(1031, 101, 206, 74),
(1032, 101, 207, 74),
(1033, 101, 208, 74),
(1034, 101, 209, 74),
(1035, 101, 210, 74),
(1036, 101, 211, 74),
(1037, 101, 212, 74),
(1038, 101, 213, 74),
(1039, 101, 214, 74),
(1040, 101, 215, 74),
(1041, 101, 216, 74),
(1042, 101, 217, 74),
(1043, 101, 218, 74),
(1044, 101, 219, 74),
(1045, 101, 220, 74),
(1046, 101, 221, 74),
(1047, 101, 222, 74),
(1048, 101, 223, 74),
(1049, 101, 224, 74),
(1050, 101, 225, 74),
(1051, 99, 226, 74),
(1052, 99, 227, 74),
(1053, 99, 228, 74),
(1054, 99, 229, 74),
(1055, 99, 230, 74),
(1056, 99, 231, 74),
(1057, 99, 232, 74),
(1058, 99, 233, 74),
(1059, 99, 234, 74),
(1060, 99, 235, 74),
(1061, 99, 236, 74),
(1062, 99, 237, 74),
(1063, 99, 238, 74),
(1064, 99, 239, 74),
(1065, 99, 240, 74),
(1066, 99, 241, 74),
(1067, 99, 242, 74),
(1068, 99, 243, 74),
(1069, 99, 244, 74),
(1070, 99, 245, 74),
(1071, 99, 246, 74),
(1072, 99, 247, 74),
(1073, 99, 248, 74),
(1074, 99, 249, 74),
(1075, 99, 250, 74),
(1076, 99, 251, 74),
(1081, 141, 252, 74),
(1082, 141, 253, 74),
(1083, 141, 254, 74),
(1084, 141, 255, 74),
(1085, 141, 256, 74),
(1086, 141, 257, 74),
(1087, 141, 258, 74),
(1088, 141, 259, 74),
(1089, 141, 260, 74),
(1090, 141, 261, 74),
(1091, 141, 262, 74),
(1092, 141, 263, 74),
(1093, 141, 264, 74),
(1094, 141, 265, 74),
(1095, 141, 266, 74),
(1096, 141, 267, 74),
(1097, 141, 268, 74),
(1098, 141, 269, 74),
(1099, 141, 270, 74),
(1100, 141, 271, 74),
(1101, 141, 272, 74),
(1102, 141, 273, 74),
(1103, 141, 274, 74),
(1104, 141, 275, 74),
(1105, 141, 276, 74),
(1106, 141, 277, 74),
(1107, 141, 278, 74),
(1108, 141, 279, 74),
(1109, 141, 280, 74),
(1112, 131, 281, 74),
(1113, 131, 282, 74),
(1114, 131, 283, 74),
(1115, 131, 284, 74),
(1116, 131, 285, 74),
(1117, 131, 286, 74),
(1118, 131, 287, 74),
(1119, 131, 288, 74),
(1120, 131, 289, 74),
(1121, 131, 290, 74),
(1122, 131, 291, 74),
(1123, 131, 292, 74),
(1124, 98, 293, 74),
(1125, 98, 294, 74),
(1126, 98, 295, 74),
(1127, 98, 296, 74),
(1128, 98, 297, 74),
(1129, 98, 298, 74),
(1130, 98, 299, 74),
(1131, 98, 300, 74),
(1132, 98, 301, 74),
(1133, 98, 302, 74),
(1134, 98, 303, 74),
(1135, 98, 304, 74),
(1136, 98, 305, 74),
(1137, 98, 306, 74),
(1138, 98, 307, 74),
(1139, 98, 308, 74),
(1140, 98, 309, 74),
(1141, 98, 310, 74),
(1142, 98, 311, 74),
(1143, 98, 312, 74),
(1144, 98, 313, 74),
(1145, 98, 314, 74),
(1146, 99, 315, 74),
(1147, 99, 316, 74),
(1148, 99, 317, 74),
(1149, 99, 318, 74),
(1150, 99, 319, 74),
(1151, 99, 320, 74),
(1152, 99, 321, 74),
(1153, 99, 322, 74),
(1154, 99, 323, 74),
(1155, 99, 324, 74),
(1156, 99, 325, 74),
(1157, 99, 326, 74),
(1158, 91, 327, 74),
(1159, 91, 328, 74),
(1160, 91, 329, 74),
(1161, 91, 330, 74),
(1162, 91, 331, 74),
(1163, 91, 332, 74),
(1164, 91, 333, 74),
(1165, 91, 334, 74),
(1166, 91, 335, 74),
(1167, 91, 336, 74),
(1168, 91, 337, 74),
(1169, 91, 338, 74),
(1170, 91, 339, 74),
(1171, 91, 340, 74),
(1172, 91, 341, 74),
(1173, 91, 342, 74),
(1174, 91, 343, 74),
(1175, 91, 345, 74),
(1176, 91, 346, 74),
(1177, 91, 347, 74),
(1178, 91, 348, 74),
(1179, 91, 349, 74),
(1180, 91, 350, 74),
(1181, 91, 351, 74),
(1182, 91, 352, 74),
(1183, 91, 353, 74),
(1184, 91, 354, 74),
(1185, 91, 355, 74),
(1186, 91, 356, 74),
(1187, 91, 357, 74),
(1188, 91, 358, 74),
(1189, 91, 359, 74),
(1190, 91, 360, 74),
(1191, 91, 361, 74),
(1192, 91, 362, 74),
(1193, 91, 363, 74),
(1194, 91, 364, 74),
(1195, 91, 365, 74),
(1196, 91, 366, 74),
(1197, 91, 367, 74),
(1198, 91, 368, 74),
(1199, 91, 369, 74),
(1200, 91, 370, 74),
(1201, 91, 371, 74),
(1202, 91, 372, 74),
(1203, 91, 373, 74),
(1204, 91, 374, 74),
(1205, 91, 375, 74),
(1206, 91, 376, 74),
(1207, 91, 377, 74),
(1208, 91, 378, 74),
(1209, 91, 379, 74),
(1210, 95, 380, 74),
(1211, 95, 381, 74),
(1212, 95, 382, 74),
(1213, 95, 383, 74),
(1214, 95, 384, 74),
(1215, 95, 385, 74),
(1216, 95, 386, 74),
(1217, 138, 387, 74),
(1218, 138, 388, 74),
(1219, 138, 389, 74),
(1220, 138, 390, 74),
(1221, 138, 391, 74),
(1222, 138, 392, 74),
(1223, 138, 393, 74),
(1224, 138, 394, 74),
(1225, 138, 395, 74),
(1226, 138, 396, 74),
(1227, 138, 397, 74),
(1228, 138, 398, 74),
(1229, 138, 399, 74),
(1230, 138, 400, 74),
(1231, 138, 401, 74),
(1232, 138, 402, 74),
(1233, 138, 403, 74),
(1234, 138, 404, 74),
(1235, 138, 405, 74),
(1236, 138, 406, 74),
(1237, 138, 407, 74),
(1238, 138, 408, 74),
(1239, 138, 409, 74),
(1240, 138, 410, 74),
(1241, 138, 411, 74),
(1242, 138, 412, 74),
(1243, 138, 413, 74),
(1244, 138, 414, 74),
(1245, 138, 415, 74),
(1246, 138, 416, 74),
(1247, 138, 417, 74),
(1248, 138, 418, 74),
(1249, 138, 419, 74),
(1250, 138, 420, 74),
(1251, 138, 421, 74),
(1252, 138, 422, 74),
(1253, 138, 423, 74),
(1254, 138, 424, 74),
(1255, 138, 425, 74),
(1256, 138, 426, 74),
(1257, 138, 427, 74),
(1258, 138, 428, 74),
(1259, 138, 429, 74),
(1260, 138, 430, 74),
(1261, 138, 431, 74),
(1262, 138, 432, 74),
(1263, 138, 433, 74),
(1264, 138, 434, 74),
(1265, 138, 435, 74),
(1266, 138, 436, 74),
(1267, 138, 437, 74),
(1268, 138, 438, 74),
(1269, 138, 439, 74),
(1270, 138, 440, 74),
(1271, 138, 441, 74),
(1272, 138, 442, 74),
(1273, 138, 443, 74),
(1274, 138, 444, 74),
(1275, 138, 445, 74),
(1276, 138, 446, 74),
(1277, 138, 447, 74),
(1278, 138, 448, 74),
(1279, 138, 449, 74),
(1280, 138, 450, 74),
(1281, 138, 451, 74),
(1282, 138, 452, 74),
(1283, 138, 453, 74),
(1284, 138, 454, 74),
(1285, 138, 455, 74),
(1286, 138, 456, 74),
(1287, 138, 457, 74),
(1288, 138, 458, 74),
(1289, 138, 459, 74),
(1290, 138, 460, 74),
(1291, 138, 461, 74),
(1292, 138, 462, 74),
(1293, 138, 463, 74),
(1294, 138, 464, 74),
(1295, 138, 465, 74),
(1296, 138, 466, 74),
(1297, 138, 467, 74),
(1298, 138, 468, 74),
(1299, 138, 469, 74),
(1300, 138, 470, 74),
(1301, 138, 471, 74),
(1302, 138, 472, 74),
(1303, 138, 473, 74),
(1304, 138, 474, 74),
(1305, 138, 475, 74),
(1306, 138, 476, 74),
(1307, 138, 477, 74),
(1308, 138, 478, 74),
(1309, 138, 479, 74),
(1310, 138, 480, 74),
(1311, 138, 481, 74),
(1312, 138, 482, 74),
(1313, 138, 483, 74),
(1314, 138, 484, 74),
(1315, 138, 485, 74),
(1316, 138, 486, 74),
(1317, 138, 487, 74),
(1318, 103, 488, 74),
(1319, 103, 489, 74),
(1320, 103, 490, 74),
(1321, 103, 491, 74),
(1322, 103, 492, 74),
(1323, 103, 493, 74),
(1324, 103, 494, 74),
(1325, 103, 495, 74),
(1326, 103, 496, 74),
(1327, 103, 497, 74),
(1328, 103, 498, 74),
(1329, 103, 499, 74),
(1330, 103, 500, 74),
(1331, 103, 501, 74),
(1332, 103, 502, 74),
(1333, 103, 503, 74),
(1334, 103, 504, 74),
(1335, 103, 505, 74),
(1336, 103, 506, 74),
(1337, 103, 507, 74),
(1338, 103, 508, 74),
(1339, 103, 509, 74),
(1340, 103, 510, 74),
(1341, 103, 511, 74),
(1342, 103, 512, 74),
(1343, 103, 513, 74),
(1344, 103, 514, 74),
(1345, 103, 515, 74),
(1346, 103, 516, 74),
(1347, 103, 517, 74),
(1348, 103, 518, 74),
(1349, 103, 519, 74),
(1350, 103, 520, 74),
(1351, 103, 521, 74),
(1352, 103, 522, 74),
(1353, 103, 523, 74),
(1354, 103, 526, 74),
(1356, 103, 527, 74),
(1357, 103, 528, 74),
(1358, 103, 529, 74),
(1359, 103, 530, 74),
(1360, 103, 531, 74),
(1361, 103, 532, 74),
(1362, 103, 533, 74),
(1363, 103, 534, 74),
(1364, 103, 535, 74),
(1365, 103, 536, 74),
(1366, 103, 537, 74),
(1367, 103, 538, 74),
(1368, 103, 539, 74),
(1369, 103, 540, 74),
(1370, 102, 541, 74),
(1371, 102, 542, 74),
(1372, 102, 543, 74),
(1373, 102, 544, 74),
(1374, 102, 545, 74),
(1375, 102, 546, 74),
(1376, 102, 547, 74),
(1377, 102, 548, 74),
(1378, 102, 549, 74),
(1379, 102, 550, 74),
(1380, 102, 551, 74),
(1381, 102, 552, 74),
(1382, 102, 553, 74),
(1383, 102, 554, 74),
(1384, 102, 555, 74),
(1385, 102, 556, 74),
(1386, 139, 557, 74),
(1387, 139, 558, 74),
(1388, 139, 559, 74),
(1389, 139, 560, 74),
(1390, 139, 561, 74),
(1391, 139, 562, 74),
(1392, 139, 563, 74),
(1393, 139, 564, 74),
(1394, 139, 565, 74),
(1395, 139, 566, 74),
(1396, 139, 567, 74),
(1397, 139, 568, 74),
(1398, 139, 569, 74),
(1399, 139, 570, 74),
(1400, 139, 571, 74),
(1401, 139, 572, 74),
(1402, 139, 573, 74),
(1403, 139, 574, 74),
(1404, 139, 575, 74),
(1405, 139, 576, 74),
(1406, 139, 577, 74),
(1407, 139, 578, 74),
(1408, 139, 579, 74),
(1409, 139, 580, 74),
(1410, 139, 581, 74),
(1411, 139, 582, 74),
(1412, 139, 583, 74),
(1413, 139, 584, 74),
(1414, 139, 585, 74),
(1415, 139, 586, 74),
(1416, 139, 587, 74),
(1417, 139, 588, 74),
(1418, 139, 589, 74),
(1419, 139, 590, 74),
(1420, 139, 591, 74),
(1421, 139, 592, 74),
(1422, 139, 593, 74),
(1423, 139, 594, 74),
(1424, 139, 595, 74),
(1425, 139, 596, 74),
(1426, 97, 597, 74),
(1427, 97, 598, 74),
(1428, 97, 599, 74),
(1429, 97, 600, 74),
(1430, 97, 601, 74),
(1431, 97, 602, 74),
(1432, 97, 603, 74),
(1433, 97, 604, 74),
(1434, 97, 605, 74),
(1435, 97, 606, 74),
(1436, 136, 607, 74),
(1437, 136, 608, 74),
(1438, 136, 609, 74),
(1439, 136, 610, 74),
(1440, 136, 611, 74),
(1441, 136, 612, 74),
(1442, 136, 613, 74),
(1443, 136, 614, 74),
(1444, 136, 615, 74),
(1445, 136, 616, 74),
(1446, 136, 617, 74),
(1447, 136, 618, 74),
(1448, 183, 543, 74),
(1449, 174, 619, 74),
(1450, 174, 620, 74),
(1451, 174, 621, 74),
(1452, 174, 622, 74),
(1453, 174, 623, 74),
(1454, 174, 624, 74),
(1455, 174, 625, 74),
(1456, 174, 626, 74),
(1457, 174, 627, 74),
(1458, 174, 628, 74),
(1459, 174, 629, 74),
(1460, 174, 630, 74),
(1461, 174, 631, 74),
(1462, 174, 632, 74),
(1463, 174, 633, 74),
(1464, 174, 634, 74),
(1483, 101, 639, 74),
(1484, 101, 640, 74),
(1485, 101, 641, 74),
(1486, 101, 642, 74),
(1487, 101, 643, 74),
(1488, 101, 644, 74),
(1489, 99, 645, 74),
(1490, 99, 646, 74),
(1491, 99, 647, 74),
(1492, 99, 649, 74),
(1493, 99, 650, 74),
(1494, 184, 15, 74),
(1495, 184, 395, 74),
(1496, 184, 651, 74),
(1497, 184, 322, 74),
(1498, 184, 323, 74),
(1499, 184, 316, 74),
(1500, 184, 317, 74),
(1501, 184, 318, 74),
(1502, 184, 652, 74),
(1503, 184, 320, 74),
(1504, 184, 321, 74),
(1505, 184, 324, 74),
(1506, 184, 325, 74),
(1507, 184, 326, 74),
(1508, 184, 653, 74),
(1509, 184, 343, 74),
(1510, 184, 163, 74),
(1511, 184, 345, 74),
(1512, 184, 346, 74),
(1513, 184, 347, 74),
(1514, 184, 348, 74),
(1515, 184, 349, 74),
(1516, 184, 350, 74),
(1517, 184, 351, 74),
(1518, 184, 352, 74),
(1519, 184, 360, 74),
(1520, 184, 354, 74),
(1521, 184, 356, 74),
(1522, 184, 357, 74),
(1523, 184, 358, 74),
(1524, 184, 359, 74),
(1525, 184, 361, 74),
(1526, 184, 362, 74),
(1527, 184, 363, 74),
(1528, 184, 364, 74),
(1529, 184, 365, 74),
(1530, 184, 366, 74),
(1531, 184, 367, 74),
(1532, 184, 368, 74),
(1533, 184, 369, 74),
(1534, 184, 370, 74),
(1535, 184, 314, 74),
(1536, 184, 358, 74),
(1537, 184, 373, 74),
(1538, 184, 375, 74),
(1539, 184, 376, 74),
(1540, 184, 377, 74),
(1541, 184, 378, 74),
(1542, 184, 379, 74),
(1543, 184, 657, 74),
(1544, 171, 658, 74),
(1545, 171, 488, 74),
(1546, 171, 489, 74),
(1547, 171, 490, 74),
(1548, 171, 491, 74),
(1549, 171, 492, 74),
(1550, 171, 659, 74),
(1551, 171, 660, 74),
(1552, 171, 496, 74),
(1553, 171, 497, 74),
(1554, 171, 498, 74),
(1555, 171, 663, 74),
(1556, 171, 500, 74),
(1557, 171, 501, 74),
(1558, 171, 502, 74),
(1559, 171, 503, 74),
(1560, 171, 504, 74),
(1561, 171, 512, 74),
(1562, 171, 669, 74),
(1563, 171, 670, 74),
(1564, 171, 515, 74),
(1565, 171, 671, 74),
(1566, 171, 517, 74),
(1567, 171, 518, 74),
(1568, 171, 520, 74),
(1569, 171, 672, 74),
(1570, 171, 673, 74),
(1571, 171, 674, 74),
(1572, 171, 511, 74),
(1573, 171, 675, 74),
(1574, 171, 525, 74),
(1575, 171, 676, 74),
(1576, 171, 677, 74),
(1577, 171, 678, 74),
(1578, 171, 679, 74),
(1579, 171, 680, 74),
(1580, 171, 681, 74),
(1581, 171, 682, 74),
(1582, 171, 684, 74),
(1583, 171, 683, 74),
(1584, 171, 685, 74),
(1585, 171, 686, 74),
(1586, 171, 687, 74),
(1587, 171, 187, 74),
(1588, 171, 688, 74),
(1589, 73, 549, 74),
(1590, 73, 550, 74),
(1591, 73, 551, 74),
(1592, 73, 552, 74),
(1593, 73, 554, 74),
(1594, 95, 557, 74),
(1595, 73, 550, 74),
(1596, 0, 551, 0),
(1597, 0, 552, 0),
(1598, 0, 554, 0),
(1599, 0, 555, 74),
(1600, 95, 380, 74),
(1601, 95, 558, 74),
(1602, 95, 559, 74),
(1603, 95, 560, 74),
(1604, 95, 561, 74),
(1605, 95, 380, 74),
(1606, 95, 690, 74),
(1607, 95, 691, 74),
(1608, 95, 565, 74),
(1609, 95, 692, 74),
(1610, 95, 567, 74),
(1611, 95, 693, 74),
(1612, 95, 562, 74),
(1613, 95, 564, 74),
(1614, 95, 566, 74),
(1615, 95, 568, 74),
(1616, 95, 569, 74),
(1617, 95, 570, 74),
(1618, 95, 695, 74),
(1619, 95, 571, 74),
(1620, 95, 572, 74),
(1621, 95, 573, 74),
(1622, 95, 574, 74),
(1623, 191, 13, 74),
(1624, 191, 14, 74),
(1625, 191, 15, 74),
(1626, 191, 16, 74),
(1627, 191, 17, 74),
(1628, 191, 18, 74),
(1629, 191, 19, 74),
(1630, 191, 20, 74),
(1631, 191, 21, 74),
(1632, 191, 22, 74),
(1633, 191, 33, 74),
(1634, 191, 42, 74),
(1635, 191, 48, 74),
(1636, 191, 49, 74),
(1637, 191, 50, 74),
(1638, 191, 51, 74),
(1639, 191, 52, 74),
(1640, 191, 53, 74),
(1641, 191, 54, 74),
(1642, 191, 55, 74),
(1643, 191, 56, 74),
(1644, 191, 57, 74),
(1645, 191, 58, 74),
(1646, 191, 59, 74),
(1647, 191, 60, 74),
(1648, 191, 61, 74),
(1649, 191, 62, 74),
(1650, 191, 63, 74),
(1651, 191, 64, 74),
(1652, 191, 66, 74),
(1653, 191, 67, 74),
(1654, 191, 68, 74),
(1655, 191, 69, 74),
(1656, 191, 70, 74),
(1657, 191, 71, 74),
(1658, 191, 72, 74),
(1659, 191, 73, 74),
(1660, 191, 74, 74),
(1661, 191, 75, 74),
(1662, 191, 76, 74),
(1663, 191, 77, 74),
(1664, 191, 78, 74),
(1665, 191, 79, 74),
(1666, 191, 80, 74),
(1667, 191, 81, 74),
(1668, 191, 82, 74),
(1669, 191, 83, 74),
(1670, 191, 84, 74),
(1671, 191, 85, 74),
(1672, 191, 86, 74),
(1673, 191, 87, 74),
(1674, 191, 88, 74),
(1675, 191, 92, 74),
(1676, 191, 93, 74),
(1677, 191, 96, 74),
(1678, 191, 97, 74),
(1679, 191, 98, 74),
(1680, 191, 99, 74),
(1681, 191, 100, 74),
(1682, 191, 101, 74),
(1683, 191, 102, 74),
(1684, 191, 103, 74),
(1685, 191, 104, 74),
(1686, 191, 105, 74),
(1687, 191, 106, 74),
(1688, 191, 107, 74),
(1689, 191, 108, 74),
(1690, 191, 109, 74),
(1691, 191, 110, 74),
(1692, 191, 111, 74),
(1693, 191, 112, 74),
(1694, 191, 113, 74),
(1695, 191, 114, 74),
(1696, 191, 115, 74),
(1697, 191, 116, 74),
(1698, 191, 117, 74),
(1699, 191, 118, 74),
(1700, 191, 119, 74),
(1701, 191, 120, 74),
(1702, 191, 121, 74),
(1703, 191, 122, 74),
(1704, 191, 123, 74),
(1705, 191, 124, 74),
(1706, 191, 125, 74),
(1707, 191, 126, 74),
(1708, 191, 127, 74),
(1709, 191, 128, 74),
(1710, 191, 129, 74),
(1711, 191, 130, 74),
(1712, 191, 131, 74),
(1713, 191, 132, 74),
(1714, 191, 133, 74),
(1715, 191, 134, 74),
(1716, 191, 135, 74),
(1717, 191, 136, 74),
(1718, 191, 137, 74),
(1719, 191, 138, 74),
(1720, 191, 139, 74),
(1721, 191, 140, 74),
(1722, 191, 141, 74),
(1723, 191, 142, 74),
(1724, 191, 143, 74),
(1725, 191, 144, 74),
(1726, 191, 145, 74),
(1727, 191, 146, 74),
(1728, 191, 147, 74),
(1729, 191, 148, 74),
(1730, 191, 149, 74),
(1731, 191, 150, 74),
(1732, 191, 151, 74),
(1733, 191, 152, 74),
(1734, 191, 153, 74),
(1735, 191, 154, 74),
(1736, 191, 155, 74),
(1737, 191, 156, 74),
(1738, 191, 157, 74),
(1739, 191, 158, 74),
(1740, 191, 159, 74),
(1741, 191, 160, 74),
(1742, 191, 161, 74),
(1743, 191, 162, 74),
(1744, 191, 163, 74),
(1745, 191, 164, 74),
(1746, 191, 165, 74),
(1747, 191, 166, 74),
(1748, 191, 167, 74),
(1749, 191, 168, 74),
(1750, 191, 169, 74),
(1751, 191, 170, 74),
(1752, 191, 171, 74),
(1753, 191, 172, 74),
(1754, 191, 173, 74),
(1755, 191, 174, 74),
(1756, 191, 175, 74),
(1757, 191, 176, 74),
(1758, 191, 177, 74),
(1759, 191, 178, 74),
(1760, 191, 179, 74),
(1761, 191, 180, 74),
(1762, 191, 181, 74),
(1763, 191, 182, 74),
(1764, 191, 183, 74),
(1765, 191, 184, 74),
(1766, 191, 185, 74),
(1767, 191, 186, 74),
(1768, 191, 187, 74),
(1769, 191, 188, 74),
(1770, 191, 189, 74),
(1771, 191, 190, 74),
(1772, 191, 191, 74),
(1773, 191, 192, 74),
(1774, 191, 193, 74),
(1775, 191, 194, 74),
(1776, 191, 195, 74),
(1777, 191, 196, 74),
(1778, 191, 197, 74),
(1779, 191, 198, 74),
(1780, 191, 199, 74),
(1781, 191, 200, 74),
(1782, 191, 201, 74),
(1783, 191, 202, 74),
(1784, 191, 203, 74),
(1785, 191, 204, 74),
(1786, 191, 205, 74),
(1787, 191, 206, 74),
(1788, 191, 207, 74),
(1789, 191, 208, 74),
(1790, 191, 209, 74),
(1791, 191, 210, 74),
(1792, 191, 211, 74),
(1793, 191, 212, 74),
(1794, 191, 213, 74),
(1795, 191, 214, 74),
(1796, 191, 215, 74),
(1797, 191, 216, 74),
(1798, 191, 217, 74),
(1799, 191, 218, 74),
(1800, 191, 219, 74),
(1801, 191, 220, 74),
(1802, 191, 221, 74),
(1803, 191, 222, 74),
(1804, 191, 223, 74),
(1805, 191, 224, 74),
(1806, 191, 225, 74),
(1807, 191, 226, 74),
(1808, 191, 227, 74),
(1809, 191, 228, 74),
(1810, 191, 229, 74),
(1811, 191, 230, 74),
(1812, 191, 231, 74),
(1813, 191, 232, 74),
(1814, 191, 233, 74),
(1815, 191, 234, 74),
(1816, 191, 235, 74),
(1817, 191, 236, 74),
(1818, 191, 237, 74),
(1819, 191, 238, 74),
(1820, 191, 239, 74),
(1821, 191, 240, 74),
(1822, 191, 241, 74),
(1823, 191, 242, 74),
(1824, 191, 243, 74),
(1825, 191, 244, 74),
(1826, 191, 245, 74),
(1827, 191, 246, 74),
(1828, 191, 247, 74),
(1829, 191, 248, 74),
(1830, 191, 249, 74),
(1831, 191, 250, 74),
(1832, 191, 251, 74),
(1833, 191, 252, 74),
(1834, 191, 253, 74),
(1835, 191, 254, 74),
(1836, 191, 255, 74),
(1837, 191, 256, 74),
(1838, 191, 257, 74),
(1839, 191, 258, 74),
(1840, 191, 259, 74),
(1841, 191, 260, 74),
(1842, 191, 261, 74),
(1843, 191, 262, 74),
(1844, 191, 263, 74),
(1845, 191, 264, 74),
(1846, 191, 265, 74),
(1847, 191, 266, 74),
(1848, 191, 267, 74),
(1849, 191, 268, 74),
(1850, 191, 269, 74),
(1851, 191, 270, 74),
(1852, 191, 271, 74),
(1853, 191, 272, 74),
(1854, 191, 273, 74),
(1855, 191, 274, 74),
(1856, 191, 275, 74),
(1857, 191, 276, 74),
(1858, 191, 277, 74),
(1859, 191, 278, 74),
(1860, 191, 279, 74),
(1861, 191, 280, 74),
(1862, 191, 281, 74),
(1863, 191, 282, 74),
(1864, 191, 283, 74),
(1865, 191, 284, 74),
(1866, 191, 285, 74),
(1867, 191, 286, 74),
(1868, 191, 287, 74),
(1869, 191, 288, 74),
(1870, 191, 289, 74),
(1871, 191, 290, 74),
(1872, 191, 291, 74),
(1873, 191, 292, 74),
(1874, 191, 293, 74),
(1875, 191, 294, 74),
(1876, 191, 295, 74),
(1877, 191, 296, 74),
(1878, 191, 297, 74),
(1879, 191, 298, 74),
(1880, 191, 299, 74),
(1881, 191, 300, 74),
(1882, 191, 301, 74),
(1883, 191, 302, 74),
(1884, 191, 303, 74),
(1885, 191, 304, 74),
(1886, 191, 305, 74),
(1887, 191, 306, 74),
(1888, 191, 307, 74),
(1889, 191, 308, 74),
(1890, 191, 309, 74),
(1891, 191, 310, 74),
(1892, 191, 311, 74),
(1893, 191, 312, 74),
(1894, 191, 313, 74),
(1895, 191, 314, 74),
(1896, 191, 315, 74),
(1897, 191, 316, 74),
(1898, 191, 317, 74),
(1899, 191, 318, 74),
(1900, 191, 319, 74),
(1901, 191, 320, 74),
(1902, 191, 321, 74),
(1903, 191, 322, 74),
(1904, 191, 323, 74),
(1905, 191, 324, 74),
(1906, 191, 325, 74),
(1907, 191, 326, 74),
(1908, 191, 327, 74),
(1909, 191, 328, 74),
(1910, 191, 329, 74),
(1911, 191, 330, 74),
(1912, 191, 331, 74),
(1913, 191, 332, 74),
(1914, 191, 333, 74),
(1915, 191, 334, 74),
(1916, 191, 335, 74),
(1917, 191, 336, 74),
(1918, 191, 337, 74),
(1919, 191, 338, 74),
(1920, 191, 339, 74),
(1921, 191, 340, 74),
(1922, 191, 341, 74),
(1923, 191, 342, 74),
(1924, 191, 343, 74),
(1925, 191, 344, 74),
(1926, 191, 345, 74),
(1927, 191, 346, 74),
(1928, 191, 347, 74),
(1929, 191, 348, 74),
(1930, 191, 349, 74),
(1931, 191, 350, 74),
(1932, 191, 351, 74),
(1933, 191, 352, 74),
(1934, 191, 353, 74),
(1935, 191, 354, 74),
(1936, 191, 355, 74),
(1937, 191, 356, 74),
(1938, 191, 357, 74),
(1939, 191, 358, 74),
(1940, 191, 359, 74),
(1941, 191, 360, 74),
(1942, 191, 361, 74),
(1943, 191, 362, 74),
(1944, 191, 363, 74),
(1945, 191, 364, 74),
(1946, 191, 365, 74),
(1947, 191, 366, 74),
(1948, 191, 367, 74),
(1949, 191, 368, 74),
(1950, 191, 369, 74),
(1951, 191, 370, 74),
(1952, 191, 371, 74),
(1953, 191, 372, 74),
(1954, 191, 373, 74),
(1955, 191, 374, 74),
(1956, 191, 375, 74),
(1957, 191, 376, 74),
(1958, 191, 377, 74),
(1959, 191, 378, 74),
(1960, 191, 379, 74),
(1961, 191, 380, 74),
(1962, 191, 381, 74),
(1963, 191, 382, 74),
(1964, 191, 383, 74),
(1965, 191, 384, 74),
(1966, 191, 385, 74),
(1967, 191, 386, 74),
(1968, 191, 387, 74),
(1969, 191, 388, 74),
(1970, 191, 389, 74),
(1971, 191, 390, 74),
(1972, 191, 391, 74),
(1973, 191, 392, 74),
(1974, 191, 393, 74),
(1975, 191, 394, 74),
(1976, 191, 395, 74),
(1977, 191, 396, 74),
(1978, 191, 397, 74),
(1979, 191, 398, 74),
(1980, 191, 399, 74),
(1981, 191, 400, 74),
(1982, 191, 401, 74),
(1983, 191, 402, 74),
(1984, 191, 403, 74),
(1985, 191, 404, 74),
(1986, 191, 405, 74),
(1987, 191, 406, 74),
(1988, 191, 407, 74),
(1989, 191, 408, 74),
(1990, 191, 409, 74),
(1991, 191, 410, 74),
(1992, 191, 411, 74),
(1993, 191, 412, 74),
(1994, 191, 413, 74),
(1995, 191, 414, 74),
(1996, 191, 415, 74),
(1997, 191, 416, 74),
(1998, 191, 417, 74),
(1999, 191, 418, 74),
(2000, 191, 419, 74),
(2001, 191, 420, 74),
(2002, 191, 421, 74),
(2003, 191, 422, 74),
(2004, 191, 423, 74),
(2005, 191, 424, 74),
(2006, 191, 425, 74),
(2007, 191, 426, 74),
(2008, 191, 427, 74),
(2009, 191, 428, 74),
(2010, 191, 429, 74),
(2011, 191, 430, 74),
(2012, 191, 431, 74),
(2013, 191, 432, 74),
(2014, 191, 433, 74),
(2015, 191, 434, 74),
(2016, 191, 435, 74),
(2017, 191, 436, 74),
(2018, 191, 437, 74),
(2019, 191, 438, 74),
(2020, 191, 439, 74),
(2021, 191, 440, 74),
(2022, 191, 441, 74),
(2023, 191, 442, 74),
(2024, 191, 443, 74),
(2025, 191, 444, 74),
(2026, 191, 445, 74),
(2027, 191, 446, 74),
(2028, 191, 447, 74),
(2029, 191, 448, 74),
(2030, 191, 449, 74),
(2031, 191, 450, 74),
(2032, 191, 451, 74),
(2033, 191, 452, 74),
(2034, 191, 453, 74),
(2035, 191, 454, 74),
(2036, 191, 455, 74),
(2037, 191, 456, 74),
(2038, 191, 457, 74),
(2039, 191, 458, 74),
(2040, 191, 459, 74),
(2041, 191, 460, 74),
(2042, 191, 461, 74),
(2043, 191, 462, 74),
(2044, 191, 463, 74),
(2045, 191, 464, 74),
(2046, 191, 465, 74),
(2047, 191, 466, 74),
(2048, 191, 467, 74),
(2049, 191, 468, 74),
(2050, 191, 469, 74),
(2051, 191, 470, 74),
(2052, 191, 471, 74),
(2053, 191, 472, 74),
(2054, 191, 473, 74),
(2055, 191, 474, 74),
(2056, 191, 475, 74),
(2057, 191, 476, 74),
(2058, 191, 477, 74),
(2059, 191, 478, 74),
(2060, 191, 479, 74),
(2061, 191, 480, 74),
(2062, 191, 481, 74),
(2063, 191, 482, 74),
(2064, 191, 483, 74),
(2065, 191, 484, 74),
(2066, 191, 485, 74),
(2067, 191, 486, 74),
(2068, 191, 487, 74),
(2069, 191, 488, 74),
(2070, 191, 489, 74),
(2071, 191, 490, 74),
(2072, 191, 491, 74),
(2073, 191, 492, 74),
(2074, 191, 493, 74),
(2075, 191, 494, 74),
(2076, 191, 495, 74),
(2077, 191, 496, 74),
(2078, 191, 497, 74),
(2079, 191, 498, 74),
(2080, 191, 499, 74),
(2081, 191, 500, 74),
(2082, 191, 501, 74),
(2083, 191, 502, 74),
(2084, 191, 503, 74),
(2085, 191, 504, 74),
(2086, 191, 505, 74),
(2087, 191, 506, 74),
(2088, 191, 507, 74),
(2089, 191, 508, 74),
(2090, 191, 509, 74),
(2091, 191, 510, 74),
(2092, 191, 511, 74),
(2093, 191, 512, 74),
(2094, 191, 513, 74),
(2095, 191, 514, 74),
(2096, 191, 515, 74),
(2097, 191, 516, 74),
(2098, 191, 517, 74),
(2099, 191, 518, 74),
(2100, 191, 519, 74),
(2101, 191, 520, 74),
(2102, 191, 521, 74),
(2103, 191, 522, 74),
(2104, 191, 523, 74),
(2105, 191, 524, 74),
(2106, 191, 525, 74),
(2107, 191, 526, 74),
(2108, 191, 527, 74),
(2109, 191, 528, 74),
(2110, 191, 529, 74),
(2111, 191, 530, 74),
(2112, 191, 531, 74),
(2113, 191, 532, 74),
(2114, 191, 533, 74),
(2115, 191, 534, 74),
(2116, 191, 535, 74),
(2117, 191, 536, 74),
(2118, 191, 537, 74),
(2119, 191, 538, 74),
(2120, 191, 539, 74),
(2121, 191, 540, 74),
(2122, 191, 541, 74),
(2123, 191, 542, 74),
(2124, 191, 543, 74),
(2125, 191, 544, 74),
(2126, 191, 545, 74),
(2127, 191, 546, 74),
(2128, 191, 547, 74),
(2129, 191, 548, 74),
(2130, 191, 549, 74),
(2131, 191, 550, 74),
(2132, 191, 551, 74),
(2133, 191, 552, 74),
(2134, 191, 553, 74),
(2135, 191, 554, 74),
(2136, 191, 555, 74),
(2137, 191, 556, 74),
(2138, 191, 557, 74),
(2139, 191, 558, 74),
(2140, 191, 559, 74),
(2141, 191, 560, 74),
(2142, 191, 561, 74),
(2143, 191, 562, 74),
(2144, 191, 563, 74),
(2145, 191, 564, 74),
(2146, 191, 565, 74),
(2147, 191, 566, 74),
(2148, 191, 567, 74),
(2149, 191, 568, 74),
(2150, 191, 569, 74),
(2151, 191, 570, 74),
(2152, 191, 571, 74),
(2153, 191, 572, 74),
(2154, 191, 573, 74),
(2155, 191, 574, 74),
(2156, 191, 575, 74),
(2157, 191, 576, 74),
(2158, 191, 577, 74),
(2159, 191, 578, 74),
(2160, 191, 579, 74),
(2161, 191, 580, 74),
(2162, 191, 581, 74),
(2163, 191, 582, 74),
(2164, 191, 583, 74),
(2165, 191, 584, 74),
(2166, 191, 585, 74),
(2167, 191, 586, 74),
(2168, 191, 587, 74),
(2169, 191, 588, 74),
(2170, 191, 589, 74),
(2171, 191, 590, 74),
(2172, 191, 591, 74),
(2173, 191, 592, 74),
(2174, 191, 593, 74),
(2175, 191, 594, 74),
(2176, 191, 595, 74),
(2177, 191, 596, 74),
(2178, 191, 597, 74),
(2179, 191, 598, 74),
(2180, 191, 599, 74),
(2181, 191, 600, 74),
(2182, 191, 601, 74),
(2183, 191, 602, 74),
(2184, 191, 603, 74),
(2185, 191, 604, 74),
(2186, 191, 605, 74),
(2187, 191, 606, 74),
(2188, 191, 607, 74),
(2189, 191, 608, 74),
(2190, 191, 609, 74),
(2191, 191, 610, 74),
(2192, 191, 611, 74),
(2193, 191, 612, 74),
(2194, 191, 613, 74),
(2195, 191, 614, 74),
(2196, 191, 615, 74),
(2197, 191, 616, 74),
(2198, 191, 617, 74),
(2199, 191, 618, 74),
(2200, 191, 619, 74),
(2201, 191, 620, 74),
(2202, 191, 621, 74),
(2203, 191, 622, 74),
(2204, 191, 623, 74),
(2205, 191, 624, 74),
(2206, 191, 625, 74),
(2207, 191, 626, 74),
(2208, 191, 627, 74),
(2209, 191, 628, 74),
(2210, 191, 629, 74),
(2211, 191, 630, 74),
(2212, 191, 631, 74),
(2213, 191, 632, 74),
(2214, 191, 633, 74),
(2215, 191, 634, 74),
(2216, 191, 635, 74),
(2217, 191, 636, 74),
(2218, 191, 637, 74),
(2219, 191, 638, 74),
(2220, 191, 639, 74),
(2221, 191, 640, 74),
(2222, 191, 641, 74),
(2223, 191, 642, 74),
(2224, 191, 643, 74),
(2225, 191, 644, 74),
(2226, 191, 645, 74),
(2227, 191, 646, 74),
(2228, 191, 647, 74),
(2229, 191, 648, 74),
(2230, 191, 649, 74),
(2231, 191, 650, 74),
(2232, 191, 651, 74),
(2233, 191, 652, 74),
(2234, 191, 653, 74),
(2235, 191, 657, 74),
(2236, 191, 658, 74),
(2237, 191, 659, 74),
(2238, 191, 660, 74),
(2239, 191, 663, 74),
(2240, 191, 664, 74),
(2241, 191, 669, 74),
(2242, 191, 670, 74),
(2243, 191, 671, 74),
(2244, 191, 672, 74),
(2245, 191, 673, 74),
(2246, 191, 674, 74),
(2247, 191, 675, 74),
(2248, 191, 676, 74),
(2249, 191, 677, 74),
(2250, 191, 678, 74),
(2251, 191, 679, 74),
(2252, 191, 680, 74),
(2253, 191, 681, 74),
(2254, 191, 682, 74),
(2255, 191, 683, 74),
(2256, 191, 684, 74),
(2257, 191, 685, 74),
(2258, 191, 686, 74),
(2259, 191, 687, 74),
(2260, 191, 688, 74),
(2261, 191, 690, 74),
(2262, 191, 691, 74),
(2263, 191, 692, 74),
(2264, 191, 693, 74),
(2265, 191, 694, 74),
(2266, 191, 695, 74),
(2267, 182, 126, 74),
(2268, 182, 124, 74),
(2269, 182, 125, 74),
(2270, 182, 127, 74),
(2271, 182, 128, 74),
(2272, 182, 129, 74),
(2273, 182, 130, 74),
(2274, 182, 636, 74),
(2275, 182, 168, 74),
(2276, 182, 131, 74),
(2277, 182, 132, 74),
(2278, 182, 133, 74),
(2279, 182, 134, 74),
(2280, 182, 14, 74),
(2281, 182, 135, 74),
(2282, 182, 149, 74),
(2283, 182, 136, 74),
(2284, 182, 637, 74),
(2285, 182, 638, 74),
(2286, 195, 41, 79);

-- --------------------------------------------------------

--
-- Estrutura da tabela `entregador_servicos`
--

CREATE TABLE `entregador_servicos` (
  `id` int(11) NOT NULL,
  `entregadores_id` int(11) NOT NULL,
  `servicos_id` int(11) NOT NULL
) ENGINE=InnoDB DEFAULT CHARSET=utf8mb4;

--
-- Extraindo dados da tabela `entregador_servicos`
--

INSERT INTO `entregador_servicos` (`id`, `entregadores_id`, `servicos_id`) VALUES
(387, 166, 3),
(388, 166, 5),
(389, 166, 1),
(390, 70, 5),
(395, 98, 5),
(396, 98, 1),
(399, 145, 3),
(400, 145, 5),
(401, 145, 1),
(402, 144, 3),
(403, 144, 5),
(404, 144, 1),
(410, 173, 3),
(411, 173, 5),
(412, 173, 1),
(413, 149, 3),
(414, 149, 5),
(415, 149, 1),
(416, 151, 3),
(417, 151, 5),
(418, 151, 1),
(421, 91, 3),
(422, 91, 5),
(423, 91, 1),
(424, 152, 3),
(425, 152, 5),
(426, 152, 1),
(430, 164, 3),
(431, 164, 5),
(432, 164, 1),
(433, 165, 5),
(434, 165, 1),
(435, 167, 3),
(436, 167, 5),
(437, 167, 1),
(438, 153, 3),
(439, 153, 5),
(440, 153, 1),
(441, 129, 3),
(442, 129, 5),
(443, 129, 1),
(447, 154, 3),
(448, 154, 5),
(449, 154, 1),
(450, 168, 3),
(451, 168, 5),
(452, 168, 1),
(453, 172, 5),
(454, 172, 1),
(455, 162, 3),
(456, 162, 5),
(457, 162, 1),
(458, 133, 5),
(459, 133, 1),
(460, 158, 5),
(461, 158, 1),
(462, 78, 5),
(463, 78, 1),
(466, 161, 3),
(467, 161, 5),
(468, 161, 1),
(472, 159, 3),
(473, 159, 5),
(474, 159, 1),
(475, 160, 3),
(476, 160, 5),
(477, 160, 1),
(507, 103, 5),
(508, 103, 1),
(516, 92, 5),
(517, 92, 1),
(522, 175, 5),
(523, 175, 1),
(531, 97, 3),
(532, 97, 4),
(533, 97, 5),
(534, 97, 1),
(543, 101, 3),
(544, 101, 4),
(545, 101, 5),
(546, 101, 1),
(557, 100, 3),
(558, 100, 5),
(559, 100, 1),
(560, 73, 3),
(561, 73, 4),
(562, 73, 5),
(563, 73, 1),
(566, 102, 3),
(567, 137, 3),
(568, 137, 5),
(569, 137, 1),
(570, 169, 3),
(571, 169, 5),
(572, 169, 1),
(573, 150, 3),
(574, 150, 5),
(575, 150, 1),
(576, 170, 3),
(577, 170, 5),
(578, 170, 1),
(580, 163, 3),
(581, 163, 5),
(582, 163, 1),
(583, 88, 3),
(584, 88, 5),
(585, 88, 1),
(586, 83, 3),
(587, 83, 5),
(588, 83, 1),
(589, 171, 3),
(593, 95, 3),
(594, 131, 3),
(595, 99, 3),
(596, 99, 5),
(597, 99, 1),
(598, 174, 3),
(599, 174, 5),
(600, 174, 1),
(601, 176, 3),
(602, 176, 5),
(603, 176, 1),
(612, 177, 3),
(613, 177, 4),
(614, 177, 5),
(615, 177, 1),
(617, 138, 3),
(624, 136, 3),
(625, 136, 5),
(626, 136, 1),
(633, 132, 3),
(634, 132, 5),
(635, 132, 1),
(636, 139, 3),
(637, 178, 3),
(638, 178, 5),
(639, 178, 1),
(640, 141, 3),
(641, 179, 5),
(642, 179, 1),
(643, 180, 3),
(644, 180, 5),
(645, 180, 1),
(649, 181, 3),
(650, 181, 5),
(651, 181, 1),
(655, 140, 3),
(656, 185, 3),
(657, 185, 4),
(658, 186, 3),
(659, 186, 4),
(660, 187, 5),
(661, 187, 1),
(662, 188, 5),
(663, 188, 1),
(664, 189, 5),
(665, 189, 1),
(666, 190, 3),
(667, 190, 4),
(668, 190, 5),
(669, 190, 1),
(670, 191, 5),
(671, 191, 1),
(672, 192, 3),
(673, 192, 4),
(674, 192, 5),
(675, 192, 1),
(676, 193, 3),
(677, 193, 4),
(678, 193, 5),
(679, 193, 1),
(680, 182, 3),
(681, 182, 5),
(682, 182, 1),
(683, 195, 3),
(684, 195, 4),
(685, 195, 5),
(686, 195, 6),
(687, 195, 1);

-- --------------------------------------------------------

--
-- Estrutura da tabela `entregador_setores`
--

CREATE TABLE `entregador_setores` (
  `id` int(11) NOT NULL,
  `entregadores_id` int(11) NOT NULL,
  `setores_id` int(11) NOT NULL,
  `valor` int(11) DEFAULT NULL
) ENGINE=InnoDB DEFAULT CHARSET=utf8mb4;

--
-- Extraindo dados da tabela `entregador_setores`
--

INSERT INTO `entregador_setores` (`id`, `entregadores_id`, `setores_id`, `valor`) VALUES
(43, 80, 1, 1),
(45, 82, 3, 1),
(50, 85, 3, 1),
(52, 87, 1, 1),
(55, 89, 1, 1),
(56, 90, 1, 1),
(57, 90, 3, 1),
(65, 96, 1, 1),
(66, 96, 3, 1),
(85, 106, 1, 1),
(86, 106, 3, 1),
(93, 130, 1, 1),
(94, 130, 3, 1),
(101, 134, 1, 1),
(102, 135, 1, 1),
(110, 142, 1, 1),
(111, 143, 1, 1),
(112, 143, 3, 1),
(119, 147, 1, 1),
(120, 147, 3, 1),
(139, 157, 1, 1),
(257, 166, 1, 1),
(258, 166, 3, 1),
(259, 70, 1, 1),
(262, 98, 1, 1),
(264, 145, 1, 1),
(265, 145, 3, 1),
(266, 144, 1, 1),
(267, 144, 3, 1),
(271, 173, 1, 1),
(272, 173, 3, 1),
(273, 149, 1, 1),
(274, 149, 3, 1),
(275, 151, 1, 1),
(276, 151, 3, 1),
(278, 91, 1, 1),
(279, 91, 3, 1),
(280, 152, 1, 1),
(281, 152, 3, 1),
(284, 164, 1, 1),
(285, 164, 3, 1),
(286, 165, 1, 1),
(287, 167, 1, 1),
(288, 167, 3, 1),
(289, 153, 1, 1),
(290, 153, 3, 1),
(291, 129, 1, 1),
(292, 129, 3, 1),
(294, 154, 1, 1),
(295, 154, 3, 1),
(296, 168, 1, 1),
(297, 168, 3, 1),
(298, 172, 1, 1),
(299, 162, 1, 1),
(300, 162, 3, 1),
(301, 133, 1, 1),
(302, 158, 1, 1),
(303, 78, 1, 1),
(305, 161, 1, 1),
(306, 161, 3, 1),
(309, 159, 1, 1),
(310, 159, 3, 1),
(311, 160, 1, 1),
(312, 160, 3, 1),
(331, 103, 1, 1),
(336, 92, 1, 1),
(339, 175, 1, 1),
(344, 97, 1, 1),
(345, 97, 3, 1),
(350, 101, 1, 1),
(351, 101, 3, 1),
(358, 100, 1, 1),
(359, 100, 3, 1),
(360, 73, 1, 1),
(361, 73, 3, 1),
(363, 102, 3, 1),
(364, 137, 1, 1),
(365, 137, 3, 1),
(366, 169, 1, 1),
(367, 169, 3, 1),
(368, 150, 1, 1),
(369, 150, 3, 1),
(370, 170, 1, 1),
(371, 170, 3, 1),
(373, 163, 1, 1),
(374, 163, 3, 1),
(375, 88, 1, 1),
(376, 88, 3, 1),
(377, 83, 1, 1),
(378, 83, 3, 1),
(379, 171, 3, 1),
(383, 95, 3, 1),
(384, 131, 3, 1),
(385, 99, 1, 1),
(386, 99, 3, 1),
(387, 174, 1, 1),
(388, 174, 3, 1),
(389, 176, 1, 1),
(390, 176, 3, 1),
(395, 177, 1, 1),
(396, 177, 3, 1),
(398, 138, 3, 1),
(403, 136, 1, 1),
(404, 136, 3, 1),
(409, 132, 1, 1),
(410, 132, 3, 1),
(411, 139, 3, 1),
(412, 178, 1, 1),
(413, 178, 3, 1),
(414, 141, 3, 1),
(415, 179, 1, 1),
(416, 180, 1, 1),
(417, 180, 3, 1),
(420, 181, 1, 1),
(421, 181, 3, 1),
(424, 140, 3, 1),
(425, 185, 3, 1),
(426, 186, 1, 1),
(427, 186, 3, 1),
(428, 187, 1, 1),
(429, 188, 1, 1),
(430, 189, 1, 1),
(431, 190, 1, 1),
(432, 190, 3, 1),
(433, 191, 1, 1),
(434, 192, 1, 1),
(435, 192, 3, 1),
(436, 193, 1, 1),
(437, 193, 3, 1),
(438, 182, 1, 1),
(439, 182, 3, 1),
(440, 195, 1, 1),
(441, 195, 3, 1);

-- --------------------------------------------------------

--
-- Estrutura da tabela `entrega_devolucao`
--

CREATE TABLE `entrega_devolucao` (
  `id` int(11) NOT NULL,
  `data` timestamp NULL DEFAULT NULL,
  `entrega` int(11) DEFAULT NULL,
  `devolucao` int(11) DEFAULT NULL,
  `entregadores_id` int(11) NOT NULL,
  `producao_id` int(11) NOT NULL,
  `receber_id` int(11) NOT NULL,
  `boletos_id` int(11) NOT NULL
) ENGINE=InnoDB DEFAULT CHARSET=utf8mb4;

--
-- Extraindo dados da tabela `entrega_devolucao`
--

INSERT INTO `entrega_devolucao` (`id`, `data`, `entrega`, `devolucao`, `entregadores_id`, `producao_id`, `receber_id`, `boletos_id`) VALUES
(198, '2023-08-03 21:57:48', 0, 1, 151, 330, 1785, 33837),
(199, '2023-08-03 21:57:48', 1, 0, 151, 330, 1785, 33838);

-- --------------------------------------------------------

--
-- Estrutura da tabela `forma_pagamento`
--

CREATE TABLE `forma_pagamento` (
  `id` int(11) NOT NULL,
  `nome` varchar(100) DEFAULT NULL
) ENGINE=InnoDB DEFAULT CHARSET=utf8mb4;

--
-- Extraindo dados da tabela `forma_pagamento`
--

INSERT INTO `forma_pagamento` (`id`, `nome`) VALUES
(4, 'Dinheiro'),
(5, 'Pix');

-- --------------------------------------------------------

--
-- Estrutura da tabela `gaiolas`
--

CREATE TABLE `gaiolas` (
  `id` int(11) NOT NULL,
  `data` timestamp NULL DEFAULT current_timestamp(),
  `nome` varchar(45) DEFAULT NULL,
  `qtd` int(11) DEFAULT NULL
) ENGINE=InnoDB DEFAULT CHARSET=utf8mb4;

--
-- Extraindo dados da tabela `gaiolas`
--

INSERT INTO `gaiolas` (`id`, `data`, `nome`, `qtd`) VALUES
(39, '2023-07-16 23:00:54', 'ROTA 01 - PAÇO ', 0),
(40, '2022-02-04 23:07:54', 'ROTA 02 - ELDORADO', 0),
(41, '2022-02-04 23:07:54', 'ROTA 03 - RECANTO', 0),
(42, '2022-02-04 23:07:54', 'ROTA 04 - VINHAIS ', 0),
(43, '2022-02-04 23:07:54', 'ROTA 05 - ANIL ', 0),
(44, '2022-02-04 23:07:54', 'ROTA 06 - VILA PALMEIRA', 0),
(45, '2022-02-04 23:07:54', 'ROTA 07 - COROADINHO', 0),
(46, '2022-02-04 23:07:54', 'ROTA 08 - SÃO FRANCISCO', 0),
(47, '2022-02-04 23:07:54', 'ROTA 09 - PONTA DO FAROL ', 0),
(48, '2022-02-04 23:07:54', 'ROTA 10 - CIDADE OPERÁRIA', 0),
(49, '2022-02-04 23:07:54', 'ROTA 100 - BACABAL', 0),
(50, '2022-02-04 23:07:54', 'ROTA 101 - LAGO DA PEDRA', 0),
(51, '2022-02-04 23:07:54', 'ROTA 102 - BARRA DO CORDA', 0),
(52, '2022-02-04 23:07:54', 'ROTA 103 - COROATÁ ', 0),
(53, '2022-02-04 23:07:54', 'ROTA 104 - COLINAS', 0),
(54, '2022-02-04 23:07:54', 'ROTA 105 - DOM PEDRO ', 0),
(55, '2022-02-04 23:07:54', 'ROTA 106 - PRES. DUTRA/TUNTUM', 0),
(56, '2022-02-04 23:07:54', 'ROTA 107 - PEDREIRAS/TRIZIDELA', 0),
(57, '2022-02-04 23:07:54', 'ROTA 108 - SÃO MATEUS ', 0),
(58, '2022-02-04 23:07:54', 'ROTA 109 - ROSÁRIO', 0),
(59, '2022-02-04 23:07:54', 'ROTA 11 - COHATRAC', 0),
(60, '2022-02-04 23:07:54', 'ROTA 110 - BARREIRINHAS', 0),
(61, '2022-02-04 23:07:54', 'ROTA 111 - ZÉ DOCA', 0),
(62, '2022-02-04 23:07:54', 'ROTA 112 - SANTA INÊ', 0),
(63, '2022-02-04 23:07:54', 'ROTA 113 - SANTA LUZIA', 0),
(64, '2022-02-04 23:07:54', 'ROTA 114 - VIANA/ARARI', 0),
(65, '2022-02-04 23:07:54', 'ROTA 115 - SÃO BENTO ', 0),
(66, '2022-02-04 23:07:54', 'ROTA 116 - PINHEIRO', 0),
(67, '2022-02-04 23:07:54', 'ROTA 117 - CURURUPU', 0),
(68, '2022-02-04 23:07:54', 'ROTA 12 - LIBERDADE/CENTRO ', 0),
(69, '2022-02-04 23:07:54', 'ROTA 121 - CAROLINA/ESTREITO/GRAJAÚ/J.LISBOA', 0),
(70, '2022-02-04 23:07:54', 'ROTA 122 - IMPERATRIZ', 0),
(71, '2022-02-04 23:07:54', 'ROTA 123 - BALSAS', 0),
(72, '2022-02-04 23:07:54', 'ROTA 124 - AÇAILÂNDIA', 0),
(73, '2022-02-04 23:07:54', 'ROTA 13 - COHAB', 0),
(74, '2022-02-04 23:07:54', 'ROTA 14 - ARAÇAGY', 0),
(75, '2022-02-04 23:07:54', 'ROTA 15 - BR', 0),
(76, '2022-02-04 23:07:54', 'ROTA 16 - SÃO CRISTÓVÃO', 0),
(77, '2022-02-04 23:07:54', 'ROTA 17 - ANJO DA GUARDA', 0),
(78, '2022-02-04 23:07:54', 'ROTA 18 - RENASCENÇA', 0),
(79, '2022-02-04 23:07:54', 'ROTA 19 - TURU', 0),
(80, '2022-02-04 23:07:54', 'ROTA 20 - OLHO DÁGUA', 0),
(81, '2022-02-04 23:07:54', 'ROTA 50 - CANTINHO DO CÉU', 0),
(82, '2022-02-04 23:07:54', 'ROTA 51 - DIVINÉIA ', 0),
(83, '2022-02-04 23:07:54', 'ROTA 52 - CENTRO', 0),
(84, '2022-02-04 23:07:54', 'ROTA 53 - VILA EMBRATE', 0),
(85, '2022-02-04 23:07:54', 'ROTA 54 - TIRIRICAL', 0),
(86, '2022-02-04 23:07:54', 'ROTA 55 - PONTA DA AREIA', 0),
(87, '2022-02-04 23:07:54', 'ROTA 56 - FORQUILHA', 0),
(88, '2022-02-04 23:07:54', 'ROTA 57 - CIDADE OLÍMPICA', 0),
(89, '2022-02-04 23:07:54', 'ROTA 21 - SÃO JOSÉ DE RIBAMAR', 0),
(90, '2022-02-22 16:32:27', 'ROTA 500', 0),
(91, '2022-02-22 16:33:10', 'ROTA 501', 0),
(92, '2022-02-22 16:33:46', 'ROTA 502', 0),
(93, '2022-02-22 16:34:12', 'ROTA 503', 343710),
(94, '2022-02-22 16:34:30', 'ROTA 504', 0),
(95, '2022-02-22 16:34:59', 'ROTA 505', 0),
(96, '2022-02-22 16:35:20', 'ROTA 506', 0),
(97, '2022-02-22 16:35:42', 'ROTA 507', 0),
(98, '2022-02-22 16:36:07', 'ROTA 508', 0),
(99, '2022-02-22 16:36:33', 'ROTA 509', 0),
(100, '2022-02-22 16:36:54', 'ROTA 510', 0),
(101, '2022-02-22 16:37:17', 'ROTA 511', 0),
(102, '2022-02-22 16:37:45', 'ROTA 512', 0),
(103, '2022-02-22 16:38:08', 'ROTA 513', 0),
(104, '2022-02-22 16:38:32', 'ROTA 514', 0),
(105, '2022-02-22 16:38:59', 'ROTA 515', 0),
(106, '2022-02-22 16:39:27', 'ROTA 516', 0),
(107, '2022-02-22 16:39:47', 'ROTA 517', 0),
(108, '2022-02-22 16:40:17', 'ROTA 518', 0),
(109, '2022-02-22 16:40:46', 'ROTA 519', 0),
(110, '2022-02-22 16:41:20', 'ROTA 520', 0),
(112, '2022-02-22 17:31:35', 'ROTA 22 - SHOPPING', 0),
(113, '2022-02-22 17:32:55', 'ROTA 118 - itapecuru', 0),
(114, '2022-02-22 17:33:16', 'rota 119 - chapadinha', 0),
(115, '2022-02-22 17:33:28', 'ROTA 120 - tutóia', 0),
(116, '2022-06-10 11:42:04', 'rota - grande ilha', 0),
(117, '2022-06-27 16:03:11', 'Central de entregas', -231754),
(118, '2022-07-13 15:27:29', 'ROTA 58 - RAPOSA', 0),
(119, '2022-07-13 15:27:52', 'ROTA 59 - COHAMA', 0),
(120, '2022-07-13 15:54:49', 'ROTA 60 - MARACANÃ', 0);

-- --------------------------------------------------------

--
-- Estrutura da tabela `importacao`
--

CREATE TABLE `importacao` (
  `id` int(11) NOT NULL,
  `data` timestamp NULL DEFAULT NULL,
  `notafiscal` varchar(225) DEFAULT NULL,
  `serie` varchar(225) DEFAULT NULL,
  `razaosocial` varchar(225) DEFAULT NULL,
  `notafiscal_id` int(11) NOT NULL
) ENGINE=InnoDB DEFAULT CHARSET=utf8mb4;

--
-- Extraindo dados da tabela `importacao`
--

INSERT INTO `importacao` (`id`, `data`, `notafiscal`, `serie`, `razaosocial`, `notafiscal_id`) VALUES
(257, '2023-08-03 21:57:48', '35230709204187000209550010005294611547354447', '1', 'Jafra - Jundiai', 317),
(258, '2023-08-03 21:57:48', '21220409204187000381550010003710341808269429', '1', 'Jafra - Maranhao', 318),
(259, '2023-08-03 22:20:49', '21230709204187000381550010003841411019788177', '1', 'Jafra - Maranhao', 319),
(260, '2023-08-03 22:20:49', '21230709204187000381550010003841421629581425', '1', 'Jafra - Maranhao', 320),
(261, '2023-08-03 22:20:49', '21230709204187000381550010003841431355734197', '1', 'Jafra - Maranhao', 321),
(262, '2023-08-03 22:20:49', '21230709204187000381550010003841441432788982', '1', 'Jafra - Maranhao', 322),
(263, '2023-08-03 22:20:49', '21230709204187000381550010003841451762466102', '1', 'Jafra - Maranhao', 323),
(264, '2023-08-03 22:20:49', '21230709204187000381550010003841461815045448', '1', 'Jafra - Maranhao', 324),
(265, '2023-08-03 22:20:49', '21230709204187000381550010003841501048281041', '1', 'Jafra - Maranhao', 325),
(266, '2023-08-03 22:20:49', '21230709204187000381550010003841511673623048', '1', 'Jafra - Maranhao', 326),
(267, '2023-08-03 22:20:49', '21230709204187000381550010003841521635836444', '1', 'Jafra - Maranhao', 327),
(268, '2023-08-03 22:20:49', '21230709204187000381550010003841531347513469', '1', 'Jafra - Maranhao', 328),
(269, '2023-08-03 22:20:49', '21230709204187000381550010003841541294782476', '1', 'Jafra - Maranhao', 329),
(270, '2023-08-03 22:20:49', '21230709204187000381550010003841551109670405', '1', 'Jafra - Maranhao', 330),
(271, '2023-08-03 22:20:49', '21230709204187000381550010003841581560881298', '1', 'Jafra - Maranhao', 331),
(272, '2023-08-03 22:20:49', '21230709204187000381550010003841591392377262', '1', 'Jafra - Maranhao', 332),
(273, '2023-08-03 22:20:49', '21230709204187000381550010003841611738738517', '1', 'Jafra - Maranhao', 333),
(274, '2023-08-03 22:20:49', '21230709204187000381550010003841621393544486', '1', 'Jafra - Maranhao', 334),
(275, '2023-08-03 22:20:49', '21230709204187000381550010003841631394178340', '1', 'Jafra - Maranhao', 335),
(276, '2023-08-03 22:20:49', '21230709204187000381550010003841641033436147', '1', 'Jafra - Maranhao', 336),
(277, '2023-08-03 22:20:49', '21230709204187000381550010003841651964214603', '1', 'Jafra - Maranhao', 337),
(278, '2023-08-03 22:20:49', '21230709204187000381550010003841661273958045', '1', 'Jafra - Maranhao', 338),
(279, '2023-08-03 22:20:49', '21230709204187000381550010003841671980129776', '1', 'Jafra - Maranhao', 339),
(280, '2023-08-03 22:20:49', '21230709204187000381550010003841681598679042', '1', 'Jafra - Maranhao', 340),
(281, '2023-08-03 22:20:49', '21230709204187000381550010003841691428851143', '1', 'Jafra - Maranhao', 341),
(282, '2023-08-03 22:20:49', '21230709204187000381550010003841711221164528', '1', 'Jafra - Maranhao', 342),
(283, '2023-08-03 22:20:49', '21230709204187000381550010003841721481947171', '1', 'Jafra - Maranhao', 343),
(284, '2023-08-03 22:20:49', '21230709204187000381550010003841731120689476', '1', 'Jafra - Maranhao', 344),
(285, '2023-08-03 22:20:49', '21230709204187000381550010003841741715344758', '1', 'Jafra - Maranhao', 345),
(286, '2023-08-03 22:20:49', '21230709204187000381550010003841751388749472', '1', 'Jafra - Maranhao', 346),
(287, '2023-08-03 22:20:49', '21230709204187000381550010003841781496892754', '1', 'Jafra - Maranhao', 347),
(288, '2023-08-03 22:20:49', '21230709204187000381550010003841801856078245', '1', 'Jafra - Maranhao', 348),
(289, '2023-08-03 22:20:49', '21230709204187000381550010003841821241906035', '1', 'Jafra - Maranhao', 349),
(290, '2023-08-03 22:20:49', '21230709204187000381550010003841831356348040', '1', 'Jafra - Maranhao', 350),
(291, '2023-08-03 22:22:07', '21230709204187000381550010003842661324636142', '1', 'Jafra - Maranhao', 351),
(292, '2023-08-03 22:22:07', '21230709204187000381550010003842731126093066', '1', 'Jafra - Maranhao', 352),
(293, '2023-08-03 22:22:07', '21230709204187000381550010003843131358652479', '1', 'Jafra - Maranhao', 353),
(294, '2023-08-03 22:22:07', '21230709204187000381550010003843281369945696', '1', 'Jafra - Maranhao', 354),
(295, '2023-08-03 22:22:07', '21230709204187000381550010003843291838569842', '1', 'Jafra - Maranhao', 355),
(296, '2023-08-03 22:22:07', '21230709204187000381550010003843301152765821', '1', 'Jafra - Maranhao', 356),
(297, '2023-08-03 22:22:07', '21230709204187000381550010003843311630240641', '1', 'Jafra - Maranhao', 357),
(298, '2023-08-03 22:22:07', '21230709204187000381550010003843321665482495', '1', 'Jafra - Maranhao', 358),
(299, '2023-08-03 22:22:07', '21230709204187000381550010003843331754098639', '1', 'Jafra - Maranhao', 359),
(300, '2023-08-03 22:22:07', '21230709204187000381550010003843341415047451', '1', 'Jafra - Maranhao', 360),
(301, '2023-08-03 22:22:07', '21230709204187000381550010003843351572958726', '1', 'Jafra - Maranhao', 361),
(302, '2023-08-03 22:22:07', '21230709204187000381550010003843361706565682', '1', 'Jafra - Maranhao', 362),
(303, '2023-08-03 22:22:07', '21230709204187000381550010003843381352358721', '1', 'Jafra - Maranhao', 363),
(304, '2023-08-03 22:22:07', '21230709204187000381550010003843391192621109', '1', 'Jafra - Maranhao', 364),
(305, '2023-08-03 22:22:07', '21230709204187000381550010003843401709595941', '1', 'Jafra - Maranhao', 365),
(306, '2023-08-03 22:22:07', '21230709204187000381550010003843411889277444', '1', 'Jafra - Maranhao', 366),
(307, '2023-08-03 22:22:07', '21230709204187000381550010003843421856056250', '1', 'Jafra - Maranhao', 367),
(308, '2023-08-03 22:22:07', '21230709204187000381550010003843431436630473', '1', 'Jafra - Maranhao', 368),
(309, '2023-08-03 22:22:07', '21230709204187000381550010003843441902051043', '1', 'Jafra - Maranhao', 369),
(310, '2023-08-03 22:22:07', '21230709204187000381550010003843451498806103', '1', 'Jafra - Maranhao', 370),
(311, '2023-08-03 22:22:07', '21230709204187000381550010003843461170547245', '1', 'Jafra - Maranhao', 371),
(312, '2023-08-03 22:22:07', '21230709204187000381550010003843471021906542', '1', 'Jafra - Maranhao', 372),
(313, '2023-08-03 22:22:07', '21230709204187000381550010003843491970414322', '1', 'Jafra - Maranhao', 373),
(314, '2023-08-03 22:22:07', '21230709204187000381550010003843511848773125', '1', 'Jafra - Maranhao', 374),
(315, '2023-08-03 22:22:07', '21230709204187000381550010003843521295733424', '1', 'Jafra - Maranhao', 375),
(316, '2023-08-03 22:22:07', '21230709204187000381550010003843541933388941', '1', 'Jafra - Maranhao', 376),
(317, '2023-08-03 22:22:07', '21230709204187000381550010003843551978552748', '1', 'Jafra - Maranhao', 377),
(318, '2023-08-03 22:22:07', '21230709204187000381550010003843561974332740', '1', 'Jafra - Maranhao', 378),
(319, '2023-08-03 22:22:07', '21230709204187000381550010003843571855754495', '1', 'Jafra - Maranhao', 379),
(320, '2023-08-03 22:22:07', '21230709204187000381550010003843581323959618', '1', 'Jafra - Maranhao', 380),
(321, '2023-08-03 22:22:07', '21230709204187000381550010003843591861274291', '1', 'Jafra - Maranhao', 381),
(322, '2023-08-03 22:22:07', '21230709204187000381550010003843601317754145', '1', 'Jafra - Maranhao', 382),
(323, '2023-08-03 22:22:07', '21230709204187000381550010003843611353674536', '1', 'Jafra - Maranhao', 383),
(324, '2023-08-03 22:22:07', '21230709204187000381550010003843671836407994', '1', 'Jafra - Maranhao', 384),
(325, '2023-08-03 22:22:07', '21230709204187000381550010003843681467921967', '1', 'Jafra - Maranhao', 385),
(326, '2023-08-03 22:22:07', '21230709204187000381550010003843701423734981', '1', 'Jafra - Maranhao', 386),
(327, '2023-08-03 22:22:07', '21230709204187000381550010003843721802731896', '1', 'Jafra - Maranhao', 387),
(328, '2023-08-03 22:22:07', '21230709204187000381550010003843731143154600', '1', 'Jafra - Maranhao', 388),
(329, '2023-08-03 22:22:07', '21230709204187000381550010003843741636424490', '1', 'Jafra - Maranhao', 389),
(330, '2023-08-03 22:22:07', '21230709204187000381550010003843761308476308', '1', 'Jafra - Maranhao', 390),
(331, '2023-08-03 22:22:07', '21230709204187000381550010003843771894624222', '1', 'Jafra - Maranhao', 391),
(332, '2023-08-03 22:22:07', '21230709204187000381550010003843781851293531', '1', 'Jafra - Maranhao', 392),
(333, '2023-08-03 22:22:07', '21230709204187000381550010003843811944143748', '1', 'Jafra - Maranhao', 393),
(334, '2023-08-03 22:22:07', '21230709204187000381550010003843821820250744', '1', 'Jafra - Maranhao', 394),
(335, '2023-08-03 22:22:07', '21230709204187000381550010003843861910089542', '1', 'Jafra - Maranhao', 395),
(336, '2023-08-03 22:22:07', '21230709204187000381550010003843891128119475', '1', 'Jafra - Maranhao', 396),
(337, '2023-08-03 22:22:07', '21230709204187000381550010003843901817928044', '1', 'Jafra - Maranhao', 397),
(338, '2023-08-03 22:22:07', '21230709204187000381550010003843911930311976', '1', 'Jafra - Maranhao', 398),
(339, '2023-08-03 22:22:07', '21230709204187000381550010003843931297820432', '1', 'Jafra - Maranhao', 399),
(340, '2023-08-03 22:22:07', '21230709204187000381550010003843941896515863', '1', 'Jafra - Maranhao', 400),
(341, '2023-08-03 22:22:07', '21230709204187000381550010003843961896412449', '1', 'Jafra - Maranhao', 401),
(342, '2023-08-03 22:22:07', '21230709204187000381550010003843971680236410', '1', 'Jafra - Maranhao', 402),
(343, '2023-08-03 22:22:07', '21230709204187000381550010003843991838357440', '1', 'Jafra - Maranhao', 403),
(344, '2023-08-03 22:22:07', '21230709204187000381550010003844021798125479', '1', 'Jafra - Maranhao', 404),
(345, '2023-08-03 22:22:07', '21230709204187000381550010003844031057544560', '1', 'Jafra - Maranhao', 405),
(346, '2023-08-03 22:22:07', '21230709204187000381550010003844051616161344', '1', 'Jafra - Maranhao', 406),
(347, '2023-08-03 22:22:07', '21230709204187000381550010003844061929792499', '1', 'Jafra - Maranhao', 407),
(348, '2023-08-03 22:22:07', '21230709204187000381550010003844101577864386', '1', 'Jafra - Maranhao', 408),
(349, '2023-08-03 22:22:07', '21230709204187000381550010003844111139762040', '1', 'Jafra - Maranhao', 409),
(350, '2023-08-03 22:22:07', '21230709204187000381550010003844121740382610', '1', 'Jafra - Maranhao', 410),
(351, '2023-08-03 22:22:07', '21230709204187000381550010003844131717847740', '1', 'Jafra - Maranhao', 411),
(352, '2023-08-03 22:22:07', '21230709204187000381550010003844141489967840', '1', 'Jafra - Maranhao', 412),
(353, '2023-08-03 22:22:07', '21230709204187000381550010003844171299908489', '1', 'Jafra - Maranhao', 413),
(354, '2023-08-03 22:22:07', '21230709204187000381550010003844181283148517', '1', 'Jafra - Maranhao', 414),
(355, '2023-08-03 22:22:07', '21230709204187000381550010003844191487044245', '1', 'Jafra - Maranhao', 415),
(356, '2023-08-03 22:22:07', '21230709204187000381550010003844211366293528', '1', 'Jafra - Maranhao', 416),
(357, '2023-08-03 22:22:07', '21230709204187000381550010003844221157536476', '1', 'Jafra - Maranhao', 417),
(358, '2023-08-03 22:22:07', '21230709204187000381550010003844231168623658', '1', 'Jafra - Maranhao', 418),
(359, '2023-08-03 22:22:07', '21230709204187000381550010003844241878518466', '1', 'Jafra - Maranhao', 419),
(360, '2023-08-03 22:22:07', '21230709204187000381550010003844261228875706', '1', 'Jafra - Maranhao', 420),
(361, '2023-08-03 22:22:07', '21230709204187000381550010003844291650366214', '1', 'Jafra - Maranhao', 421),
(362, '2023-08-03 22:22:07', '21230709204187000381550010003844311363123342', '1', 'Jafra - Maranhao', 422),
(363, '2023-08-03 22:22:07', '21230709204187000381550010003844321732342985', '1', 'Jafra - Maranhao', 423),
(364, '2023-08-03 22:22:07', '21230709204187000381550010003844331015445121', '1', 'Jafra - Maranhao', 424),
(365, '2023-08-03 22:22:07', '21230709204187000381550010003844351253691540', '1', 'Jafra - Maranhao', 425),
(366, '2023-08-03 22:22:07', '21230709204187000381550010003844371456143720', '1', 'Jafra - Maranhao', 426),
(367, '2023-08-03 22:22:07', '21230709204187000381550010003844381819306496', '1', 'Jafra - Maranhao', 427),
(368, '2023-08-03 22:22:07', '21230709204187000381550010003844391403834099', '1', 'Jafra - Maranhao', 428),
(369, '2023-08-03 22:22:07', '21230709204187000381550010003844411548407130', '1', 'Jafra - Maranhao', 429),
(370, '2023-08-03 22:22:07', '21230709204187000381550010003844421078624529', '1', 'Jafra - Maranhao', 430),
(371, '2023-08-03 22:22:07', '21230709204187000381550010003844431499710046', '1', 'Jafra - Maranhao', 431),
(372, '2023-08-03 22:22:07', '21230709204187000381550010003844441811069263', '1', 'Jafra - Maranhao', 432),
(373, '2023-08-03 22:22:07', '21230709204187000381550010003844451981791480', '1', 'Jafra - Maranhao', 433),
(374, '2023-08-03 22:22:07', '21230709204187000381550010003844461850807762', '1', 'Jafra - Maranhao', 434),
(375, '2023-08-03 22:22:07', '21230709204187000381550010003844511144712272', '1', 'Jafra - Maranhao', 435),
(376, '2023-08-03 22:22:07', '21230709204187000381550010003844541822481809', '1', 'Jafra - Maranhao', 436),
(377, '2023-08-03 22:22:07', '21230709204187000381550010003844551724945417', '1', 'Jafra - Maranhao', 437),
(378, '2023-08-03 22:22:07', '21230709204187000381550010003844561563313012', '1', 'Jafra - Maranhao', 438),
(379, '2023-08-03 22:22:07', '21230709204187000381550010003844581305887940', '1', 'Jafra - Maranhao', 439),
(380, '2023-08-03 22:22:07', '21230709204187000381550010003844591101814853', '1', 'Jafra - Maranhao', 440),
(381, '2023-08-03 22:22:07', '21230709204187000381550010003844601610631340', '1', 'Jafra - Maranhao', 441),
(382, '2023-08-03 22:22:07', '21230709204187000381550010003844621038513028', '1', 'Jafra - Maranhao', 442),
(383, '2023-08-03 22:22:07', '21230709204187000381550010003844631923119411', '1', 'Jafra - Maranhao', 443),
(384, '2023-08-03 22:22:07', '21230709204187000381550010003844651978986308', '1', 'Jafra - Maranhao', 444),
(385, '2023-08-03 22:22:07', '21230709204187000381550010003844661111992740', '1', 'Jafra - Maranhao', 445),
(386, '2023-08-03 22:22:07', '21230709204187000381550010003844681862278830', '1', 'Jafra - Maranhao', 446),
(387, '2023-08-03 22:22:07', '21230709204187000381550010003844691683662942', '1', 'Jafra - Maranhao', 447),
(388, '2023-08-03 22:22:07', '21230709204187000381550010003844701883934696', '1', 'Jafra - Maranhao', 448),
(389, '2023-08-03 22:22:07', '21230709204187000381550010003844721937342320', '1', 'Jafra - Maranhao', 449),
(390, '2023-08-03 22:22:07', '21230709204187000381550010003844731136668755', '1', 'Jafra - Maranhao', 450),
(391, '2023-08-03 22:22:07', '21230709204187000381550010003844781082161409', '1', 'Jafra - Maranhao', 451);

-- --------------------------------------------------------

--
-- Estrutura da tabela `notafiscal`
--

CREATE TABLE `notafiscal` (
  `id` int(11) NOT NULL,
  `data` timestamp NULL DEFAULT current_timestamp(),
  `chave` varchar(225) DEFAULT NULL,
  `autorizacao` int(11) DEFAULT NULL,
  `notafiscal` int(11) DEFAULT NULL,
  `serie` int(11) DEFAULT NULL,
  `razaosocial` varchar(225) DEFAULT NULL,
  `cnpj` varchar(45) DEFAULT NULL,
  `valoricms` decimal(10,2) DEFAULT NULL,
  `inscricaoestadual` varchar(45) DEFAULT NULL,
  `bcicms` decimal(10,2) DEFAULT NULL,
  `totalproduto` decimal(10,2) DEFAULT NULL,
  `frete` decimal(10,2) DEFAULT NULL,
  `desconto` decimal(10,2) DEFAULT NULL,
  `totalipi` decimal(10,2) DEFAULT NULL,
  `totalnota` decimal(10,2) DEFAULT NULL,
  `usuarios_id` int(11) NOT NULL
) ENGINE=InnoDB DEFAULT CHARSET=utf8mb4;

--
-- Extraindo dados da tabela `notafiscal`
--

INSERT INTO `notafiscal` (`id`, `data`, `chave`, `autorizacao`, `notafiscal`, `serie`, `razaosocial`, `cnpj`, `valoricms`, `inscricaoestadual`, `bcicms`, `totalproduto`, `frete`, `desconto`, `totalipi`, `totalnota`, `usuarios_id`) VALUES
(317, '2023-08-03 21:57:48', '35230709204187000209550010005294611547354447', 2147483647, 529461, 1, 'Jafra - Jundiai', '09204187000209', '125.00', '206827993110', '1.04', '1.00', '0.00', '0.00', '135.00', '1.27', 4),
(318, '2023-08-03 21:57:48', '21220409204187000381550010003710341808269429', 2147483647, 371034, 1, 'Jafra - Maranhao', '09204187000381', '0.00', '123508304', '0.00', '421.00', '21.00', '21.00', '7.00', '450.00', 4),
(319, '2023-08-03 22:20:49', '21230709204187000381550010003841411019788177', 2147483647, 384141, 1, 'Jafra - Maranhao', '09204187000381', '0.00', '123508304', '0.00', '404.00', '20.00', '20.00', '0.00', '424.00', 4),
(320, '2023-08-03 22:20:49', '21230709204187000381550010003841421629581425', 2147483647, 384142, 1, 'Jafra - Maranhao', '09204187000381', '0.00', '123508304', '0.00', '331.00', '21.00', '21.00', '5.00', '358.00', 4),
(321, '2023-08-03 22:20:49', '21230709204187000381550010003841431355734197', 2147483647, 384143, 1, 'Jafra - Maranhao', '09204187000381', '0.00', '123508304', '0.00', '647.00', '21.00', '21.00', '0.00', '668.00', 4),
(322, '2023-08-03 22:20:49', '21230709204187000381550010003841441432788982', 2147483647, 384144, 1, 'Jafra - Maranhao', '09204187000381', '0.00', '123508304', '0.00', '307.00', '18.00', '18.00', '17.00', '342.00', 4),
(323, '2023-08-03 22:20:49', '21230709204187000381550010003841451762466102', 2147483647, 384145, 1, 'Jafra - Maranhao', '09204187000381', '0.00', '123508304', '0.00', '365.00', '21.00', '21.00', '56.00', '442.00', 4),
(324, '2023-08-03 22:20:49', '21230709204187000381550010003841461815045448', 2147483647, 384146, 1, 'Jafra - Maranhao', '09204187000381', '0.00', '123508304', '0.00', '344.00', '18.00', '18.00', '0.00', '362.00', 4),
(325, '2023-08-03 22:20:49', '21230709204187000381550010003841501048281041', 2147483647, 384150, 1, 'Jafra - Maranhao', '09204187000381', '0.00', '123508304', '0.00', '318.00', '20.00', '20.00', '1.00', '339.00', 4),
(326, '2023-08-03 22:20:49', '21230709204187000381550010003841511673623048', 2147483647, 384151, 1, 'Jafra - Maranhao', '09204187000381', '0.00', '123508304', '0.00', '326.00', '20.00', '20.00', '0.00', '346.00', 4),
(327, '2023-08-03 22:20:49', '21230709204187000381550010003841521635836444', 2147483647, 384152, 1, 'Jafra - Maranhao', '09204187000381', '0.00', '123508304', '0.00', '318.00', '20.00', '20.00', '1.00', '339.00', 4),
(328, '2023-08-03 22:20:49', '21230709204187000381550010003841531347513469', 2147483647, 384153, 1, 'Jafra - Maranhao', '09204187000381', '0.00', '123508304', '0.00', '467.00', '20.00', '20.00', '0.00', '487.00', 4),
(329, '2023-08-03 22:20:49', '21230709204187000381550010003841541294782476', 2147483647, 384154, 1, 'Jafra - Maranhao', '09204187000381', '0.00', '123508304', '0.00', '564.00', '16.00', '16.00', '0.00', '580.00', 4),
(330, '2023-08-03 22:20:49', '21230709204187000381550010003841551109670405', 2147483647, 384155, 1, 'Jafra - Maranhao', '09204187000381', '0.00', '123508304', '0.00', '470.00', '20.00', '20.00', '0.00', '490.00', 4),
(331, '2023-08-03 22:20:49', '21230709204187000381550010003841581560881298', 2147483647, 384158, 1, 'Jafra - Maranhao', '09204187000381', '0.00', '123508304', '0.00', '312.00', '20.00', '20.00', '0.00', '332.00', 4),
(332, '2023-08-03 22:20:49', '21230709204187000381550010003841591392377262', 2147483647, 384159, 1, 'Jafra - Maranhao', '09204187000381', '0.00', '123508304', '0.00', '1.02', '0.00', '0.00', '0.00', '1.02', 4),
(333, '2023-08-03 22:20:49', '21230709204187000381550010003841611738738517', 2147483647, 384161, 1, 'Jafra - Maranhao', '09204187000381', '0.00', '123508304', '0.00', '322.00', '20.00', '20.00', '4.00', '346.00', 4),
(334, '2023-08-03 22:20:49', '21230709204187000381550010003841621393544486', 2147483647, 384162, 1, 'Jafra - Maranhao', '09204187000381', '0.00', '123508304', '0.00', '337.00', '20.00', '20.00', '27.00', '384.00', 4),
(335, '2023-08-03 22:20:49', '21230709204187000381550010003841631394178340', 2147483647, 384163, 1, 'Jafra - Maranhao', '09204187000381', '0.00', '123508304', '0.00', '570.00', '18.00', '18.00', '16.00', '604.00', 4),
(336, '2023-08-03 22:20:49', '21230709204187000381550010003841641033436147', 2147483647, 384164, 1, 'Jafra - Maranhao', '09204187000381', '0.00', '123508304', '0.00', '398.00', '18.00', '18.00', '4.00', '421.00', 4),
(337, '2023-08-03 22:20:49', '21230709204187000381550010003841651964214603', 2147483647, 384165, 1, 'Jafra - Maranhao', '09204187000381', '0.00', '123508304', '0.00', '320.00', '20.00', '20.00', '0.00', '340.00', 4),
(338, '2023-08-03 22:20:49', '21230709204187000381550010003841661273958045', 2147483647, 384166, 1, 'Jafra - Maranhao', '09204187000381', '0.00', '123508304', '0.00', '343.00', '21.00', '21.00', '1.00', '366.00', 4),
(339, '2023-08-03 22:20:49', '21230709204187000381550010003841671980129776', 2147483647, 384167, 1, 'Jafra - Maranhao', '09204187000381', '0.00', '123508304', '0.00', '531.00', '20.00', '20.00', '17.00', '568.00', 4),
(340, '2023-08-03 22:20:49', '21230709204187000381550010003841681598679042', 2147483647, 384168, 1, 'Jafra - Maranhao', '09204187000381', '0.00', '123508304', '0.00', '320.00', '20.00', '20.00', '0.00', '340.00', 4),
(341, '2023-08-03 22:20:49', '21230709204187000381550010003841691428851143', 2147483647, 384169, 1, 'Jafra - Maranhao', '09204187000381', '0.00', '123508304', '0.00', '322.00', '20.00', '20.00', '7.00', '349.00', 4),
(342, '2023-08-03 22:20:49', '21230709204187000381550010003841711221164528', 2147483647, 384171, 1, 'Jafra - Maranhao', '09204187000381', '0.00', '123508304', '0.00', '682.00', '21.00', '21.00', '0.00', '703.00', 4),
(343, '2023-08-03 22:20:49', '21230709204187000381550010003841721481947171', 2147483647, 384172, 1, 'Jafra - Maranhao', '09204187000381', '0.00', '123508304', '0.00', '543.00', '18.00', '18.00', '13.00', '574.00', 4),
(344, '2023-08-03 22:20:49', '21230709204187000381550010003841731120689476', 2147483647, 384173, 1, 'Jafra - Maranhao', '09204187000381', '0.00', '123508304', '0.00', '410.00', '16.00', '16.00', '0.00', '426.00', 4),
(345, '2023-08-03 22:20:49', '21230709204187000381550010003841741715344758', 2147483647, 384174, 1, 'Jafra - Maranhao', '09204187000381', '0.00', '123508304', '0.00', '333.00', '21.00', '21.00', '0.00', '354.00', 4),
(346, '2023-08-03 22:20:49', '21230709204187000381550010003841751388749472', 2147483647, 384175, 1, 'Jafra - Maranhao', '09204187000381', '0.00', '123508304', '0.00', '699.00', '20.00', '20.00', '0.00', '719.00', 4),
(347, '2023-08-03 22:20:49', '21230709204187000381550010003841781496892754', 2147483647, 384178, 1, 'Jafra - Maranhao', '09204187000381', '0.00', '123508304', '0.00', '356.00', '20.00', '20.00', '0.00', '376.00', 4),
(348, '2023-08-03 22:20:49', '21230709204187000381550010003841801856078245', 2147483647, 384180, 1, 'Jafra - Maranhao', '09204187000381', '0.00', '123508304', '0.00', '763.00', '11.00', '11.00', '40.00', '814.00', 4),
(349, '2023-08-03 22:20:49', '21230709204187000381550010003841821241906035', 2147483647, 384182, 1, 'Jafra - Maranhao', '09204187000381', '0.00', '123508304', '0.00', '305.00', '21.00', '21.00', '7.00', '334.00', 4),
(350, '2023-08-03 22:20:49', '21230709204187000381550010003841831356348040', 2147483647, 384183, 1, 'Jafra - Maranhao', '09204187000381', '0.00', '123508304', '0.00', '337.00', '20.00', '20.00', '0.00', '357.00', 4),
(351, '2023-08-03 22:22:07', '21230709204187000381550010003842661324636142', 2147483647, 384266, 1, 'Jafra - Maranhao', '09204187000381', '0.00', '123508304', '0.00', '533.00', '18.00', '18.00', '12.00', '564.00', 4),
(352, '2023-08-03 22:22:07', '21230709204187000381550010003842731126093066', 2147483647, 384273, 1, 'Jafra - Maranhao', '09204187000381', '0.00', '123508304', '0.00', '407.00', '20.00', '20.00', '0.00', '427.00', 4),
(353, '2023-08-03 22:22:07', '21230709204187000381550010003843131358652479', 2147483647, 384313, 1, 'Jafra - Maranhao', '09204187000381', '0.00', '123508304', '0.00', '1.01', '0.00', '0.00', '0.00', '1.01', 4),
(354, '2023-08-03 22:22:07', '21230709204187000381550010003843281369945696', 2147483647, 384328, 1, 'Jafra - Maranhao', '09204187000381', '0.00', '123508304', '0.00', '329.00', '20.00', '20.00', '0.00', '349.00', 4),
(355, '2023-08-03 22:22:07', '21230709204187000381550010003843291838569842', 2147483647, 384329, 1, 'Jafra - Maranhao', '09204187000381', '0.00', '123508304', '0.00', '446.00', '21.00', '21.00', '1.00', '468.00', 4),
(356, '2023-08-03 22:22:07', '21230709204187000381550010003843301152765821', 2147483647, 384330, 1, 'Jafra - Maranhao', '09204187000381', '0.00', '123508304', '0.00', '353.00', '18.00', '18.00', '0.00', '371.00', 4),
(357, '2023-08-03 22:22:07', '21230709204187000381550010003843311630240641', 2147483647, 384331, 1, 'Jafra - Maranhao', '09204187000381', '0.00', '123508304', '0.00', '500.00', '20.00', '20.00', '0.00', '520.00', 4),
(358, '2023-08-03 22:22:07', '21230709204187000381550010003843321665482495', 2147483647, 384332, 1, 'Jafra - Maranhao', '09204187000381', '0.00', '123508304', '0.00', '562.00', '20.00', '20.00', '0.00', '582.00', 4),
(359, '2023-08-03 22:22:07', '21230709204187000381550010003843331754098639', 2147483647, 384333, 1, 'Jafra - Maranhao', '09204187000381', '0.00', '123508304', '0.00', '724.00', '20.00', '20.00', '0.00', '744.00', 4),
(360, '2023-08-03 22:22:07', '21230709204187000381550010003843341415047451', 2147483647, 384334, 1, 'Jafra - Maranhao', '09204187000381', '0.00', '123508304', '0.00', '390.00', '20.00', '20.00', '0.00', '410.00', 4),
(361, '2023-08-03 22:22:07', '21230709204187000381550010003843351572958726', 2147483647, 384335, 1, 'Jafra - Maranhao', '09204187000381', '0.00', '123508304', '0.00', '687.00', '18.00', '18.00', '0.00', '705.00', 4),
(362, '2023-08-03 22:22:07', '21230709204187000381550010003843361706565682', 2147483647, 384336, 1, 'Jafra - Maranhao', '09204187000381', '0.00', '123508304', '0.00', '821.00', '20.00', '20.00', '0.00', '841.00', 4),
(363, '2023-08-03 22:22:07', '21230709204187000381550010003843381352358721', 2147483647, 384338, 1, 'Jafra - Maranhao', '09204187000381', '0.00', '123508304', '0.00', '472.00', '20.00', '20.00', '16.00', '509.00', 4),
(364, '2023-08-03 22:22:07', '21230709204187000381550010003843391192621109', 2147483647, 384339, 1, 'Jafra - Maranhao', '09204187000381', '0.00', '123508304', '0.00', '440.00', '21.00', '21.00', '0.00', '461.00', 4),
(365, '2023-08-03 22:22:07', '21230709204187000381550010003843401709595941', 2147483647, 384340, 1, 'Jafra - Maranhao', '09204187000381', '0.00', '123508304', '0.00', '762.00', '20.00', '20.00', '0.00', '782.00', 4),
(366, '2023-08-03 22:22:07', '21230709204187000381550010003843411889277444', 2147483647, 384341, 1, 'Jafra - Maranhao', '09204187000381', '0.00', '123508304', '0.00', '599.00', '18.00', '18.00', '19.00', '636.00', 4),
(367, '2023-08-03 22:22:07', '21230709204187000381550010003843421856056250', 2147483647, 384342, 1, 'Jafra - Maranhao', '09204187000381', '0.00', '123508304', '0.00', '407.00', '20.00', '20.00', '0.00', '427.00', 4),
(368, '2023-08-03 22:22:07', '21230709204187000381550010003843431436630473', 2147483647, 384343, 1, 'Jafra - Maranhao', '09204187000381', '0.00', '123508304', '0.00', '304.00', '21.00', '21.00', '0.00', '325.00', 4),
(369, '2023-08-03 22:22:07', '21230709204187000381550010003843441902051043', 2147483647, 384344, 1, 'Jafra - Maranhao', '09204187000381', '0.00', '123508304', '0.00', '335.00', '21.00', '21.00', '0.00', '356.00', 4),
(370, '2023-08-03 22:22:07', '21230709204187000381550010003843451498806103', 2147483647, 384345, 1, 'Jafra - Maranhao', '09204187000381', '0.00', '123508304', '0.00', '362.00', '18.00', '18.00', '0.00', '380.00', 4),
(371, '2023-08-03 22:22:07', '21230709204187000381550010003843461170547245', 2147483647, 384346, 1, 'Jafra - Maranhao', '09204187000381', '0.00', '123508304', '0.00', '326.00', '21.00', '21.00', '0.00', '347.00', 4),
(372, '2023-08-03 22:22:07', '21230709204187000381550010003843471021906542', 2147483647, 384347, 1, 'Jafra - Maranhao', '09204187000381', '0.00', '123508304', '0.00', '410.00', '18.00', '18.00', '0.00', '428.00', 4),
(373, '2023-08-03 22:22:07', '21230709204187000381550010003843491970414322', 2147483647, 384349, 1, 'Jafra - Maranhao', '09204187000381', '0.00', '123508304', '0.00', '413.00', '20.00', '20.00', '1.00', '434.00', 4),
(374, '2023-08-03 22:22:07', '21230709204187000381550010003843511848773125', 2147483647, 384351, 1, 'Jafra - Maranhao', '09204187000381', '0.00', '123508304', '0.00', '609.00', '10.00', '10.00', '9.00', '629.00', 4),
(375, '2023-08-03 22:22:07', '21230709204187000381550010003843521295733424', 2147483647, 384352, 1, 'Jafra - Maranhao', '09204187000381', '0.00', '123508304', '0.00', '588.00', '18.00', '18.00', '0.00', '606.00', 4),
(376, '2023-08-03 22:22:07', '21230709204187000381550010003843541933388941', 2147483647, 384354, 1, 'Jafra - Maranhao', '09204187000381', '0.00', '123508304', '0.00', '621.00', '20.00', '20.00', '0.00', '641.00', 4),
(377, '2023-08-03 22:22:07', '21230709204187000381550010003843551978552748', 2147483647, 384355, 1, 'Jafra - Maranhao', '09204187000381', '0.00', '123508304', '0.00', '621.00', '20.00', '20.00', '0.00', '641.00', 4),
(378, '2023-08-03 22:22:07', '21230709204187000381550010003843561974332740', 2147483647, 384356, 1, 'Jafra - Maranhao', '09204187000381', '0.00', '123508304', '0.00', '623.00', '20.00', '20.00', '0.00', '643.00', 4),
(379, '2023-08-03 22:22:07', '21230709204187000381550010003843571855754495', 2147483647, 384357, 1, 'Jafra - Maranhao', '09204187000381', '0.00', '123508304', '0.00', '310.00', '20.00', '20.00', '41.00', '372.00', 4),
(380, '2023-08-03 22:22:07', '21230709204187000381550010003843581323959618', 2147483647, 384358, 1, 'Jafra - Maranhao', '09204187000381', '0.00', '123508304', '0.00', '665.00', '21.00', '21.00', '0.00', '686.00', 4),
(381, '2023-08-03 22:22:07', '21230709204187000381550010003843591861274291', 2147483647, 384359, 1, 'Jafra - Maranhao', '09204187000381', '0.00', '123508304', '0.00', '361.00', '20.00', '20.00', '0.00', '381.00', 4),
(382, '2023-08-03 22:22:07', '21230709204187000381550010003843601317754145', 2147483647, 384360, 1, 'Jafra - Maranhao', '09204187000381', '0.00', '123508304', '0.00', '326.00', '20.00', '20.00', '14.00', '360.00', 4),
(383, '2023-08-03 22:22:07', '21230709204187000381550010003843611353674536', 2147483647, 384361, 1, 'Jafra - Maranhao', '09204187000381', '0.00', '123508304', '0.00', '407.00', '20.00', '20.00', '0.00', '427.00', 4),
(384, '2023-08-03 22:22:07', '21230709204187000381550010003843671836407994', 2147483647, 384367, 1, 'Jafra - Maranhao', '09204187000381', '0.00', '123508304', '0.00', '400.00', '20.00', '20.00', '1.00', '421.00', 4),
(385, '2023-08-03 22:22:07', '21230709204187000381550010003843681467921967', 2147483647, 384368, 1, 'Jafra - Maranhao', '09204187000381', '0.00', '123508304', '0.00', '563.00', '18.00', '18.00', '40.00', '622.00', 4),
(386, '2023-08-03 22:22:07', '21230709204187000381550010003843701423734981', 2147483647, 384370, 1, 'Jafra - Maranhao', '09204187000381', '0.00', '123508304', '0.00', '389.00', '20.00', '20.00', '0.00', '409.00', 4),
(387, '2023-08-03 22:22:07', '21230709204187000381550010003843721802731896', 2147483647, 384372, 1, 'Jafra - Maranhao', '09204187000381', '0.00', '123508304', '0.00', '305.00', '18.00', '18.00', '0.00', '323.00', 4),
(388, '2023-08-03 22:22:07', '21230709204187000381550010003843731143154600', 2147483647, 384373, 1, 'Jafra - Maranhao', '09204187000381', '0.00', '123508304', '0.00', '562.00', '21.00', '21.00', '0.00', '583.00', 4),
(389, '2023-08-03 22:22:07', '21230709204187000381550010003843741636424490', 2147483647, 384374, 1, 'Jafra - Maranhao', '09204187000381', '0.00', '123508304', '0.00', '320.00', '21.00', '21.00', '0.00', '341.00', 4),
(390, '2023-08-03 22:22:07', '21230709204187000381550010003843761308476308', 2147483647, 384376, 1, 'Jafra - Maranhao', '09204187000381', '0.00', '123508304', '0.00', '307.00', '18.00', '18.00', '56.00', '382.00', 4),
(391, '2023-08-03 22:22:07', '21230709204187000381550010003843771894624222', 2147483647, 384377, 1, 'Jafra - Maranhao', '09204187000381', '0.00', '123508304', '0.00', '592.00', '18.00', '18.00', '0.00', '610.00', 4),
(392, '2023-08-03 22:22:07', '21230709204187000381550010003843781851293531', 2147483647, 384378, 1, 'Jafra - Maranhao', '09204187000381', '0.00', '123508304', '0.00', '413.00', '20.00', '20.00', '1.00', '434.00', 4),
(393, '2023-08-03 22:22:07', '21230709204187000381550010003843811944143748', 2147483647, 384381, 1, 'Jafra - Maranhao', '09204187000381', '0.00', '123508304', '0.00', '410.00', '20.00', '20.00', '0.00', '430.00', 4),
(394, '2023-08-03 22:22:07', '21230709204187000381550010003843821820250744', 2147483647, 384382, 1, 'Jafra - Maranhao', '09204187000381', '0.00', '123508304', '0.00', '320.00', '21.00', '21.00', '0.00', '341.00', 4),
(395, '2023-08-03 22:22:07', '21230709204187000381550010003843861910089542', 2147483647, 384386, 1, 'Jafra - Maranhao', '09204187000381', '0.00', '123508304', '0.00', '332.00', '21.00', '21.00', '0.00', '353.00', 4),
(396, '2023-08-03 22:22:07', '21230709204187000381550010003843891128119475', 2147483647, 384389, 1, 'Jafra - Maranhao', '09204187000381', '0.00', '123508304', '0.00', '433.00', '21.00', '21.00', '0.00', '454.00', 4),
(397, '2023-08-03 22:22:07', '21230709204187000381550010003843901817928044', 2147483647, 384390, 1, 'Jafra - Maranhao', '09204187000381', '0.00', '123508304', '0.00', '442.00', '21.00', '21.00', '0.00', '463.00', 4),
(398, '2023-08-03 22:22:07', '21230709204187000381550010003843911930311976', 2147483647, 384391, 1, 'Jafra - Maranhao', '09204187000381', '0.00', '123508304', '0.00', '732.00', '20.00', '20.00', '0.00', '752.00', 4),
(399, '2023-08-03 22:22:07', '21230709204187000381550010003843931297820432', 2147483647, 384393, 1, 'Jafra - Maranhao', '09204187000381', '0.00', '123508304', '0.00', '407.00', '20.00', '20.00', '0.00', '427.00', 4),
(400, '2023-08-03 22:22:07', '21230709204187000381550010003843941896515863', 2147483647, 384394, 1, 'Jafra - Maranhao', '09204187000381', '0.00', '123508304', '0.00', '380.00', '20.00', '20.00', '0.00', '400.00', 4),
(401, '2023-08-03 22:22:07', '21230709204187000381550010003843961896412449', 2147483647, 384396, 1, 'Jafra - Maranhao', '09204187000381', '0.00', '123508304', '0.00', '657.00', '16.00', '16.00', '13.00', '687.00', 4),
(402, '2023-08-03 22:22:07', '21230709204187000381550010003843971680236410', 2147483647, 384397, 1, 'Jafra - Maranhao', '09204187000381', '0.00', '123508304', '0.00', '492.00', '20.00', '20.00', '0.00', '512.00', 4),
(403, '2023-08-03 22:22:07', '21230709204187000381550010003843991838357440', 2147483647, 384399, 1, 'Jafra - Maranhao', '09204187000381', '0.00', '123508304', '0.00', '430.00', '21.00', '21.00', '0.00', '451.00', 4),
(404, '2023-08-03 22:22:07', '21230709204187000381550010003844021798125479', 2147483647, 384402, 1, 'Jafra - Maranhao', '09204187000381', '0.00', '123508304', '0.00', '329.00', '21.00', '21.00', '0.00', '350.00', 4),
(405, '2023-08-03 22:22:07', '21230709204187000381550010003844031057544560', 2147483647, 384403, 1, 'Jafra - Maranhao', '09204187000381', '0.00', '123508304', '0.00', '350.00', '21.00', '21.00', '0.00', '371.00', 4),
(406, '2023-08-03 22:22:07', '21230709204187000381550010003844051616161344', 2147483647, 384405, 1, 'Jafra - Maranhao', '09204187000381', '0.00', '123508304', '0.00', '380.00', '20.00', '20.00', '0.00', '400.00', 4),
(407, '2023-08-03 22:22:07', '21230709204187000381550010003844061929792499', 2147483647, 384406, 1, 'Jafra - Maranhao', '09204187000381', '0.00', '123508304', '0.00', '407.00', '20.00', '20.00', '0.00', '427.00', 4),
(408, '2023-08-03 22:22:07', '21230709204187000381550010003844101577864386', 2147483647, 384410, 1, 'Jafra - Maranhao', '09204187000381', '0.00', '123508304', '0.00', '320.00', '20.00', '20.00', '0.00', '340.00', 4),
(409, '2023-08-03 22:22:07', '21230709204187000381550010003844111139762040', 2147483647, 384411, 1, 'Jafra - Maranhao', '09204187000381', '0.00', '123508304', '0.00', '475.00', '21.00', '21.00', '0.00', '496.00', 4),
(410, '2023-08-03 22:22:07', '21230709204187000381550010003844121740382610', 2147483647, 384412, 1, 'Jafra - Maranhao', '09204187000381', '0.00', '123508304', '0.00', '362.00', '20.00', '20.00', '0.00', '382.00', 4),
(411, '2023-08-03 22:22:07', '21230709204187000381550010003844131717847740', 2147483647, 384413, 1, 'Jafra - Maranhao', '09204187000381', '0.00', '123508304', '0.00', '380.00', '20.00', '20.00', '0.00', '400.00', 4),
(412, '2023-08-03 22:22:07', '21230709204187000381550010003844141489967840', 2147483647, 384414, 1, 'Jafra - Maranhao', '09204187000381', '0.00', '123508304', '0.00', '407.00', '20.00', '20.00', '0.00', '427.00', 4),
(413, '2023-08-03 22:22:07', '21230709204187000381550010003844171299908489', 2147483647, 384417, 1, 'Jafra - Maranhao', '09204187000381', '0.00', '123508304', '0.00', '458.00', '20.00', '20.00', '0.00', '478.00', 4),
(414, '2023-08-03 22:22:07', '21230709204187000381550010003844181283148517', 2147483647, 384418, 1, 'Jafra - Maranhao', '09204187000381', '0.00', '123508304', '0.00', '333.00', '20.00', '20.00', '5.00', '358.00', 4),
(415, '2023-08-03 22:22:07', '21230709204187000381550010003844191487044245', 2147483647, 384419, 1, 'Jafra - Maranhao', '09204187000381', '0.00', '123508304', '0.00', '437.00', '20.00', '20.00', '1.00', '458.00', 4),
(416, '2023-08-03 22:22:07', '21230709204187000381550010003844211366293528', 2147483647, 384421, 1, 'Jafra - Maranhao', '09204187000381', '0.00', '123508304', '0.00', '1.04', '0.00', '0.00', '23.00', '1.07', 4),
(417, '2023-08-03 22:22:07', '21230709204187000381550010003844221157536476', 2147483647, 384422, 1, 'Jafra - Maranhao', '09204187000381', '0.00', '123508304', '0.00', '304.00', '21.00', '21.00', '7.00', '333.00', 4),
(418, '2023-08-03 22:22:07', '21230709204187000381550010003844231168623658', 2147483647, 384423, 1, 'Jafra - Maranhao', '09204187000381', '0.00', '123508304', '0.00', '393.00', '20.00', '20.00', '0.00', '413.00', 4),
(419, '2023-08-03 22:22:07', '21230709204187000381550010003844241878518466', 2147483647, 384424, 1, 'Jafra - Maranhao', '09204187000381', '0.00', '123508304', '0.00', '302.00', '20.00', '20.00', '0.00', '322.00', 4),
(420, '2023-08-03 22:22:07', '21230709204187000381550010003844261228875706', 2147483647, 384426, 1, 'Jafra - Maranhao', '09204187000381', '0.00', '123508304', '0.00', '409.00', '20.00', '20.00', '0.00', '429.00', 4),
(421, '2023-08-03 22:22:07', '21230709204187000381550010003844291650366214', 2147483647, 384429, 1, 'Jafra - Maranhao', '09204187000381', '0.00', '123508304', '0.00', '407.00', '20.00', '20.00', '0.00', '427.00', 4),
(422, '2023-08-03 22:22:07', '21230709204187000381550010003844311363123342', 2147483647, 384431, 1, 'Jafra - Maranhao', '09204187000381', '0.00', '123508304', '0.00', '326.00', '21.00', '21.00', '1.00', '349.00', 4),
(423, '2023-08-03 22:22:07', '21230709204187000381550010003844321732342985', 2147483647, 384432, 1, 'Jafra - Maranhao', '09204187000381', '0.00', '123508304', '0.00', '527.00', '20.00', '20.00', '7.00', '555.00', 4),
(424, '2023-08-03 22:22:07', '21230709204187000381550010003844331015445121', 2147483647, 384433, 1, 'Jafra - Maranhao', '09204187000381', '0.00', '123508304', '0.00', '361.00', '20.00', '20.00', '1.00', '383.00', 4),
(425, '2023-08-03 22:22:07', '21230709204187000381550010003844351253691540', 2147483647, 384435, 1, 'Jafra - Maranhao', '09204187000381', '0.00', '123508304', '0.00', '356.00', '21.00', '21.00', '0.00', '377.00', 4),
(426, '2023-08-03 22:22:07', '21230709204187000381550010003844371456143720', 2147483647, 384437, 1, 'Jafra - Maranhao', '09204187000381', '0.00', '123508304', '0.00', '647.00', '21.00', '21.00', '0.00', '668.00', 4),
(427, '2023-08-03 22:22:07', '21230709204187000381550010003844381819306496', 2147483647, 384438, 1, 'Jafra - Maranhao', '09204187000381', '0.00', '123508304', '0.00', '324.00', '21.00', '21.00', '11.00', '357.00', 4),
(428, '2023-08-03 22:22:07', '21230709204187000381550010003844391403834099', 2147483647, 384439, 1, 'Jafra - Maranhao', '09204187000381', '0.00', '123508304', '0.00', '373.00', '21.00', '21.00', '0.00', '394.00', 4),
(429, '2023-08-03 22:22:07', '21230709204187000381550010003844411548407130', 2147483647, 384441, 1, 'Jafra - Maranhao', '09204187000381', '0.00', '123508304', '0.00', '308.00', '20.00', '20.00', '6.00', '335.00', 4),
(430, '2023-08-03 22:22:07', '21230709204187000381550010003844421078624529', 2147483647, 384442, 1, 'Jafra - Maranhao', '09204187000381', '0.00', '123508304', '0.00', '380.00', '20.00', '20.00', '0.00', '400.00', 4),
(431, '2023-08-03 22:22:07', '21230709204187000381550010003844431499710046', 2147483647, 384443, 1, 'Jafra - Maranhao', '09204187000381', '0.00', '123508304', '0.00', '535.00', '20.00', '20.00', '0.00', '555.00', 4),
(432, '2023-08-03 22:22:07', '21230709204187000381550010003844441811069263', 2147483647, 384444, 1, 'Jafra - Maranhao', '09204187000381', '0.00', '123508304', '0.00', '552.00', '20.00', '20.00', '0.00', '572.00', 4),
(433, '2023-08-03 22:22:07', '21230709204187000381550010003844451981791480', 2147483647, 384445, 1, 'Jafra - Maranhao', '09204187000381', '0.00', '123508304', '0.00', '693.00', '20.00', '20.00', '0.00', '713.00', 4),
(434, '2023-08-03 22:22:07', '21230709204187000381550010003844461850807762', 2147483647, 384446, 1, 'Jafra - Maranhao', '09204187000381', '0.00', '123508304', '0.00', '312.00', '20.00', '20.00', '28.00', '361.00', 4),
(435, '2023-08-03 22:22:07', '21230709204187000381550010003844511144712272', 2147483647, 384451, 1, 'Jafra - Maranhao', '09204187000381', '0.00', '123508304', '0.00', '470.00', '21.00', '21.00', '0.00', '491.00', 4),
(436, '2023-08-03 22:22:07', '21230709204187000381550010003844541822481809', 2147483647, 384454, 1, 'Jafra - Maranhao', '09204187000381', '0.00', '123508304', '0.00', '482.00', '21.00', '21.00', '0.00', '503.00', 4),
(437, '2023-08-03 22:22:07', '21230709204187000381550010003844551724945417', 2147483647, 384455, 1, 'Jafra - Maranhao', '09204187000381', '0.00', '123508304', '0.00', '577.00', '20.00', '20.00', '0.00', '597.00', 4),
(438, '2023-08-03 22:22:07', '21230709204187000381550010003844561563313012', 2147483647, 384456, 1, 'Jafra - Maranhao', '09204187000381', '0.00', '123508304', '0.00', '529.00', '20.00', '20.00', '0.00', '549.00', 4),
(439, '2023-08-03 22:22:07', '21230709204187000381550010003844581305887940', 2147483647, 384458, 1, 'Jafra - Maranhao', '09204187000381', '0.00', '123508304', '0.00', '356.00', '21.00', '21.00', '0.00', '377.00', 4),
(440, '2023-08-03 22:22:07', '21230709204187000381550010003844591101814853', 2147483647, 384459, 1, 'Jafra - Maranhao', '09204187000381', '0.00', '123508304', '0.00', '341.00', '20.00', '20.00', '0.00', '361.00', 4),
(441, '2023-08-03 22:22:07', '21230709204187000381550010003844601610631340', 2147483647, 384460, 1, 'Jafra - Maranhao', '09204187000381', '0.00', '123508304', '0.00', '419.00', '20.00', '20.00', '1.00', '440.00', 4),
(442, '2023-08-03 22:22:07', '21230709204187000381550010003844621038513028', 2147483647, 384462, 1, 'Jafra - Maranhao', '09204187000381', '0.00', '123508304', '0.00', '362.00', '21.00', '21.00', '0.00', '383.00', 4),
(443, '2023-08-03 22:22:07', '21230709204187000381550010003844631923119411', 2147483647, 384463, 1, 'Jafra - Maranhao', '09204187000381', '0.00', '123508304', '0.00', '493.00', '18.00', '18.00', '0.00', '511.00', 4),
(444, '2023-08-03 22:22:07', '21230709204187000381550010003844651978986308', 2147483647, 384465, 1, 'Jafra - Maranhao', '09204187000381', '0.00', '123508304', '0.00', '367.00', '21.00', '21.00', '0.00', '388.00', 4),
(445, '2023-08-03 22:22:07', '21230709204187000381550010003844661111992740', 2147483647, 384466, 1, 'Jafra - Maranhao', '09204187000381', '0.00', '123508304', '0.00', '325.00', '20.00', '20.00', '0.00', '345.00', 4),
(446, '2023-08-03 22:22:07', '21230709204187000381550010003844681862278830', 2147483647, 384468, 1, 'Jafra - Maranhao', '09204187000381', '0.00', '123508304', '0.00', '446.00', '18.00', '18.00', '0.00', '464.00', 4),
(447, '2023-08-03 22:22:07', '21230709204187000381550010003844691683662942', 2147483647, 384469, 1, 'Jafra - Maranhao', '09204187000381', '0.00', '123508304', '0.00', '478.00', '11.00', '11.00', '0.00', '489.00', 4),
(448, '2023-08-03 22:22:07', '21230709204187000381550010003844701883934696', 2147483647, 384470, 1, 'Jafra - Maranhao', '09204187000381', '0.00', '123508304', '0.00', '742.00', '20.00', '20.00', '0.00', '762.00', 4),
(449, '2023-08-03 22:22:07', '21230709204187000381550010003844721937342320', 2147483647, 384472, 1, 'Jafra - Maranhao', '09204187000381', '0.00', '123508304', '0.00', '416.00', '20.00', '20.00', '5.00', '442.00', 4),
(450, '2023-08-03 22:22:07', '21230709204187000381550010003844731136668755', 2147483647, 384473, 1, 'Jafra - Maranhao', '09204187000381', '0.00', '123508304', '0.00', '338.00', '20.00', '20.00', '0.00', '358.00', 4),
(451, '2023-08-03 22:22:07', '21230709204187000381550010003844781082161409', 2147483647, 384478, 1, 'Jafra - Maranhao', '09204187000381', '0.00', '123508304', '0.00', '484.00', '20.00', '20.00', '10.00', '514.00', 4);

-- --------------------------------------------------------

--
-- Estrutura da tabela `ocorrencias`
--

CREATE TABLE `ocorrencias` (
  `id` int(11) NOT NULL,
  `nome` varchar(100) DEFAULT NULL
) ENGINE=InnoDB DEFAULT CHARSET=utf8mb4;

--
-- Extraindo dados da tabela `ocorrencias`
--

INSERT INTO `ocorrencias` (`id`, `nome`) VALUES
(1, 'ENDEREÇO NÃO ENCONTRADO'),
(2, 'DIFICIL ACESSO'),
(3, 'MOTO APREENDIDA'),
(6, 'AUSENTE'),
(7, 'DESTINATÁRIO DESCONHECIDO'),
(8, 'RECUSADO PELO DESTINATÁRIO'),
(9, 'ENDEREÇO INSUFICIENTE'),
(10, 'RETENÇÃO SOLICITADA PELO REMETENTE'),
(11, 'CEP NÃO ATENDIDO PELA BASE'),
(12, 'DESTINATÁRIO AUSENTE'),
(13, 'ERRO- CORREÇÃO SISTEMA'),
(14, 'CLIENTE MUDOU-SE'),
(15, 'AVARIA'),
(16, 'FALTA DE PEDIDO'),
(17, 'EXTRAVIO - SINISTRO'),
(18, 'NENHUMA'),
(19, 'MUDOU-SE'),
(20, 'DESCONHECIDO'),
(21, 'Nº INEXISTENTE'),
(22, 'NÃO LOCALIZADO'),
(23, 'OUTROS'),
(24, 'RECUSADO'),
(25, 'ENDEREÇO INSUFICIENTE'),
(26, 'FALECIDO'),
(27, 'fora de rota'),
(28, 'area de risco'),
(29, 'NENHUMA');

-- --------------------------------------------------------

--
-- Estrutura da tabela `parcelas`
--

CREATE TABLE `parcelas` (
  `id` int(11) NOT NULL,
  `titulo` varchar(45) DEFAULT NULL,
  `parcela` varchar(45) DEFAULT NULL,
  `vencimento` date DEFAULT NULL,
  `notafiscal_id` int(11) NOT NULL
) ENGINE=InnoDB DEFAULT CHARSET=utf8mb4;

-- --------------------------------------------------------

--
-- Estrutura da tabela `producao`
--

CREATE TABLE `producao` (
  `id` int(11) NOT NULL,
  `data` timestamp NULL DEFAULT current_timestamp(),
  `data_inicio` date DEFAULT NULL,
  `data_fim` date DEFAULT NULL,
  `qtd` int(11) DEFAULT NULL,
  `status` int(11) DEFAULT NULL,
  `entregadores_id` int(11) NOT NULL,
  `receber_id` int(11) NOT NULL,
  `regioes_id` int(11) NOT NULL,
  `usuarios_id` int(11) NOT NULL,
  `rotas_id` int(11) NOT NULL,
  `setores_id` int(11) NOT NULL,
  `servicos_id` int(11) NOT NULL
) ENGINE=InnoDB DEFAULT CHARSET=utf8mb4;

--
-- Extraindo dados da tabela `producao`
--

INSERT INTO `producao` (`id`, `data`, `data_inicio`, `data_fim`, `qtd`, `status`, `entregadores_id`, `receber_id`, `regioes_id`, `usuarios_id`, `rotas_id`, `setores_id`, `servicos_id`) VALUES
(323, '2023-07-30 22:31:03', '2023-07-30', '2023-08-01', 0, 1, 145, 1779, 76, 4, 24, 1, 7),
(324, '2023-08-03 20:05:07', '2023-08-03', '2023-08-05', 1, 1, 145, 1780, 76, 4, 24, 1, 7),
(325, '2023-08-03 20:41:10', '2023-08-03', '2023-08-05', -1, 1, 145, 1781, 76, 4, 24, 1, 7),
(326, '2023-08-03 21:08:40', '2023-08-03', '2023-08-05', 1, 1, 145, 1782, 76, 4, 24, 1, 7),
(327, '2023-08-03 21:09:05', '2023-08-03', '2023-08-05', 1, 1, 151, 1782, 76, 4, 27, 1, 7),
(328, '2023-08-03 21:22:46', '2023-08-03', '2023-08-05', 2, 1, 145, 1783, 76, 4, 24, 1, 7),
(329, '2023-08-03 21:50:12', '2023-08-03', '2023-08-05', 2, 1, 151, 1784, 76, 4, 27, 1, 7),
(330, '2023-08-03 21:58:00', '2023-08-03', '2023-08-05', 0, 1, 151, 1785, 76, 4, 27, 1, 7);

-- --------------------------------------------------------

--
-- Estrutura da tabela `produtos`
--

CREATE TABLE `produtos` (
  `id` int(11) NOT NULL,
  `data` date DEFAULT NULL,
  `codigo` varchar(45) DEFAULT NULL,
  `nome` varchar(45) DEFAULT NULL,
  `ncm` varchar(45) DEFAULT NULL,
  `cfop` varchar(45) DEFAULT NULL,
  `un` varchar(45) DEFAULT NULL,
  `qtd` varchar(45) DEFAULT NULL,
  `valor_uni` decimal(10,2) DEFAULT NULL,
  `bc_icms` decimal(10,2) DEFAULT NULL,
  `valor_prod` decimal(10,2) DEFAULT NULL,
  `valor_icms` decimal(10,2) DEFAULT NULL,
  `valor_ipi` decimal(10,2) DEFAULT NULL,
  `icms` varchar(45) DEFAULT NULL,
  `ipi` varchar(45) DEFAULT NULL,
  `categorias_id` int(11) NOT NULL,
  `barra` varchar(45) DEFAULT NULL,
  `descricao` varchar(45) DEFAULT NULL,
  `valor_venda` decimal(10,2) DEFAULT NULL,
  `status` int(11) DEFAULT NULL,
  `foto` varchar(100) DEFAULT NULL,
  `notafiscal_id` int(11) NOT NULL,
  `destinatario_id` int(11) NOT NULL
) ENGINE=InnoDB DEFAULT CHARSET=utf8mb4;

--
-- Extraindo dados da tabela `produtos`
--

INSERT INTO `produtos` (`id`, `data`, `codigo`, `nome`, `ncm`, `cfop`, `un`, `qtd`, `valor_uni`, `bc_icms`, `valor_prod`, `valor_icms`, `valor_ipi`, `icms`, `ipi`, `categorias_id`, `barra`, `descricao`, `valor_venda`, `status`, `foto`, `notafiscal_id`, `destinatario_id`) VALUES
(2838, '2023-08-03', '17026', 'ROYAL REVITALIZE CREME FACIAL REVITALIZANTE 5', '33049910', '5403', '191,40', '2,00', '0.00', '0.00', '382.00', '0.00', '0.00', '0', '0', 1, NULL, NULL, NULL, NULL, NULL, 317, 297),
(2839, '2023-08-03', '17147', 'Royal Revitalize Protetor Solar Facial de Amp', '33049910', '5403', '77,40', '1,00', '0.00', '0.00', '77.00', '0.00', '0.00', '0', '0', 1, NULL, NULL, NULL, NULL, NULL, 317, 297),
(2840, '2023-08-03', '16090', 'JF9 BLACK DEO COL 100ML', '33072010', '5403', '83,40', '1,00', '0.00', '0.00', '83.00', '0.00', '0.00', '0', '0', 1, NULL, NULL, NULL, NULL, NULL, 317, 297),
(2841, '2023-08-03', '17121', 'JAFRA ROYAL CLEAR SMART TONICO FACIAL CLAREAD', '33049910', '5403', '44,34', '1,00', '0.00', '0.00', '44.00', '0.00', '0.00', '0', '0', 1, NULL, NULL, NULL, NULL, NULL, 317, 297),
(2842, '2023-08-03', '17124', 'JAFRA ROYAL CLEAR SMART ESPUMA DE LIMPEZA FAC', '34013000', '5403', '53,94', '1,00', '0.00', '0.00', '53.00', '0.00', '0.00', '0', '0', 1, NULL, NULL, NULL, NULL, NULL, 317, 297),
(2843, '2023-08-03', '17123', 'JAFRA ROYAL CLEAR SMART HIDRATANTE EM GEL OIL', '33049990', '5403', '59,34', '1,00', '0.00', '0.00', '59.00', '0.00', '0.00', '0', '0', 1, NULL, NULL, NULL, NULL, NULL, 317, 297),
(2844, '2023-08-03', '7620', 'DEO PARFUM ADORISSE NIGHT 50 ML', '33072010', '5403', '99,00', '1,00', '0.00', '0.00', '99.00', '0.00', '0.00', '0', '0', 1, NULL, NULL, NULL, NULL, NULL, 317, 297),
(2845, '2023-08-03', '16956', 'Hidratante Desodorante Corporal Free To Be Ne', '33072090', '5403', '47,94', '1,00', '0.00', '0.00', '47.00', '0.00', '0.00', '0', '0', 1, NULL, NULL, NULL, NULL, NULL, 317, 297),
(2846, '2023-08-03', '17166', 'InsideEnergy with Royal Jelly and Hyaluronic ', '21069030', '5102', '95,40', '1,00', '0.00', '0.00', '95.00', '0.00', '0.00', '0', '0', 1, NULL, NULL, NULL, NULL, NULL, 317, 297),
(2847, '2023-08-03', '17104', 'Royal Jelly Creme Hidratante para as Maos com', '33049910', '5403', '53,34', '1,00', '0.00', '0.00', '53.00', '0.00', '0.00', '0', '0', 1, NULL, NULL, NULL, NULL, NULL, 317, 297),
(2848, '2023-08-03', '17203', 'Catalogo ciclo 07 e 08/23', '49111090', '5910', '3,76', '1,00', '0.00', '0.00', '3.00', '0.00', '0.00', '0', '0', 1, NULL, NULL, NULL, NULL, NULL, 317, 297),
(2849, '2023-08-03', '16462', 'VARSHA COLONIA DES 50ML', '33030020', '5405', '49,90', '1,00', '0.00', '0.00', '49.00', '0.00', '0.00', '0', '0', 1, NULL, NULL, NULL, NULL, NULL, 318, 298),
(2850, '2023-08-03', '16656', 'ADORISSE COLONIA DES 50ML', '33072010', '5405', '71,94', '1,00', '0.00', '0.00', '71.00', '0.00', '0.00', '0', '0', 1, NULL, NULL, NULL, NULL, NULL, 318, 298),
(2851, '2023-08-03', '16089', 'EAU D AROMES DEO COL', '33072010', '5405', '32,70', '1,00', '0.00', '0.00', '32.00', '0.00', '0.00', '0', '0', 1, NULL, NULL, NULL, NULL, NULL, 318, 298),
(2852, '2023-08-03', '17088', 'Sabonete Eau Daromes', '34011190', '5405', '32,70', '1,00', '0.00', '0.00', '32.00', '0.00', '0.00', '0', '0', 1, NULL, NULL, NULL, NULL, NULL, 318, 298),
(2853, '2023-08-03', '17140', 'SESTO SENSO IN AMORE COLONIA DESODORANTE 100 ', '33072010', '5405', '59,40', '1,00', '0.00', '0.00', '59.00', '0.00', '0.00', '0', '0', 1, NULL, NULL, NULL, NULL, NULL, 318, 298),
(2854, '2023-08-03', '16090', 'JF9 BLACK DEO COL 100ML', '33072010', '5405', '59,94', '1,00', '0.00', '0.00', '59.00', '0.00', '0.00', '0', '0', 1, NULL, NULL, NULL, NULL, NULL, 318, 298),
(2855, '2023-08-03', '16667', 'YITSU COL DES NAC 100ML', '33072010', '5405', '71,94', '1,00', '0.00', '0.00', '71.00', '0.00', '0.00', '0', '0', 1, NULL, NULL, NULL, NULL, NULL, 318, 298),
(2856, '2023-08-03', '19041', 'BOLSA SACOLA NYLON JAFRA', '42022220', '5910', '4,44', '1,00', '0.00', '0.00', '4.00', '0.00', '0.00', '0', '0', 1, NULL, NULL, NULL, NULL, NULL, 318, 298),
(2857, '2023-08-03', '17045', 'COLONIA ROSE BLOSSOM', '33030010', '5910', '18,61', '1,00', '0.00', '0.00', '18.00', '0.00', '0.00', '0', '0', 1, NULL, NULL, NULL, NULL, NULL, 318, 298),
(2858, '2023-08-03', '16901', 'EMBALAGEM PRESENTEAVEL NATAL', '48195000', '5910', '0,84', '2,00', '0.00', '0.00', '1.00', '0.00', '0.00', '0', '0', 1, NULL, NULL, NULL, NULL, NULL, 318, 298),
(2859, '2023-08-03', '16759', 'EMBALAGEM PRES DATAS', '48194000', '5910', '1,65', '1,00', '0.00', '0.00', '1.00', '0.00', '0.00', '0', '0', 1, NULL, NULL, NULL, NULL, NULL, 318, 298),
(2860, '2023-08-03', '17111', 'Catalogo ciclos 05 e 06/22', '49111090', '5910', '3,08', '1,00', '0.00', '0.00', '3.00', '0.00', '0.00', '0', '0', 1, NULL, NULL, NULL, NULL, NULL, 318, 298),
(2861, '2023-08-03', '16092', 'LEGEND FOR MEN COL DEO 100ML', '33072010', '5910', '13,68', '1,00', '0.00', '0.00', '13.00', '0.00', '0.00', '0', '0', 1, NULL, NULL, NULL, NULL, NULL, 318, 298),
(2862, '2023-08-03', '16092', 'LEGEND FOR MEN COL DEO 100ML', '33072010', '5405', '65,90', '3,00', '0.00', '0.00', '197.00', '0.00', '0.00', '0', '0', 1, NULL, NULL, NULL, NULL, NULL, 319, 299),
(2863, '2023-08-03', '16091', 'SESTO SENSO COLONIA DESODORANT', '33072010', '5405', '59,94', '1,00', '0.00', '0.00', '59.00', '0.00', '0.00', '0', '0', 1, NULL, NULL, NULL, NULL, NULL, 319, 299),
(2864, '2023-08-03', '16658', 'ADORISSE PURE GOLD COLDES 50ML', '33072010', '5405', '77,94', '1,00', '0.00', '0.00', '77.00', '0.00', '0.00', '0', '0', 1, NULL, NULL, NULL, NULL, NULL, 319, 299),
(2865, '2023-08-03', '4366', 'Diamonds BLUSH 50ML', '33072010', '5405', '65,94', '1,00', '0.00', '0.00', '65.00', '0.00', '0.00', '0', '0', 1, NULL, NULL, NULL, NULL, NULL, 319, 299),
(2866, '2023-08-03', '17203', 'Catalogo ciclo 07 e 08/23', '49111090', '5910', '3,31', '1,00', '0.00', '0.00', '3.00', '0.00', '0.00', '0', '0', 1, NULL, NULL, NULL, NULL, NULL, 319, 299),
(2867, '2023-08-03', '16092', 'LEGEND FOR MEN COL DEO 100ML', '33072010', '5405', '38,67', '4,00', '0.00', '0.00', '154.00', '0.00', '0.00', '0', '0', 1, NULL, NULL, NULL, NULL, NULL, 320, 300),
(2868, '2023-08-03', '17070', 'Sabonete Legend 4 sabonetes de 40gr', '34011190', '5405', '38,67', '4,00', '0.00', '0.00', '154.00', '0.00', '0.00', '0', '0', 1, NULL, NULL, NULL, NULL, NULL, 320, 300),
(2869, '2023-08-03', '3035', 'BLUSH EM PO SOFT PEACH', '33049100', '5405', '18,90', '1,00', '0.00', '0.00', '18.00', '0.00', '0.00', '0', '0', 1, NULL, NULL, NULL, NULL, NULL, 320, 300),
(2870, '2023-08-03', '17203', 'Catalogo ciclo 07 e 08/23', '49111090', '5910', '3,31', '1,00', '0.00', '0.00', '3.00', '0.00', '0.00', '0', '0', 1, NULL, NULL, NULL, NULL, NULL, 320, 300),
(2871, '2023-08-03', '16092', 'LEGEND FOR MEN COL DEO 100ML', '33072010', '5405', '38,67', '6,00', '0.00', '0.00', '232.00', '0.00', '0.00', '0', '0', 1, NULL, NULL, NULL, NULL, NULL, 321, 301),
(2872, '2023-08-03', '17070', 'Sabonete Legend 4 sabonetes de 40gr', '34011190', '5405', '38,67', '6,00', '0.00', '0.00', '232.00', '0.00', '0.00', '0', '0', 1, NULL, NULL, NULL, NULL, NULL, 321, 301),
(2873, '2023-08-03', '16091', 'SESTO SENSO COLONIA DESODORANT', '33072010', '5405', '59,94', '3,00', '0.00', '0.00', '179.00', '0.00', '0.00', '0', '0', 1, NULL, NULL, NULL, NULL, NULL, 321, 301),
(2874, '2023-08-03', '17203', 'Catalogo ciclo 07 e 08/23', '49111090', '5910', '3,31', '1,00', '0.00', '0.00', '3.00', '0.00', '0.00', '0', '0', 1, NULL, NULL, NULL, NULL, NULL, 321, 301),
(2875, '2023-08-03', '16092', 'LEGEND FOR MEN COL DEO 100ML', '33072010', '5405', '38,67', '2,00', '0.00', '0.00', '77.00', '0.00', '0.00', '0', '0', 1, NULL, NULL, NULL, NULL, NULL, 322, 302),
(2876, '2023-08-03', '17070', 'Sabonete Legend 4 sabonetes de 40gr', '34011190', '5405', '38,67', '2,00', '0.00', '0.00', '77.00', '0.00', '0.00', '0', '0', 1, NULL, NULL, NULL, NULL, NULL, 322, 302),
(2877, '2023-08-03', '11465', 'BLUSH EM PO PLUM ROSE', '33049100', '5405', '18,90', '1,00', '0.00', '0.00', '18.00', '0.00', '0.00', '0', '0', 1, NULL, NULL, NULL, NULL, NULL, 322, 302),
(2878, '2023-08-03', '13081', 'TRIO DE SOMBRAS CAPUCCINO', '33042010', '5405', '52,90', '1,00', '0.00', '0.00', '52.00', '0.00', '0.00', '0', '0', 1, NULL, NULL, NULL, NULL, NULL, 322, 302),
(2879, '2023-08-03', '16459', 'VALFERRA.DEO COLONIA 100ML', '33072010', '5405', '38,97', '1,00', '0.00', '0.00', '38.00', '0.00', '0.00', '0', '0', 1, NULL, NULL, NULL, NULL, NULL, 322, 302),
(2880, '2023-08-03', '17003', 'J BROS SHOWER GEL 250ML', '34013000', '5405', '38,97', '1,00', '0.00', '0.00', '38.00', '0.00', '0.00', '0', '0', 1, NULL, NULL, NULL, NULL, NULL, 322, 302),
(2881, '2023-08-03', '17203', 'Catalogo ciclo 07 e 08/23', '49111090', '5910', '3,31', '1,00', '0.00', '0.00', '3.00', '0.00', '0.00', '0', '0', 1, NULL, NULL, NULL, NULL, NULL, 322, 302),
(2882, '2023-08-03', '16458', 'GARDENIA COL DES BR 50ML', '33030020', '5405', '60,40', '2,00', '0.00', '0.00', '120.00', '0.00', '0.00', '0', '0', 1, NULL, NULL, NULL, NULL, NULL, 323, 303),
(2883, '2023-08-03', '17033', 'LUNA BRIGHT MASCARA DE ARGILA 75 ML', '33049990', '5405', '60,40', '2,00', '0.00', '0.00', '120.00', '0.00', '0.00', '0', '0', 1, NULL, NULL, NULL, NULL, NULL, 323, 303),
(2884, '2023-08-03', '17073', 'Royal Defy Rico Creme de Limpeza 125 Ml', '33049990', '5405', '60,40', '2,00', '0.00', '0.00', '120.00', '0.00', '0.00', '0', '0', 1, NULL, NULL, NULL, NULL, NULL, 323, 303),
(2885, '2023-08-03', '17203', 'Catalogo ciclo 07 e 08/23', '49111090', '5910', '3,31', '1,00', '0.00', '0.00', '3.00', '0.00', '0.00', '0', '0', 1, NULL, NULL, NULL, NULL, NULL, 323, 303),
(2886, '2023-08-03', '16092', 'LEGEND FOR MEN COL DEO 100ML', '33072010', '5405', '38,67', '1,00', '0.00', '0.00', '38.00', '0.00', '0.00', '0', '0', 1, NULL, NULL, NULL, NULL, NULL, 324, 304),
(2887, '2023-08-03', '17070', 'Sabonete Legend 4 sabonetes de 40gr', '34011190', '5405', '38,67', '1,00', '0.00', '0.00', '38.00', '0.00', '0.00', '0', '0', 1, NULL, NULL, NULL, NULL, NULL, 324, 304),
(2888, '2023-08-03', '16459', 'VALFERRA.DEO COLONIA 100ML', '33072010', '5405', '38,97', '1,00', '0.00', '0.00', '38.00', '0.00', '0.00', '0', '0', 1, NULL, NULL, NULL, NULL, NULL, 324, 304),
(2889, '2023-08-03', '17003', 'J BROS SHOWER GEL 250ML', '34013000', '5405', '38,97', '1,00', '0.00', '0.00', '38.00', '0.00', '0.00', '0', '0', 1, NULL, NULL, NULL, NULL, NULL, 324, 304),
(2890, '2023-08-03', '16460', 'J-SPORT DEO COL 100ML', '33072010', '5405', '59,94', '2,00', '0.00', '0.00', '119.00', '0.00', '0.00', '0', '0', 1, NULL, NULL, NULL, NULL, NULL, 324, 304),
(2891, '2023-08-03', '11213', 'COL DES JF9 CHROME 100ML', '33072010', '5405', '65,94', '1,00', '0.00', '0.00', '65.00', '0.00', '0.00', '0', '0', 1, NULL, NULL, NULL, NULL, NULL, 324, 304),
(2892, '2023-08-03', '17203', 'Catalogo ciclo 07 e 08/23', '49111090', '5910', '3,31', '1,00', '0.00', '0.00', '3.00', '0.00', '0.00', '0', '0', 1, NULL, NULL, NULL, NULL, NULL, 324, 304),
(2893, '2023-08-03', '16092', 'LEGEND FOR MEN COL DEO 100ML', '33072010', '5405', '38,67', '4,00', '0.00', '0.00', '154.00', '0.00', '0.00', '0', '0', 1, NULL, NULL, NULL, NULL, NULL, 325, 305),
(2894, '2023-08-03', '17070', 'Sabonete Legend 4 sabonetes de 40gr', '34011190', '5405', '38,67', '4,00', '0.00', '0.00', '154.00', '0.00', '0.00', '0', '0', 1, NULL, NULL, NULL, NULL, NULL, 325, 305),
(2895, '2023-08-03', '17016', 'ROYAL BOOST  CREME FACIAL HIDRATANTE 50ML', '33049910', '5910', '5,89', '1,00', '0.00', '0.00', '5.00', '0.00', '0.00', '0', '0', 1, NULL, NULL, NULL, NULL, NULL, 325, 305),
(2896, '2023-08-03', '17203', 'Catalogo ciclo 07 e 08/23', '49111090', '5910', '3,31', '1,00', '0.00', '0.00', '3.00', '0.00', '0.00', '0', '0', 1, NULL, NULL, NULL, NULL, NULL, 325, 305),
(2897, '2023-08-03', '16091', 'SESTO SENSO COLONIA DESODORANT', '33072010', '5405', '59,94', '2,00', '0.00', '0.00', '119.00', '0.00', '0.00', '0', '0', 1, NULL, NULL, NULL, NULL, NULL, 326, 306),
(2898, '2023-08-03', '16092', 'LEGEND FOR MEN COL DEO 100ML', '33072010', '5405', '38,67', '1,00', '0.00', '0.00', '38.00', '0.00', '0.00', '0', '0', 1, NULL, NULL, NULL, NULL, NULL, 326, 306),
(2899, '2023-08-03', '17070', 'Sabonete Legend 4 sabonetes de 40gr', '34011190', '5405', '38,67', '1,00', '0.00', '0.00', '38.00', '0.00', '0.00', '0', '0', 1, NULL, NULL, NULL, NULL, NULL, 326, 306),
(2900, '2023-08-03', '16460', 'J-SPORT DEO COL 100ML', '33072010', '5405', '59,94', '1,00', '0.00', '0.00', '59.00', '0.00', '0.00', '0', '0', 1, NULL, NULL, NULL, NULL, NULL, 326, 306),
(2901, '2023-08-03', '11213', 'COL DES JF9 CHROME 100ML', '33072010', '5405', '65,94', '1,00', '0.00', '0.00', '65.00', '0.00', '0.00', '0', '0', 1, NULL, NULL, NULL, NULL, NULL, 326, 306),
(2902, '2023-08-03', '17203', 'Catalogo ciclo 07 e 08/23', '49111090', '5910', '3,31', '1,00', '0.00', '0.00', '3.00', '0.00', '0.00', '0', '0', 1, NULL, NULL, NULL, NULL, NULL, 326, 306),
(2903, '2023-08-03', '16092', 'LEGEND FOR MEN COL DEO 100ML', '33072010', '5405', '38,67', '4,00', '0.00', '0.00', '154.00', '0.00', '0.00', '0', '0', 1, NULL, NULL, NULL, NULL, NULL, 327, 307),
(2904, '2023-08-03', '17070', 'Sabonete Legend 4 sabonetes de 40gr', '34011190', '5405', '38,67', '4,00', '0.00', '0.00', '154.00', '0.00', '0.00', '0', '0', 1, NULL, NULL, NULL, NULL, NULL, 327, 307),
(2905, '2023-08-03', '17016', 'ROYAL BOOST  CREME FACIAL HIDRATANTE 50ML', '33049910', '5910', '5,89', '1,00', '0.00', '0.00', '5.00', '0.00', '0.00', '0', '0', 1, NULL, NULL, NULL, NULL, NULL, 327, 307),
(2906, '2023-08-03', '17203', 'Catalogo ciclo 07 e 08/23', '49111090', '5910', '3,31', '1,00', '0.00', '0.00', '3.00', '0.00', '0.00', '0', '0', 1, NULL, NULL, NULL, NULL, NULL, 327, 307),
(2907, '2023-08-03', '16092', 'LEGEND FOR MEN COL DEO 100ML', '33072010', '5405', '38,67', '6,00', '0.00', '0.00', '232.00', '0.00', '0.00', '0', '0', 1, NULL, NULL, NULL, NULL, NULL, 328, 308),
(2908, '2023-08-03', '17070', 'Sabonete Legend 4 sabonetes de 40gr', '34011190', '5405', '38,67', '6,00', '0.00', '0.00', '232.00', '0.00', '0.00', '0', '0', 1, NULL, NULL, NULL, NULL, NULL, 328, 308),
(2909, '2023-08-03', '17203', 'Catalogo ciclo 07 e 08/23', '49111090', '5910', '3,31', '1,00', '0.00', '0.00', '3.00', '0.00', '0.00', '0', '0', 1, NULL, NULL, NULL, NULL, NULL, 328, 308),
(2910, '2023-08-03', '16459', 'VALFERRA.DEO COLONIA 100ML', '33072010', '5405', '38,97', '1,00', '0.00', '0.00', '38.00', '0.00', '0.00', '0', '0', 1, NULL, NULL, NULL, NULL, NULL, 329, 309),
(2911, '2023-08-03', '17003', 'J BROS SHOWER GEL 250ML', '34013000', '5405', '38,97', '1,00', '0.00', '0.00', '38.00', '0.00', '0.00', '0', '0', 1, NULL, NULL, NULL, NULL, NULL, 329, 309),
(2912, '2023-08-03', '17088', 'Sabonete Eau Daromes', '34011190', '5405', '18,40', '2,00', '0.00', '0.00', '36.00', '0.00', '0.00', '0', '0', 1, NULL, NULL, NULL, NULL, NULL, 329, 309),
(2913, '2023-08-03', '16650', 'JANDE COL DESODORANTE NAC 50ML', '33072010', '5405', '71,34', '1,00', '0.00', '0.00', '71.00', '0.00', '0.00', '0', '0', 1, NULL, NULL, NULL, NULL, NULL, 329, 309),
(2914, '2023-08-03', '17067', 'Royal Almond Sabonetes', '34011190', '5405', '23,94', '1,00', '0.00', '0.00', '23.00', '0.00', '0.00', '0', '0', 1, NULL, NULL, NULL, NULL, NULL, 329, 309),
(2915, '2023-08-03', '7620', 'DEO PARFUM ADORISSE NIGHT 50 ML', '33072010', '5405', '99,00', '1,00', '0.00', '0.00', '99.00', '0.00', '0.00', '0', '0', 1, NULL, NULL, NULL, NULL, NULL, 329, 309),
(2916, '2023-08-03', '16092', 'LEGEND FOR MEN COL DEO 100ML', '33072010', '5405', '38,67', '3,00', '0.00', '0.00', '116.00', '0.00', '0.00', '0', '0', 1, NULL, NULL, NULL, NULL, NULL, 329, 309),
(2917, '2023-08-03', '17070', 'Sabonete Legend 4 sabonetes de 40gr', '34011190', '5405', '38,67', '3,00', '0.00', '0.00', '116.00', '0.00', '0.00', '0', '0', 1, NULL, NULL, NULL, NULL, NULL, 329, 309),
(2918, '2023-08-03', '17044', 'COLONIA ABSOLUTE LEATHER', '33030020', '5910', '19,79', '1,00', '0.00', '0.00', '19.00', '0.00', '0.00', '0', '0', 1, NULL, NULL, NULL, NULL, NULL, 329, 309),
(2919, '2023-08-03', '17203', 'Catalogo ciclo 07 e 08/23', '49111090', '5910', '3,31', '1,00', '0.00', '0.00', '3.00', '0.00', '0.00', '0', '0', 1, NULL, NULL, NULL, NULL, NULL, 329, 309),
(2920, '2023-08-03', '17118', 'InsideCor Omega 3 Suplemento Funcional de Ole', '21069030', '5102', '59,90', '3,00', '0.00', '0.00', '179.00', '0.00', '0.00', '0', '0', 1, NULL, NULL, NULL, NULL, NULL, 330, 310),
(2921, '2023-08-03', '17088', 'Sabonete Eau Daromes', '34011190', '5405', '18,40', '3,00', '0.00', '0.00', '55.00', '0.00', '0.00', '0', '0', 1, NULL, NULL, NULL, NULL, NULL, 330, 310),
(2922, '2023-08-03', '16092', 'LEGEND FOR MEN COL DEO 100ML', '33072010', '5405', '38,67', '3,00', '0.00', '0.00', '116.00', '0.00', '0.00', '0', '0', 1, NULL, NULL, NULL, NULL, NULL, 330, 310),
(2923, '2023-08-03', '17070', 'Sabonete Legend 4 sabonetes de 40gr', '34011190', '5405', '38,67', '3,00', '0.00', '0.00', '116.00', '0.00', '0.00', '0', '0', 1, NULL, NULL, NULL, NULL, NULL, 330, 310),
(2924, '2023-08-03', '17203', 'Catalogo ciclo 07 e 08/23', '49111090', '5910', '3,31', '1,00', '0.00', '0.00', '3.00', '0.00', '0.00', '0', '0', 1, NULL, NULL, NULL, NULL, NULL, 330, 310),
(2925, '2023-08-03', '16092', 'LEGEND FOR MEN COL DEO 100ML', '33072010', '5405', '38,67', '4,00', '0.00', '0.00', '154.00', '0.00', '0.00', '0', '0', 1, NULL, NULL, NULL, NULL, NULL, 331, 311),
(2926, '2023-08-03', '17070', 'Sabonete Legend 4 sabonetes de 40gr', '34011190', '5405', '38,67', '4,00', '0.00', '0.00', '154.00', '0.00', '0.00', '0', '0', 1, NULL, NULL, NULL, NULL, NULL, 331, 311),
(2927, '2023-08-03', '17203', 'Catalogo ciclo 07 e 08/23', '49111090', '5910', '3,31', '1,00', '0.00', '0.00', '3.00', '0.00', '0.00', '0', '0', 1, NULL, NULL, NULL, NULL, NULL, 331, 311),
(2928, '2023-08-03', '16460', 'J-SPORT DEO COL 100ML', '33072010', '5405', '59,94', '6,00', '0.00', '0.00', '359.00', '0.00', '0.00', '0', '0', 1, NULL, NULL, NULL, NULL, NULL, 332, 312),
(2929, '2023-08-03', '16092', 'LEGEND FOR MEN COL DEO 100ML', '33072010', '5405', '38,67', '6,00', '0.00', '0.00', '232.00', '0.00', '0.00', '0', '0', 1, NULL, NULL, NULL, NULL, NULL, 332, 312),
(2930, '2023-08-03', '17070', 'Sabonete Legend 4 sabonetes de 40gr', '34011190', '5405', '38,67', '6,00', '0.00', '0.00', '232.00', '0.00', '0.00', '0', '0', 1, NULL, NULL, NULL, NULL, NULL, 332, 312),
(2931, '2023-08-03', '16458', 'GARDENIA COL DES BR 50ML', '33030020', '5405', '99,00', '2,00', '0.00', '0.00', '198.00', '0.00', '0.00', '0', '0', 1, NULL, NULL, NULL, NULL, NULL, 332, 312),
(2932, '2023-08-03', '17203', 'Catalogo ciclo 07 e 08/23', '49111090', '5910', '3,31', '1,00', '0.00', '0.00', '3.00', '0.00', '0.00', '0', '0', 1, NULL, NULL, NULL, NULL, NULL, 332, 312),
(2933, '2023-08-03', '16458', 'GARDENIA COL DES BR 50ML', '33030020', '5405', '99,00', '1,00', '0.00', '0.00', '99.00', '0.00', '0.00', '0', '0', 1, NULL, NULL, NULL, NULL, NULL, 333, 313),
(2934, '2023-08-03', '16623', 'VESEN COL DESODORANTE NAC 50ML', '33072010', '5405', '77,40', '1,00', '0.00', '0.00', '77.00', '0.00', '0.00', '0', '0', 1, NULL, NULL, NULL, NULL, NULL, 333, 313),
(2935, '2023-08-03', '17128', 'Oleo Essencial 10 ml RENEWED Blend', '33012990', '5405', '41,34', '1,00', '0.00', '0.00', '41.00', '0.00', '0.00', '0', '0', 1, NULL, NULL, NULL, NULL, NULL, 333, 313),
(2936, '2023-08-03', '17130', 'Oleo Essencial 10 ml ENERGY Blend', '33012990', '5405', '41,34', '1,00', '0.00', '0.00', '41.00', '0.00', '0.00', '0', '0', 1, NULL, NULL, NULL, NULL, NULL, 333, 313),
(2937, '2023-08-03', '16091', 'SESTO SENSO COLONIA DESODORANT', '33072010', '5405', '59,94', '1,00', '0.00', '0.00', '59.00', '0.00', '0.00', '0', '0', 1, NULL, NULL, NULL, NULL, NULL, 333, 313),
(2938, '2023-08-03', '17203', 'Catalogo ciclo 07 e 08/23', '49111090', '5910', '3,31', '1,00', '0.00', '0.00', '3.00', '0.00', '0.00', '0', '0', 1, NULL, NULL, NULL, NULL, NULL, 333, 313),
(2939, '2023-08-03', '16092', 'LEGEND FOR MEN COL DEO 100ML', '33072010', '5405', '38,67', '2,00', '0.00', '0.00', '77.00', '0.00', '0.00', '0', '0', 1, NULL, NULL, NULL, NULL, NULL, 334, 314),
(2940, '2023-08-03', '17070', 'Sabonete Legend 4 sabonetes de 40gr', '34011190', '5405', '38,67', '2,00', '0.00', '0.00', '77.00', '0.00', '0.00', '0', '0', 1, NULL, NULL, NULL, NULL, NULL, 334, 314),
(2941, '2023-08-03', '17023', 'ROYAL REVITALIZE  SERUM FACIAL CLAREADOR 30 M', '33049910', '5405', '113,40', '1,00', '0.00', '0.00', '113.00', '0.00', '0.00', '0', '0', 1, NULL, NULL, NULL, NULL, NULL, 334, 314),
(2942, '2023-08-03', '16091', 'SESTO SENSO COLONIA DESODORANT', '33072010', '5405', '59,94', '1,00', '0.00', '0.00', '59.00', '0.00', '0.00', '0', '0', 1, NULL, NULL, NULL, NULL, NULL, 334, 314),
(2943, '2023-08-03', '17016', 'ROYAL BOOST  CREME FACIAL HIDRATANTE 50ML', '33049910', '5910', '5,89', '1,00', '0.00', '0.00', '5.00', '0.00', '0.00', '0', '0', 1, NULL, NULL, NULL, NULL, NULL, 334, 314),
(2944, '2023-08-03', '17203', 'Catalogo ciclo 07 e 08/23', '49111090', '5910', '3,31', '1,00', '0.00', '0.00', '3.00', '0.00', '0.00', '0', '0', 1, NULL, NULL, NULL, NULL, NULL, 334, 314),
(2945, '2023-08-03', '17120', 'InsideSkin with Royal Jelly', '21069030', '5102', '59,94', '2,00', '0.00', '0.00', '119.00', '0.00', '0.00', '0', '0', 1, NULL, NULL, NULL, NULL, NULL, 335, 315),
(2946, '2023-08-03', '11148', 'BRIGHTENING D PO PEROLAS', '33049910', '5405', '71,40', '1,00', '0.00', '0.00', '71.00', '0.00', '0.00', '0', '0', 1, NULL, NULL, NULL, NULL, NULL, 335, 315),
(2947, '2023-08-03', '16092', 'LEGEND FOR MEN COL DEO 100ML', '33072010', '5405', '38,67', '1,00', '0.00', '0.00', '38.00', '0.00', '0.00', '0', '0', 1, NULL, NULL, NULL, NULL, NULL, 335, 315),
(2948, '2023-08-03', '17070', 'Sabonete Legend 4 sabonetes de 40gr', '34011190', '5405', '38,67', '1,00', '0.00', '0.00', '38.00', '0.00', '0.00', '0', '0', 1, NULL, NULL, NULL, NULL, NULL, 335, 315),
(2949, '2023-08-03', '17118', 'InsideCor Omega 3 Suplemento Funcional de Ole', '21069030', '5102', '59,90', '2,00', '0.00', '0.00', '119.00', '0.00', '0.00', '0', '0', 1, NULL, NULL, NULL, NULL, NULL, 335, 315),
(2950, '2023-08-03', '17117', 'InsideForce with Royal Jelly', '21069030', '5102', '89,40', '2,00', '0.00', '0.00', '178.00', '0.00', '0.00', '0', '0', 1, NULL, NULL, NULL, NULL, NULL, 335, 315),
(2951, '2023-08-03', '17203', 'Catalogo ciclo 07 e 08/23', '49111090', '5910', '3,31', '1,00', '0.00', '0.00', '3.00', '0.00', '0.00', '0', '0', 1, NULL, NULL, NULL, NULL, NULL, 335, 315),
(2952, '2023-08-03', '16092', 'LEGEND FOR MEN COL DEO 100ML', '33072010', '5405', '65,90', '2,00', '0.00', '0.00', '131.00', '0.00', '0.00', '0', '0', 1, NULL, NULL, NULL, NULL, NULL, 336, 316),
(2953, '2023-08-03', '16092', 'LEGEND FOR MEN COL DEO 100ML', '33072010', '5405', '38,67', '2,00', '0.00', '0.00', '77.00', '0.00', '0.00', '0', '0', 1, NULL, NULL, NULL, NULL, NULL, 336, 316),
(2954, '2023-08-03', '17070', 'Sabonete Legend 4 sabonetes de 40gr', '34011190', '5405', '38,67', '2,00', '0.00', '0.00', '77.00', '0.00', '0.00', '0', '0', 1, NULL, NULL, NULL, NULL, NULL, 336, 316),
(2955, '2023-08-03', '11465', 'BLUSH EM PO PLUM ROSE', '33049100', '5405', '18,90', '1,00', '0.00', '0.00', '18.00', '0.00', '0.00', '0', '0', 1, NULL, NULL, NULL, NULL, NULL, 336, 316),
(2956, '2023-08-03', '16091', 'SESTO SENSO COLONIA DESODORANT', '33072010', '5405', '59,94', '1,00', '0.00', '0.00', '59.00', '0.00', '0.00', '0', '0', 1, NULL, NULL, NULL, NULL, NULL, 336, 316),
(2957, '2023-08-03', '17169', 'Hidratacao Regeneradora - Ampola Autoaquecida', '33059000', '5405', '29,94', '1,00', '0.00', '0.00', '29.00', '0.00', '0.00', '0', '0', 1, NULL, NULL, NULL, NULL, NULL, 336, 316),
(2958, '2023-08-03', '17203', 'Catalogo ciclo 07 e 08/23', '49111090', '5910', '3,31', '1,00', '0.00', '0.00', '3.00', '0.00', '0.00', '0', '0', 1, NULL, NULL, NULL, NULL, NULL, 336, 316),
(2959, '2023-08-03', '16460', 'J-SPORT DEO COL 100ML', '33072010', '5405', '59,94', '1,00', '0.00', '0.00', '59.00', '0.00', '0.00', '0', '0', 1, NULL, NULL, NULL, NULL, NULL, 337, 317),
(2960, '2023-08-03', '16091', 'SESTO SENSO COLONIA DESODORANT', '33072010', '5405', '59,94', '3,00', '0.00', '0.00', '179.00', '0.00', '0.00', '0', '0', 1, NULL, NULL, NULL, NULL, NULL, 337, 317),
(2961, '2023-08-03', '16092', 'LEGEND FOR MEN COL DEO 100ML', '33072010', '5405', '38,67', '1,00', '0.00', '0.00', '38.00', '0.00', '0.00', '0', '0', 1, NULL, NULL, NULL, NULL, NULL, 337, 317),
(2962, '2023-08-03', '17070', 'Sabonete Legend 4 sabonetes de 40gr', '34011190', '5405', '38,67', '1,00', '0.00', '0.00', '38.00', '0.00', '0.00', '0', '0', 1, NULL, NULL, NULL, NULL, NULL, 337, 317),
(2963, '2023-08-03', '17203', 'Catalogo ciclo 07 e 08/23', '49111090', '5910', '3,31', '1,00', '0.00', '0.00', '3.00', '0.00', '0.00', '0', '0', 1, NULL, NULL, NULL, NULL, NULL, 337, 317),
(2964, '2023-08-03', '16092', 'LEGEND FOR MEN COL DEO 100ML', '33072010', '5405', '38,67', '2,00', '0.00', '0.00', '77.00', '0.00', '0.00', '0', '0', 1, NULL, NULL, NULL, NULL, NULL, 338, 318),
(2965, '2023-08-03', '17070', 'Sabonete Legend 4 sabonetes de 40gr', '34011190', '5405', '38,67', '2,00', '0.00', '0.00', '77.00', '0.00', '0.00', '0', '0', 1, NULL, NULL, NULL, NULL, NULL, 338, 318),
(2966, '2023-08-03', '16091', 'SESTO SENSO COLONIA DESODORANT', '33072010', '5405', '59,94', '3,00', '0.00', '0.00', '179.00', '0.00', '0.00', '0', '0', 1, NULL, NULL, NULL, NULL, NULL, 338, 318),
(2967, '2023-08-03', '17016', 'ROYAL BOOST  CREME FACIAL HIDRATANTE 50ML', '33049910', '5910', '5,89', '1,00', '0.00', '0.00', '5.00', '0.00', '0.00', '0', '0', 1, NULL, NULL, NULL, NULL, NULL, 338, 318),
(2968, '2023-08-03', '17203', 'Catalogo ciclo 07 e 08/23', '49111090', '5910', '3,31', '1,00', '0.00', '0.00', '3.00', '0.00', '0.00', '0', '0', 1, NULL, NULL, NULL, NULL, NULL, 338, 318),
(2969, '2023-08-03', '16092', 'LEGEND FOR MEN COL DEO 100ML', '33072010', '5405', '38,67', '2,00', '0.00', '0.00', '77.00', '0.00', '0.00', '0', '0', 1, NULL, NULL, NULL, NULL, NULL, 339, 319),
(2970, '2023-08-03', '17070', 'Sabonete Legend 4 sabonetes de 40gr', '34011190', '5405', '38,67', '2,00', '0.00', '0.00', '77.00', '0.00', '0.00', '0', '0', 1, NULL, NULL, NULL, NULL, NULL, 339, 319),
(2971, '2023-08-03', '16459', 'VALFERRA.DEO COLONIA 100ML', '33072010', '5405', '38,97', '1,00', '0.00', '0.00', '38.00', '0.00', '0.00', '0', '0', 1, NULL, NULL, NULL, NULL, NULL, 339, 319),
(2972, '2023-08-03', '17003', 'J BROS SHOWER GEL 250ML', '34013000', '5405', '38,97', '1,00', '0.00', '0.00', '38.00', '0.00', '0.00', '0', '0', 1, NULL, NULL, NULL, NULL, NULL, 339, 319),
(2973, '2023-08-03', '16623', 'VESEN COL DESODORANTE NAC 50ML', '33072010', '5405', '77,40', '1,00', '0.00', '0.00', '77.00', '0.00', '0.00', '0', '0', 1, NULL, NULL, NULL, NULL, NULL, 339, 319),
(2974, '2023-08-03', '17157', 'JAFRA LAPIS DELINEADOR PARA SOBRANCELHAS 1 g ', '33042010', '5405', '21,54', '1,00', '0.00', '0.00', '21.00', '0.00', '0.00', '0', '0', 1, NULL, NULL, NULL, NULL, NULL, 339, 319),
(2975, '2023-08-03', '16091', 'SESTO SENSO COLONIA DESODORANT', '33072010', '5405', '59,94', '1,00', '0.00', '0.00', '59.00', '0.00', '0.00', '0', '0', 1, NULL, NULL, NULL, NULL, NULL, 339, 319),
(2976, '2023-08-03', '77385', 'DELINEADOR PARA OS OLHOS BLACK 1g', '33042010', '5405', '29,40', '1,00', '0.00', '0.00', '29.00', '0.00', '0.00', '0', '0', 1, NULL, NULL, NULL, NULL, NULL, 339, 319),
(2977, '2023-08-03', '16092', 'LEGEND FOR MEN COL DEO 100ML', '33072010', '5405', '65,90', '1,00', '0.00', '0.00', '65.00', '0.00', '0.00', '0', '0', 1, NULL, NULL, NULL, NULL, NULL, 339, 319),
(2978, '2023-08-03', '17158', 'JAFRA LAPIS DELINEADOR PARA SOBRANCELHAS 1 g ', '33042010', '5405', '21,54', '1,00', '0.00', '0.00', '21.00', '0.00', '0.00', '0', '0', 1, NULL, NULL, NULL, NULL, NULL, 339, 319),
(2979, '2023-08-03', '17044', 'COLONIA ABSOLUTE LEATHER', '33030020', '5910', '19,79', '1,00', '0.00', '0.00', '19.00', '0.00', '0.00', '0', '0', 1, NULL, NULL, NULL, NULL, NULL, 339, 319),
(2980, '2023-08-03', '17203', 'Catalogo ciclo 07 e 08/23', '49111090', '5910', '3,31', '1,00', '0.00', '0.00', '3.00', '0.00', '0.00', '0', '0', 1, NULL, NULL, NULL, NULL, NULL, 339, 319),
(2981, '2023-08-03', '16091', 'SESTO SENSO COLONIA DESODORANT', '33072010', '5405', '59,94', '3,00', '0.00', '0.00', '179.00', '0.00', '0.00', '0', '0', 1, NULL, NULL, NULL, NULL, NULL, 340, 320),
(2982, '2023-08-03', '16092', 'LEGEND FOR MEN COL DEO 100ML', '33072010', '5405', '38,67', '1,00', '0.00', '0.00', '38.00', '0.00', '0.00', '0', '0', 1, NULL, NULL, NULL, NULL, NULL, 340, 320),
(2983, '2023-08-03', '17070', 'Sabonete Legend 4 sabonetes de 40gr', '34011190', '5405', '38,67', '1,00', '0.00', '0.00', '38.00', '0.00', '0.00', '0', '0', 1, NULL, NULL, NULL, NULL, NULL, 340, 320),
(2984, '2023-08-03', '16460', 'J-SPORT DEO COL 100ML', '33072010', '5405', '59,94', '1,00', '0.00', '0.00', '59.00', '0.00', '0.00', '0', '0', 1, NULL, NULL, NULL, NULL, NULL, 340, 320),
(2985, '2023-08-03', '17203', 'Catalogo ciclo 07 e 08/23', '49111090', '5910', '3,31', '1,00', '0.00', '0.00', '3.00', '0.00', '0.00', '0', '0', 1, NULL, NULL, NULL, NULL, NULL, 340, 320),
(2986, '2023-08-03', '16092', 'LEGEND FOR MEN COL DEO 100ML', '33072010', '5405', '38,67', '3,00', '0.00', '0.00', '116.00', '0.00', '0.00', '0', '0', 1, NULL, NULL, NULL, NULL, NULL, 341, 321),
(2987, '2023-08-03', '17070', 'Sabonete Legend 4 sabonetes de 40gr', '34011190', '5405', '38,67', '3,00', '0.00', '0.00', '116.00', '0.00', '0.00', '0', '0', 1, NULL, NULL, NULL, NULL, NULL, 341, 321),
(2988, '2023-08-03', '16091', 'SESTO SENSO COLONIA DESODORANT', '33072010', '5405', '59,94', '1,00', '0.00', '0.00', '59.00', '0.00', '0.00', '0', '0', 1, NULL, NULL, NULL, NULL, NULL, 341, 321),
(2989, '2023-08-03', '17162', 'JAFRA BATOM COBERTURA TOTAL MATTE 4 G  LUST', '33041000', '5405', '27,54', '1,00', '0.00', '0.00', '27.00', '0.00', '0.00', '0', '0', 1, NULL, NULL, NULL, NULL, NULL, 341, 321),
(2990, '2023-08-03', '17203', 'Catalogo ciclo 07 e 08/23', '49111090', '5910', '1,10', '3,00', '0.00', '0.00', '3.00', '0.00', '0.00', '0', '0', 1, NULL, NULL, NULL, NULL, NULL, 341, 321),
(2991, '2023-08-03', '16092', 'LEGEND FOR MEN COL DEO 100ML', '33072010', '5405', '38,67', '3,00', '0.00', '0.00', '116.00', '0.00', '0.00', '0', '0', 1, NULL, NULL, NULL, NULL, NULL, 342, 322),
(2992, '2023-08-03', '17070', 'Sabonete Legend 4 sabonetes de 40gr', '34011190', '5405', '38,67', '3,00', '0.00', '0.00', '116.00', '0.00', '0.00', '0', '0', 1, NULL, NULL, NULL, NULL, NULL, 342, 322),
(2993, '2023-08-03', '17154', 'JAFRA VESEN DELICE COLONIA  50 ML', '33030020', '5405', '77,40', '1,00', '0.00', '0.00', '77.00', '0.00', '0.00', '0', '0', 1, NULL, NULL, NULL, NULL, NULL, 342, 322),
(2994, '2023-08-03', '16623', 'VESEN COL DESODORANTE NAC 50ML', '33072010', '5405', '77,40', '1,00', '0.00', '0.00', '77.00', '0.00', '0.00', '0', '0', 1, NULL, NULL, NULL, NULL, NULL, 342, 322),
(2995, '2023-08-03', '16656', 'ADORISSE COLONIA DES 50ML', '33072010', '5405', '99,00', '1,00', '0.00', '0.00', '99.00', '0.00', '0.00', '0', '0', 1, NULL, NULL, NULL, NULL, NULL, 342, 322),
(2996, '2023-08-03', '16458', 'GARDENIA COL DES BR 50ML', '33030020', '5405', '99,00', '1,00', '0.00', '0.00', '99.00', '0.00', '0.00', '0', '0', 1, NULL, NULL, NULL, NULL, NULL, 342, 322),
(2997, '2023-08-03', '11473', 'JAFRA XCLUSIVE DEO COL BR', '33072010', '5405', '75,00', '1,00', '0.00', '0.00', '75.00', '0.00', '0.00', '0', '0', 1, NULL, NULL, NULL, NULL, NULL, 342, 322),
(2998, '2023-08-03', '17044', 'COLONIA ABSOLUTE LEATHER', '33030020', '5910', '19,79', '1,00', '0.00', '0.00', '19.00', '0.00', '0.00', '0', '0', 1, NULL, NULL, NULL, NULL, NULL, 342, 322),
(2999, '2023-08-03', '17203', 'Catalogo ciclo 07 e 08/23', '49111090', '5910', '3,31', '1,00', '0.00', '0.00', '3.00', '0.00', '0.00', '0', '0', 1, NULL, NULL, NULL, NULL, NULL, 342, 322),
(3000, '2023-08-03', '17001', 'J BROS BALM GEL LIMPEZA FACIAL 100ML', '34013000', '5405', '45,27', '1,00', '0.00', '0.00', '45.00', '0.00', '0.00', '0', '0', 1, NULL, NULL, NULL, NULL, NULL, 343, 323),
(3001, '2023-08-03', '17044', 'COLONIA ABSOLUTE LEATHER', '33030020', '5405', '45,27', '1,00', '0.00', '0.00', '45.00', '0.00', '0.00', '0', '0', 1, NULL, NULL, NULL, NULL, NULL, 343, 323),
(3002, '2023-08-03', '16092', 'LEGEND FOR MEN COL DEO 100ML', '33072010', '5405', '38,67', '1,00', '0.00', '0.00', '38.00', '0.00', '0.00', '0', '0', 1, NULL, NULL, NULL, NULL, NULL, 343, 323),
(3003, '2023-08-03', '17070', 'Sabonete Legend 4 sabonetes de 40gr', '34011190', '5405', '38,67', '1,00', '0.00', '0.00', '38.00', '0.00', '0.00', '0', '0', 1, NULL, NULL, NULL, NULL, NULL, 343, 323),
(3004, '2023-08-03', '16658', 'ADORISSE PURE GOLD COLDES 50ML', '33072010', '5405', '77,94', '1,00', '0.00', '0.00', '77.00', '0.00', '0.00', '0', '0', 1, NULL, NULL, NULL, NULL, NULL, 343, 323),
(3005, '2023-08-03', '16090', 'JF9 BLACK DEO COL 100ML', '33072010', '5405', '83,40', '1,00', '0.00', '0.00', '83.00', '0.00', '0.00', '0', '0', 1, NULL, NULL, NULL, NULL, NULL, 343, 323),
(3006, '2023-08-03', '17161', 'JAFRA BATOM COBERTURA TOTAL MATTE 4 G  ATTRAC', '33041000', '5405', '27,54', '1,00', '0.00', '0.00', '27.00', '0.00', '0.00', '0', '0', 1, NULL, NULL, NULL, NULL, NULL, 343, 323),
(3007, '2023-08-03', '17162', 'JAFRA BATOM COBERTURA TOTAL MATTE 4 G  LUST', '33041000', '5405', '27,54', '1,00', '0.00', '0.00', '27.00', '0.00', '0.00', '0', '0', 1, NULL, NULL, NULL, NULL, NULL, 343, 323),
(3008, '2023-08-03', '17203', 'Catalogo ciclo 07 e 08/23', '49111090', '5910', '3,31', '1,00', '0.00', '0.00', '3.00', '0.00', '0.00', '0', '0', 1, NULL, NULL, NULL, NULL, NULL, 343, 323),
(3009, '2023-08-03', '16459', 'VALFERRA.DEO COLONIA 100ML', '33072010', '5405', '38,97', '2,00', '0.00', '0.00', '77.00', '0.00', '0.00', '0', '0', 1, NULL, NULL, NULL, NULL, NULL, 343, 323),
(3010, '2023-08-03', '17003', 'J BROS SHOWER GEL 250ML', '34013000', '5405', '38,97', '2,00', '0.00', '0.00', '77.00', '0.00', '0.00', '0', '0', 1, NULL, NULL, NULL, NULL, NULL, 343, 323),
(3011, '2023-08-03', '17001', 'J BROS BALM GEL LIMPEZA FACIAL 100ML', '34013000', '5405', '45,27', '1,00', '0.00', '0.00', '45.00', '0.00', '0.00', '0', '0', 1, NULL, NULL, NULL, NULL, NULL, 344, 324),
(3012, '2023-08-03', '17044', 'COLONIA ABSOLUTE LEATHER', '33030020', '5405', '45,27', '1,00', '0.00', '0.00', '45.00', '0.00', '0.00', '0', '0', 1, NULL, NULL, NULL, NULL, NULL, 344, 324),
(3013, '2023-08-03', '16459', 'VALFERRA.DEO COLONIA 100ML', '33072010', '5405', '38,97', '1,00', '0.00', '0.00', '38.00', '0.00', '0.00', '0', '0', 1, NULL, NULL, NULL, NULL, NULL, 344, 324),
(3014, '2023-08-03', '17003', 'J BROS SHOWER GEL 250ML', '34013000', '5405', '38,97', '1,00', '0.00', '0.00', '38.00', '0.00', '0.00', '0', '0', 1, NULL, NULL, NULL, NULL, NULL, 344, 324),
(3015, '2023-08-03', '17152', 'JAFRA DOUBLE NATURE TENDER COLONIA 50 ML', '33030020', '5405', '59,94', '1,00', '0.00', '0.00', '59.00', '0.00', '0.00', '0', '0', 1, NULL, NULL, NULL, NULL, NULL, 344, 324),
(3016, '2023-08-03', '17151', 'JAFRA DOUBLE NATURE SEXY COLONIA 50 ML', '33030020', '5405', '59,94', '1,00', '0.00', '0.00', '59.00', '0.00', '0.00', '0', '0', 1, NULL, NULL, NULL, NULL, NULL, 344, 324),
(3017, '2023-08-03', '16948', 'Colonia Desodorante Splash Free To Be New 250', '33072010', '5405', '41,94', '1,00', '0.00', '0.00', '41.00', '0.00', '0.00', '0', '0', 1, NULL, NULL, NULL, NULL, NULL, 344, 324),
(3018, '2023-08-03', '17203', 'Catalogo ciclo 07 e 08/23', '49111090', '5910', '3,31', '1,00', '0.00', '0.00', '3.00', '0.00', '0.00', '0', '0', 1, NULL, NULL, NULL, NULL, NULL, 344, 324),
(3019, '2023-08-03', '16092', 'LEGEND FOR MEN COL DEO 100ML', '33072010', '5405', '38,67', '1,00', '0.00', '0.00', '38.00', '0.00', '0.00', '0', '0', 1, NULL, NULL, NULL, NULL, NULL, 344, 324),
(3020, '2023-08-03', '17070', 'Sabonete Legend 4 sabonetes de 40gr', '34011190', '5405', '38,67', '1,00', '0.00', '0.00', '38.00', '0.00', '0.00', '0', '0', 1, NULL, NULL, NULL, NULL, NULL, 344, 324),
(3021, '2023-08-03', '17053', 'VESEN BODY LOTION', '33072090', '5405', '33,00', '10,00', '0.00', '0.00', '330.00', '0.00', '0.00', '0', '0', 1, NULL, NULL, NULL, NULL, NULL, 345, 325),
(3022, '2023-08-03', '17203', 'Catalogo ciclo 07 e 08/23', '49111090', '5910', '3,31', '1,00', '0.00', '0.00', '3.00', '0.00', '0.00', '0', '0', 1, NULL, NULL, NULL, NULL, NULL, 345, 325),
(3023, '2023-08-03', '16092', 'LEGEND FOR MEN COL DEO 100ML', '33072010', '5405', '38,67', '9,00', '0.00', '0.00', '348.00', '0.00', '0.00', '0', '0', 1, NULL, NULL, NULL, NULL, NULL, 346, 326),
(3024, '2023-08-03', '17070', 'Sabonete Legend 4 sabonetes de 40gr', '34011190', '5405', '38,67', '9,00', '0.00', '0.00', '348.00', '0.00', '0.00', '0', '0', 1, NULL, NULL, NULL, NULL, NULL, 346, 326),
(3025, '2023-08-03', '17203', 'Catalogo ciclo 07 e 08/23', '49111090', '5910', '3,31', '1,00', '0.00', '0.00', '3.00', '0.00', '0.00', '0', '0', 1, NULL, NULL, NULL, NULL, NULL, 346, 326),
(3026, '2023-08-03', '16092', 'LEGEND FOR MEN COL DEO 100ML', '33072010', '5405', '38,67', '2,00', '0.00', '0.00', '77.00', '0.00', '0.00', '0', '0', 1, NULL, NULL, NULL, NULL, NULL, 347, 327),
(3027, '2023-08-03', '17070', 'Sabonete Legend 4 sabonetes de 40gr', '34011190', '5405', '38,67', '2,00', '0.00', '0.00', '77.00', '0.00', '0.00', '0', '0', 1, NULL, NULL, NULL, NULL, NULL, 347, 327),
(3028, '2023-08-03', '17118', 'InsideCor Omega 3 Suplemento Funcional de Ole', '21069030', '5102', '59,90', '3,00', '0.00', '0.00', '179.00', '0.00', '0.00', '0', '0', 1, NULL, NULL, NULL, NULL, NULL, 347, 327),
(3029, '2023-08-03', '17088', 'Sabonete Eau Daromes', '34011190', '5405', '18,40', '1,00', '0.00', '0.00', '18.00', '0.00', '0.00', '0', '0', 1, NULL, NULL, NULL, NULL, NULL, 347, 327),
(3030, '2023-08-03', '17203', 'Catalogo ciclo 07 e 08/23', '49111090', '5910', '3,31', '1,00', '0.00', '0.00', '3.00', '0.00', '0.00', '0', '0', 1, NULL, NULL, NULL, NULL, NULL, 347, 327),
(3031, '2023-08-03', '16460', 'J-SPORT DEO COL 100ML', '33072010', '5405', '59,94', '1,00', '0.00', '0.00', '59.00', '0.00', '0.00', '0', '0', 1, NULL, NULL, NULL, NULL, NULL, 348, 328),
(3032, '2023-08-03', '16092', 'LEGEND FOR MEN COL DEO 100ML', '33072010', '5405', '38,67', '2,00', '0.00', '0.00', '77.00', '0.00', '0.00', '0', '0', 1, NULL, NULL, NULL, NULL, NULL, 348, 328),
(3033, '2023-08-03', '17070', 'Sabonete Legend 4 sabonetes de 40gr', '34011190', '5405', '38,67', '2,00', '0.00', '0.00', '77.00', '0.00', '0.00', '0', '0', 1, NULL, NULL, NULL, NULL, NULL, 348, 328),
(3034, '2023-08-03', '11437', 'VESEN LIFE DES COL 50ML BR', '33072010', '5405', '59,90', '1,00', '0.00', '0.00', '59.00', '0.00', '0.00', '0', '0', 1, NULL, NULL, NULL, NULL, NULL, 348, 328),
(3035, '2023-08-03', '17118', 'InsideCor Omega 3 Suplemento Funcional de Ole', '21069030', '5102', '59,90', '1,00', '0.00', '0.00', '59.00', '0.00', '0.00', '0', '0', 1, NULL, NULL, NULL, NULL, NULL, 348, 328),
(3036, '2023-08-03', '16458', 'GARDENIA COL DES BR 50ML', '33030020', '5405', '60,40', '1,00', '0.00', '0.00', '60.00', '0.00', '0.00', '0', '0', 1, NULL, NULL, NULL, NULL, NULL, 348, 328),
(3037, '2023-08-03', '17033', 'LUNA BRIGHT MASCARA DE ARGILA 75 ML', '33049990', '5405', '60,40', '1,00', '0.00', '0.00', '60.00', '0.00', '0.00', '0', '0', 1, NULL, NULL, NULL, NULL, NULL, 348, 328),
(3038, '2023-08-03', '17073', 'Royal Defy Rico Creme de Limpeza 125 Ml', '33049990', '5405', '60,40', '1,00', '0.00', '0.00', '60.00', '0.00', '0.00', '0', '0', 1, NULL, NULL, NULL, NULL, NULL, 348, 328),
(3039, '2023-08-03', '16088', 'ROYAL JELLY SABONETE 5 UNID', '34011190', '5405', '29,94', '1,00', '0.00', '0.00', '29.00', '0.00', '0.00', '0', '0', 1, NULL, NULL, NULL, NULL, NULL, 348, 328),
(3040, '2023-08-03', '17154', 'JAFRA VESEN DELICE COLONIA  50 ML', '33030020', '5405', '77,40', '2,00', '0.00', '0.00', '154.00', '0.00', '0.00', '0', '0', 1, NULL, NULL, NULL, NULL, NULL, 348, 328),
(3041, '2023-08-03', '17123', 'JAFRA ROYAL CLEAR SMART HIDRATANTE EM GEL OIL', '33049990', '5405', '59,34', '1,00', '0.00', '0.00', '59.00', '0.00', '0.00', '0', '0', 1, NULL, NULL, NULL, NULL, NULL, 348, 328),
(3042, '2023-08-03', '17203', 'Catalogo ciclo 07 e 08/23', '49111090', '5910', '3,31', '1,00', '0.00', '0.00', '3.00', '0.00', '0.00', '0', '0', 1, NULL, NULL, NULL, NULL, NULL, 348, 328),
(3043, '2023-08-03', '16092', 'LEGEND FOR MEN COL DEO 100ML', '33072010', '5405', '65,90', '3,00', '0.00', '0.00', '197.00', '0.00', '0.00', '0', '0', 1, NULL, NULL, NULL, NULL, NULL, 349, 329),
(3044, '2023-08-03', '17078', 'Batom Cobertura Total Very Berry', '33041000', '5405', '27,54', '1,00', '0.00', '0.00', '27.00', '0.00', '0.00', '0', '0', 1, NULL, NULL, NULL, NULL, NULL, 349, 329),
(3045, '2023-08-03', '17165', 'Eau D Aromes Deo Colonia 100ml - Limited Edit', '33072010', '5405', '77,40', '1,00', '0.00', '0.00', '77.00', '0.00', '0.00', '0', '0', 1, NULL, NULL, NULL, NULL, NULL, 349, 329),
(3046, '2023-08-03', '17203', 'Catalogo ciclo 07 e 08/23', '49111090', '5910', '1,66', '2,00', '0.00', '0.00', '3.00', '0.00', '0.00', '0', '0', 1, NULL, NULL, NULL, NULL, NULL, 349, 329),
(3047, '2023-08-03', '16092', 'LEGEND FOR MEN COL DEO 100ML', '33072010', '5405', '38,67', '4,00', '0.00', '0.00', '154.00', '0.00', '0.00', '0', '0', 1, NULL, NULL, NULL, NULL, NULL, 350, 330),
(3048, '2023-08-03', '17070', 'Sabonete Legend 4 sabonetes de 40gr', '34011190', '5405', '38,67', '4,00', '0.00', '0.00', '154.00', '0.00', '0.00', '0', '0', 1, NULL, NULL, NULL, NULL, NULL, 350, 330),
(3049, '2023-08-03', '17070', 'Sabonete Legend 4 sabonetes de 40gr', '34011190', '5910', '4,29', '1,00', '0.00', '0.00', '4.00', '0.00', '0.00', '0', '0', 1, NULL, NULL, NULL, NULL, NULL, 350, 330),
(3050, '2023-08-03', '17203', 'Catalogo ciclo 07 e 08/23', '49111090', '5910', '0,19', '17,00', '0.00', '0.00', '3.00', '0.00', '0.00', '0', '0', 1, NULL, NULL, NULL, NULL, NULL, 350, 330),
(3051, '2023-08-03', '17153', 'JAFRA LEGEND PRIVE COLONIA  100 ML', '33030020', '5910', '20,06', '1,00', '0.00', '0.00', '20.00', '0.00', '0.00', '0', '0', 1, NULL, NULL, NULL, NULL, NULL, 350, 330),
(3052, '2023-08-03', '16091', 'SESTO SENSO COLONIA DESODORANT', '33072010', '5405', '59,94', '2,00', '0.00', '0.00', '119.00', '0.00', '0.00', '0', '0', 1, NULL, NULL, NULL, NULL, NULL, 351, 331),
(3053, '2023-08-03', '16656', 'ADORISSE COLONIA DES 50ML', '33072010', '5405', '68,90', '2,00', '0.00', '0.00', '137.00', '0.00', '0.00', '0', '0', 1, NULL, NULL, NULL, NULL, NULL, 351, 331),
(3054, '2023-08-03', '16092', 'LEGEND FOR MEN COL DEO 100ML', '33072010', '5405', '65,90', '1,00', '0.00', '0.00', '65.00', '0.00', '0.00', '0', '0', 1, NULL, NULL, NULL, NULL, NULL, 351, 331),
(3055, '2023-08-03', '16458', 'GARDENIA COL DES BR 50ML', '33030020', '5405', '99,00', '1,00', '0.00', '0.00', '99.00', '0.00', '0.00', '0', '0', 1, NULL, NULL, NULL, NULL, NULL, 351, 331),
(3056, '2023-08-03', '17000', 'J BROS CREME BARBA 100G', '33071000', '5405', '53,97', '1,00', '0.00', '0.00', '53.00', '0.00', '0.00', '0', '0', 1, NULL, NULL, NULL, NULL, NULL, 351, 331),
(3057, '2023-08-03', '17153', 'JAFRA LEGEND PRIVE COLONIA  100 ML', '33030020', '5405', '53,97', '1,00', '0.00', '0.00', '53.00', '0.00', '0.00', '0', '0', 1, NULL, NULL, NULL, NULL, NULL, 351, 331),
(3058, '2023-08-03', '17203', 'Catalogo ciclo 07 e 08/23', '49111090', '5910', '3,31', '1,00', '0.00', '0.00', '3.00', '0.00', '0.00', '0', '0', 1, NULL, NULL, NULL, NULL, NULL, 351, 331),
(3059, '2023-08-03', '16656', 'ADORISSE COLONIA DES 50ML', '33072010', '5405', '68,90', '3,00', '0.00', '0.00', '206.00', '0.00', '0.00', '0', '0', 1, NULL, NULL, NULL, NULL, NULL, 352, 332),
(3060, '2023-08-03', '16092', 'LEGEND FOR MEN COL DEO 100ML', '33072010', '5405', '65,90', '3,00', '0.00', '0.00', '197.00', '0.00', '0.00', '0', '0', 1, NULL, NULL, NULL, NULL, NULL, 352, 332),
(3061, '2023-08-03', '17203', 'Catalogo ciclo 07 e 08/23', '49111090', '5910', '3,31', '1,00', '0.00', '0.00', '3.00', '0.00', '0.00', '0', '0', 1, NULL, NULL, NULL, NULL, NULL, 352, 332),
(3062, '2023-08-03', '16092', 'LEGEND FOR MEN COL DEO 100ML', '33072010', '5405', '38,67', '9,00', '0.00', '0.00', '348.00', '0.00', '0.00', '0', '0', 1, NULL, NULL, NULL, NULL, NULL, 353, 333),
(3063, '2023-08-03', '17070', 'Sabonete Legend 4 sabonetes de 40gr', '34011190', '5405', '38,67', '9,00', '0.00', '0.00', '348.00', '0.00', '0.00', '0', '0', 1, NULL, NULL, NULL, NULL, NULL, 353, 333),
(3064, '2023-08-03', '16656', 'ADORISSE COLONIA DES 50ML', '33072010', '5405', '68,90', '3,00', '0.00', '0.00', '206.00', '0.00', '0.00', '0', '0', 1, NULL, NULL, NULL, NULL, NULL, 353, 333),
(3065, '2023-08-03', '16091', 'SESTO SENSO COLONIA DESODORANT', '33072010', '5405', '59,94', '1,00', '0.00', '0.00', '59.00', '0.00', '0.00', '0', '0', 1, NULL, NULL, NULL, NULL, NULL, 353, 333),
(3066, '2023-08-03', '17142', 'SPA POWER DOWN LOCAO CORPORAL HIDRATANTE RELA', '33072010', '5405', '44,94', '1,00', '0.00', '0.00', '44.00', '0.00', '0.00', '0', '0', 1, NULL, NULL, NULL, NULL, NULL, 353, 333),
(3067, '2023-08-03', '17203', 'Catalogo ciclo 07 e 08/23', '49111090', '5910', '3,31', '1,00', '0.00', '0.00', '3.00', '0.00', '0.00', '0', '0', 1, NULL, NULL, NULL, NULL, NULL, 353, 333),
(3068, '2023-08-03', '16091', 'SESTO SENSO COLONIA DESODORANT', '33072010', '5405', '59,94', '3,00', '0.00', '0.00', '179.00', '0.00', '0.00', '0', '0', 1, NULL, NULL, NULL, NULL, NULL, 354, 334),
(3069, '2023-08-03', '16459', 'VALFERRA.DEO COLONIA 100ML', '33072010', '5405', '38,97', '1,00', '0.00', '0.00', '38.00', '0.00', '0.00', '0', '0', 1, NULL, NULL, NULL, NULL, NULL, 354, 334),
(3070, '2023-08-03', '17003', 'J BROS SHOWER GEL 250ML', '34013000', '5405', '38,97', '1,00', '0.00', '0.00', '38.00', '0.00', '0.00', '0', '0', 1, NULL, NULL, NULL, NULL, NULL, 354, 334),
(3071, '2023-08-03', '16656', 'ADORISSE COLONIA DES 50ML', '33072010', '5405', '68,90', '1,00', '0.00', '0.00', '68.00', '0.00', '0.00', '0', '0', 1, NULL, NULL, NULL, NULL, NULL, 354, 334),
(3072, '2023-08-03', '17203', 'Catalogo ciclo 07 e 08/23', '49111090', '5910', '3,31', '1,00', '0.00', '0.00', '3.00', '0.00', '0.00', '0', '0', 1, NULL, NULL, NULL, NULL, NULL, 354, 334),
(3073, '2023-08-03', '16091', 'SESTO SENSO COLONIA DESODORANT', '33072010', '5405', '59,94', '2,00', '0.00', '0.00', '119.00', '0.00', '0.00', '0', '0', 1, NULL, NULL, NULL, NULL, NULL, 355, 335),
(3074, '2023-08-03', '16460', 'J-SPORT DEO COL 100ML', '33072010', '5405', '59,94', '2,00', '0.00', '0.00', '119.00', '0.00', '0.00', '0', '0', 1, NULL, NULL, NULL, NULL, NULL, 355, 335),
(3075, '2023-08-03', '16092', 'LEGEND FOR MEN COL DEO 100ML', '33072010', '5405', '65,90', '3,00', '0.00', '0.00', '197.00', '0.00', '0.00', '0', '0', 1, NULL, NULL, NULL, NULL, NULL, 355, 335),
(3076, '2023-08-03', '17016', 'ROYAL BOOST  CREME FACIAL HIDRATANTE 50ML', '33049910', '5910', '5,89', '1,00', '0.00', '0.00', '5.00', '0.00', '0.00', '0', '0', 1, NULL, NULL, NULL, NULL, NULL, 355, 335),
(3077, '2023-08-03', '17203', 'Catalogo ciclo 07 e 08/23', '49111090', '5910', '3,31', '1,00', '0.00', '0.00', '3.00', '0.00', '0.00', '0', '0', 1, NULL, NULL, NULL, NULL, NULL, 355, 335),
(3078, '2023-08-03', '17167', 'Hidratacao Regeneradora - Shampoo 240 ml', '33051000', '5405', '41,94', '1,00', '0.00', '0.00', '41.00', '0.00', '0.00', '0', '0', 1, NULL, NULL, NULL, NULL, NULL, 356, 336),
(3079, '2023-08-03', '17168', 'Hidratacao Regeneradora - Condicionador 240 m', '33059000', '5405', '47,94', '1,00', '0.00', '0.00', '47.00', '0.00', '0.00', '0', '0', 1, NULL, NULL, NULL, NULL, NULL, 356, 336),
(3080, '2023-08-03', '17169', 'Hidratacao Regeneradora - Ampola Autoaquecida', '33059000', '5405', '29,94', '4,00', '0.00', '0.00', '119.00', '0.00', '0.00', '0', '0', 1, NULL, NULL, NULL, NULL, NULL, 356, 336),
(3081, '2023-08-03', '17170', 'Hidratacao Regeneradora - Mascara 240 ml', '33059000', '5405', '53,94', '1,00', '0.00', '0.00', '53.00', '0.00', '0.00', '0', '0', 1, NULL, NULL, NULL, NULL, NULL, 356, 336),
(3082, '2023-08-03', '17001', 'J BROS BALM GEL LIMPEZA FACIAL 100ML', '34013000', '5405', '17,90', '1,00', '0.00', '0.00', '17.00', '0.00', '0.00', '0', '0', 1, NULL, NULL, NULL, NULL, NULL, 356, 336),
(3083, '2023-08-03', '16656', 'ADORISSE COLONIA DES 50ML', '33072010', '5405', '68,90', '1,00', '0.00', '0.00', '68.00', '0.00', '0.00', '0', '0', 1, NULL, NULL, NULL, NULL, NULL, 356, 336),
(3084, '2023-08-03', '17203', 'Catalogo ciclo 07 e 08/23', '49111090', '5910', '3,31', '1,00', '0.00', '0.00', '3.00', '0.00', '0.00', '0', '0', 1, NULL, NULL, NULL, NULL, NULL, 356, 336),
(3085, '2023-08-03', '16656', 'ADORISSE COLONIA DES 50ML', '33072010', '5405', '68,90', '3,00', '0.00', '0.00', '206.00', '0.00', '0.00', '0', '0', 1, NULL, NULL, NULL, NULL, NULL, 357, 337),
(3086, '2023-08-03', '16656', 'ADORISSE COLONIA DES 50ML', '33072010', '5405', '99,00', '1,00', '0.00', '0.00', '99.00', '0.00', '0.00', '0', '0', 1, NULL, NULL, NULL, NULL, NULL, 357, 337),
(3087, '2023-08-03', '16092', 'LEGEND FOR MEN COL DEO 100ML', '33072010', '5405', '65,90', '2,00', '0.00', '0.00', '131.00', '0.00', '0.00', '0', '0', 1, NULL, NULL, NULL, NULL, NULL, 357, 337),
(3088, '2023-08-03', '16460', 'J-SPORT DEO COL 100ML', '33072010', '5405', '59,94', '1,00', '0.00', '0.00', '59.00', '0.00', '0.00', '0', '0', 1, NULL, NULL, NULL, NULL, NULL, 357, 337),
(3089, '2023-08-03', '17203', 'Catalogo ciclo 07 e 08/23', '49111090', '5910', '3,31', '1,00', '0.00', '0.00', '3.00', '0.00', '0.00', '0', '0', 1, NULL, NULL, NULL, NULL, NULL, 357, 337),
(3090, '2023-08-03', '16459', 'VALFERRA.DEO COLONIA 100ML', '33072010', '5405', '38,97', '1,00', '0.00', '0.00', '38.00', '0.00', '0.00', '0', '0', 1, NULL, NULL, NULL, NULL, NULL, 358, 338),
(3091, '2023-08-03', '17003', 'J BROS SHOWER GEL 250ML', '34013000', '5405', '38,97', '1,00', '0.00', '0.00', '38.00', '0.00', '0.00', '0', '0', 1, NULL, NULL, NULL, NULL, NULL, 358, 338),
(3092, '2023-08-03', '16656', 'ADORISSE COLONIA DES 50ML', '33072010', '5405', '68,90', '3,00', '0.00', '0.00', '206.00', '0.00', '0.00', '0', '0', 1, NULL, NULL, NULL, NULL, NULL, 358, 338),
(3093, '2023-08-03', '16092', 'LEGEND FOR MEN COL DEO 100ML', '33072010', '5405', '65,90', '2,00', '0.00', '0.00', '131.00', '0.00', '0.00', '0', '0', 1, NULL, NULL, NULL, NULL, NULL, 358, 338);
INSERT INTO `produtos` (`id`, `data`, `codigo`, `nome`, `ncm`, `cfop`, `un`, `qtd`, `valor_uni`, `bc_icms`, `valor_prod`, `valor_icms`, `valor_ipi`, `icms`, `ipi`, `categorias_id`, `barra`, `descricao`, `valor_venda`, `status`, `foto`, `notafiscal_id`, `destinatario_id`) VALUES
(3094, '2023-08-03', '16650', 'JANDE COL DESODORANTE NAC 50ML', '33072010', '5405', '71,34', '2,00', '0.00', '0.00', '142.00', '0.00', '0.00', '0', '0', 1, NULL, NULL, NULL, NULL, NULL, 358, 338),
(3095, '2023-08-03', '17203', 'Catalogo ciclo 07 e 08/23', '49111090', '5910', '3,31', '1,00', '0.00', '0.00', '3.00', '0.00', '0.00', '0', '0', 1, NULL, NULL, NULL, NULL, NULL, 358, 338),
(3096, '2023-08-03', '16092', 'LEGEND FOR MEN COL DEO 100ML', '33072010', '5405', '38,67', '2,00', '0.00', '0.00', '77.00', '0.00', '0.00', '0', '0', 1, NULL, NULL, NULL, NULL, NULL, 359, 339),
(3097, '2023-08-03', '17070', 'Sabonete Legend 4 sabonetes de 40gr', '34011190', '5405', '38,67', '2,00', '0.00', '0.00', '77.00', '0.00', '0.00', '0', '0', 1, NULL, NULL, NULL, NULL, NULL, 359, 339),
(3098, '2023-08-03', '16091', 'SESTO SENSO COLONIA DESODORANT', '33072010', '5405', '59,94', '6,00', '0.00', '0.00', '359.00', '0.00', '0.00', '0', '0', 1, NULL, NULL, NULL, NULL, NULL, 359, 339),
(3099, '2023-08-03', '16656', 'ADORISSE COLONIA DES 50ML', '33072010', '5405', '68,90', '3,00', '0.00', '0.00', '206.00', '0.00', '0.00', '0', '0', 1, NULL, NULL, NULL, NULL, NULL, 359, 339),
(3100, '2023-08-03', '17203', 'Catalogo ciclo 07 e 08/23', '49111090', '5910', '3,31', '1,00', '0.00', '0.00', '3.00', '0.00', '0.00', '0', '0', 1, NULL, NULL, NULL, NULL, NULL, 359, 339),
(3101, '2023-08-03', '16092', 'LEGEND FOR MEN COL DEO 100ML', '33072010', '5405', '38,67', '5,00', '0.00', '0.00', '193.00', '0.00', '0.00', '0', '0', 1, NULL, NULL, NULL, NULL, NULL, 360, 340),
(3102, '2023-08-03', '17070', 'Sabonete Legend 4 sabonetes de 40gr', '34011190', '5405', '38,67', '5,00', '0.00', '0.00', '193.00', '0.00', '0.00', '0', '0', 1, NULL, NULL, NULL, NULL, NULL, 360, 340),
(3103, '2023-08-03', '17203', 'Catalogo ciclo 07 e 08/23', '49111090', '5910', '3,31', '1,00', '0.00', '0.00', '3.00', '0.00', '0.00', '0', '0', 1, NULL, NULL, NULL, NULL, NULL, 360, 340),
(3104, '2023-08-03', '16460', 'J-SPORT DEO COL 100ML', '33072010', '5405', '59,94', '2,00', '0.00', '0.00', '119.00', '0.00', '0.00', '0', '0', 1, NULL, NULL, NULL, NULL, NULL, 361, 341),
(3105, '2023-08-03', '16092', 'LEGEND FOR MEN COL DEO 100ML', '33072010', '5405', '65,90', '2,00', '0.00', '0.00', '131.00', '0.00', '0.00', '0', '0', 1, NULL, NULL, NULL, NULL, NULL, 361, 341),
(3106, '2023-08-03', '16091', 'SESTO SENSO COLONIA DESODORANT', '33072010', '5405', '59,94', '2,00', '0.00', '0.00', '119.00', '0.00', '0.00', '0', '0', 1, NULL, NULL, NULL, NULL, NULL, 361, 341),
(3107, '2023-08-03', '16650', 'JANDE COL DESODORANTE NAC 50ML', '33072010', '5405', '71,34', '1,00', '0.00', '0.00', '71.00', '0.00', '0.00', '0', '0', 1, NULL, NULL, NULL, NULL, NULL, 361, 341),
(3108, '2023-08-03', '16658', 'ADORISSE PURE GOLD COLDES 50ML', '33072010', '5405', '77,94', '1,00', '0.00', '0.00', '77.00', '0.00', '0.00', '0', '0', 1, NULL, NULL, NULL, NULL, NULL, 361, 341),
(3109, '2023-08-03', '4366', 'Diamonds BLUSH 50ML', '33072010', '5405', '65,94', '1,00', '0.00', '0.00', '65.00', '0.00', '0.00', '0', '0', 1, NULL, NULL, NULL, NULL, NULL, 361, 341),
(3110, '2023-08-03', '16459', 'VALFERRA.DEO COLONIA 100ML', '33072010', '5405', '38,97', '1,00', '0.00', '0.00', '38.00', '0.00', '0.00', '0', '0', 1, NULL, NULL, NULL, NULL, NULL, 361, 341),
(3111, '2023-08-03', '17003', 'J BROS SHOWER GEL 250ML', '34013000', '5405', '38,97', '1,00', '0.00', '0.00', '38.00', '0.00', '0.00', '0', '0', 1, NULL, NULL, NULL, NULL, NULL, 361, 341),
(3112, '2023-08-03', '19014', 'PORTA BATOM ROXO PERSONALIZADO', '42029900', '5102', '19,00', '1,00', '0.00', '0.00', '19.00', '0.00', '0.00', '0', '0', 1, NULL, NULL, NULL, NULL, NULL, 361, 341),
(3113, '2023-08-03', '17203', 'Catalogo ciclo 07 e 08/23', '49111090', '5910', '3,31', '1,00', '0.00', '0.00', '3.00', '0.00', '0.00', '0', '0', 1, NULL, NULL, NULL, NULL, NULL, 361, 341),
(3114, '2023-08-03', '16092', 'LEGEND FOR MEN COL DEO 100ML', '33072010', '5405', '65,90', '3,00', '0.00', '0.00', '197.00', '0.00', '0.00', '0', '0', 1, NULL, NULL, NULL, NULL, NULL, 362, 342),
(3115, '2023-08-03', '16656', 'ADORISSE COLONIA DES 50ML', '33072010', '5405', '68,90', '3,00', '0.00', '0.00', '206.00', '0.00', '0.00', '0', '0', 1, NULL, NULL, NULL, NULL, NULL, 362, 342),
(3116, '2023-08-03', '16091', 'SESTO SENSO COLONIA DESODORANT', '33072010', '5405', '59,94', '3,00', '0.00', '0.00', '179.00', '0.00', '0.00', '0', '0', 1, NULL, NULL, NULL, NULL, NULL, 362, 342),
(3117, '2023-08-03', '16658', 'ADORISSE PURE GOLD COLDES 50ML', '33072010', '5405', '77,94', '3,00', '0.00', '0.00', '233.00', '0.00', '0.00', '0', '0', 1, NULL, NULL, NULL, NULL, NULL, 362, 342),
(3118, '2023-08-03', '17203', 'Catalogo ciclo 07 e 08/23', '49111090', '5910', '3,31', '1,00', '0.00', '0.00', '3.00', '0.00', '0.00', '0', '0', 1, NULL, NULL, NULL, NULL, NULL, 362, 342),
(3119, '2023-08-03', '16656', 'ADORISSE COLONIA DES 50ML', '33072010', '5405', '68,90', '3,00', '0.00', '0.00', '206.00', '0.00', '0.00', '0', '0', 1, NULL, NULL, NULL, NULL, NULL, 363, 343),
(3120, '2023-08-03', '16092', 'LEGEND FOR MEN COL DEO 100ML', '33072010', '5405', '65,90', '3,00', '0.00', '0.00', '197.00', '0.00', '0.00', '0', '0', 1, NULL, NULL, NULL, NULL, NULL, 363, 343),
(3121, '2023-08-03', '17017', 'ROYAL BOOST MASCARA HIDRATANTE EM GEL  50ML', '33049990', '5405', '28,90', '1,00', '0.00', '0.00', '28.00', '0.00', '0.00', '0', '0', 1, NULL, NULL, NULL, NULL, NULL, 363, 343),
(3122, '2023-08-03', '17012', 'ROYAL BOOST CREME FACIAL HIDRATANTE  CONTROLE', '33049910', '5405', '35,94', '1,00', '0.00', '0.00', '35.00', '0.00', '0.00', '0', '0', 1, NULL, NULL, NULL, NULL, NULL, 363, 343),
(3123, '2023-08-03', '17203', 'Catalogo ciclo 07 e 08/23', '49111090', '5910', '3,31', '1,00', '0.00', '0.00', '3.00', '0.00', '0.00', '0', '0', 1, NULL, NULL, NULL, NULL, NULL, 363, 343),
(3124, '2023-08-03', '17120', 'InsideSkin with Royal Jelly', '21069030', '5102', '59,94', '2,00', '0.00', '0.00', '119.00', '0.00', '0.00', '0', '0', 1, NULL, NULL, NULL, NULL, NULL, 364, 344),
(3125, '2023-08-03', '16656', 'ADORISSE COLONIA DES 50ML', '33072010', '5405', '68,90', '2,00', '0.00', '0.00', '137.00', '0.00', '0.00', '0', '0', 1, NULL, NULL, NULL, NULL, NULL, 364, 344),
(3126, '2023-08-03', '16091', 'SESTO SENSO COLONIA DESODORANT', '33072010', '5405', '59,94', '3,00', '0.00', '0.00', '179.00', '0.00', '0.00', '0', '0', 1, NULL, NULL, NULL, NULL, NULL, 364, 344),
(3127, '2023-08-03', '17203', 'Catalogo ciclo 07 e 08/23', '49111090', '5910', '3,31', '1,00', '0.00', '0.00', '3.00', '0.00', '0.00', '0', '0', 1, NULL, NULL, NULL, NULL, NULL, 364, 344),
(3128, '2023-08-03', '16092', 'LEGEND FOR MEN COL DEO 100ML', '33072010', '5405', '38,67', '2,00', '0.00', '0.00', '77.00', '0.00', '0.00', '0', '0', 1, NULL, NULL, NULL, NULL, NULL, 365, 345),
(3129, '2023-08-03', '17070', 'Sabonete Legend 4 sabonetes de 40gr', '34011190', '5405', '38,67', '2,00', '0.00', '0.00', '77.00', '0.00', '0.00', '0', '0', 1, NULL, NULL, NULL, NULL, NULL, 365, 345),
(3130, '2023-08-03', '16656', 'ADORISSE COLONIA DES 50ML', '33072010', '5405', '68,90', '3,00', '0.00', '0.00', '206.00', '0.00', '0.00', '0', '0', 1, NULL, NULL, NULL, NULL, NULL, 365, 345),
(3131, '2023-08-03', '16092', 'LEGEND FOR MEN COL DEO 100ML', '33072010', '5405', '65,90', '3,00', '0.00', '0.00', '197.00', '0.00', '0.00', '0', '0', 1, NULL, NULL, NULL, NULL, NULL, 365, 345),
(3132, '2023-08-03', '16091', 'SESTO SENSO COLONIA DESODORANT', '33072010', '5405', '59,94', '3,00', '0.00', '0.00', '179.00', '0.00', '0.00', '0', '0', 1, NULL, NULL, NULL, NULL, NULL, 365, 345),
(3133, '2023-08-03', '17044', 'COLONIA ABSOLUTE LEATHER', '33030020', '5910', '19,79', '1,00', '0.00', '0.00', '19.00', '0.00', '0.00', '0', '0', 1, NULL, NULL, NULL, NULL, NULL, 365, 345),
(3134, '2023-08-03', '17203', 'Catalogo ciclo 07 e 08/23', '49111090', '5910', '3,31', '1,00', '0.00', '0.00', '3.00', '0.00', '0.00', '0', '0', 1, NULL, NULL, NULL, NULL, NULL, 365, 345),
(3135, '2023-08-03', '16092', 'LEGEND FOR MEN COL DEO 100ML', '33072010', '5405', '38,67', '2,00', '0.00', '0.00', '77.00', '0.00', '0.00', '0', '0', 1, NULL, NULL, NULL, NULL, NULL, 366, 346),
(3136, '2023-08-03', '17070', 'Sabonete Legend 4 sabonetes de 40gr', '34011190', '5405', '38,67', '2,00', '0.00', '0.00', '77.00', '0.00', '0.00', '0', '0', 1, NULL, NULL, NULL, NULL, NULL, 366, 346),
(3137, '2023-08-03', '16669', 'J SPORT XTREME COL DES NAC', '33072010', '5405', '42,87', '2,00', '0.00', '0.00', '85.00', '0.00', '0.00', '0', '0', 1, NULL, NULL, NULL, NULL, NULL, 366, 346),
(3138, '2023-08-03', '16996', 'J BROS BALM POS BARBA 100 ML', '33071000', '5405', '42,87', '2,00', '0.00', '0.00', '85.00', '0.00', '0.00', '0', '0', 1, NULL, NULL, NULL, NULL, NULL, 366, 346),
(3139, '2023-08-03', '16656', 'ADORISSE COLONIA DES 50ML', '33072010', '5405', '68,90', '2,00', '0.00', '0.00', '137.00', '0.00', '0.00', '0', '0', 1, NULL, NULL, NULL, NULL, NULL, 366, 346),
(3140, '2023-08-03', '16092', 'LEGEND FOR MEN COL DEO 100ML', '33072010', '5405', '65,90', '2,00', '0.00', '0.00', '131.00', '0.00', '0.00', '0', '0', 1, NULL, NULL, NULL, NULL, NULL, 366, 346),
(3141, '2023-08-03', '17203', 'Catalogo ciclo 07 e 08/23', '49111090', '5910', '3,31', '1,00', '0.00', '0.00', '3.00', '0.00', '0.00', '0', '0', 1, NULL, NULL, NULL, NULL, NULL, 366, 346),
(3142, '2023-08-03', '16092', 'LEGEND FOR MEN COL DEO 100ML', '33072010', '5405', '65,90', '3,00', '0.00', '0.00', '197.00', '0.00', '0.00', '0', '0', 1, NULL, NULL, NULL, NULL, NULL, 367, 347),
(3143, '2023-08-03', '16656', 'ADORISSE COLONIA DES 50ML', '33072010', '5405', '68,90', '3,00', '0.00', '0.00', '206.00', '0.00', '0.00', '0', '0', 1, NULL, NULL, NULL, NULL, NULL, 367, 347),
(3144, '2023-08-03', '17203', 'Catalogo ciclo 07 e 08/23', '49111090', '5910', '3,31', '1,00', '0.00', '0.00', '3.00', '0.00', '0.00', '0', '0', 1, NULL, NULL, NULL, NULL, NULL, 367, 347),
(3145, '2023-08-03', '16092', 'LEGEND FOR MEN COL DEO 100ML', '33072010', '5405', '38,67', '3,00', '0.00', '0.00', '116.00', '0.00', '0.00', '0', '0', 1, NULL, NULL, NULL, NULL, NULL, 368, 348),
(3146, '2023-08-03', '17070', 'Sabonete Legend 4 sabonetes de 40gr', '34011190', '5405', '38,67', '3,00', '0.00', '0.00', '116.00', '0.00', '0.00', '0', '0', 1, NULL, NULL, NULL, NULL, NULL, 368, 348),
(3147, '2023-08-03', '16656', 'ADORISSE COLONIA DES 50ML', '33072010', '5405', '68,90', '1,00', '0.00', '0.00', '68.00', '0.00', '0.00', '0', '0', 1, NULL, NULL, NULL, NULL, NULL, 368, 348),
(3148, '2023-08-03', '17203', 'Catalogo ciclo 07 e 08/23', '49111090', '5910', '3,31', '1,00', '0.00', '0.00', '3.00', '0.00', '0.00', '0', '0', 1, NULL, NULL, NULL, NULL, NULL, 368, 348),
(3149, '2023-08-03', '16656', 'ADORISSE COLONIA DES 50ML', '33072010', '5405', '68,90', '3,00', '0.00', '0.00', '206.00', '0.00', '0.00', '0', '0', 1, NULL, NULL, NULL, NULL, NULL, 369, 349),
(3150, '2023-08-03', '16092', 'LEGEND FOR MEN COL DEO 100ML', '33072010', '5405', '65,90', '1,00', '0.00', '0.00', '65.00', '0.00', '0.00', '0', '0', 1, NULL, NULL, NULL, NULL, NULL, 369, 349),
(3151, '2023-08-03', '16091', 'SESTO SENSO COLONIA DESODORANT', '33072010', '5405', '59,94', '1,00', '0.00', '0.00', '59.00', '0.00', '0.00', '0', '0', 1, NULL, NULL, NULL, NULL, NULL, 369, 349),
(3152, '2023-08-03', '17203', 'Catalogo ciclo 07 e 08/23', '49111090', '5910', '3,31', '1,00', '0.00', '0.00', '3.00', '0.00', '0.00', '0', '0', 1, NULL, NULL, NULL, NULL, NULL, 369, 349),
(3153, '2023-08-03', '17169', 'Hidratacao Regeneradora - Ampola Autoaquecida', '33059000', '5405', '29,94', '1,00', '0.00', '0.00', '29.00', '0.00', '0.00', '0', '0', 1, NULL, NULL, NULL, NULL, NULL, 370, 350),
(3154, '2023-08-03', '16656', 'ADORISSE COLONIA DES 50ML', '33072010', '5405', '68,90', '2,00', '0.00', '0.00', '137.00', '0.00', '0.00', '0', '0', 1, NULL, NULL, NULL, NULL, NULL, 370, 350),
(3155, '2023-08-03', '16092', 'LEGEND FOR MEN COL DEO 100ML', '33072010', '5405', '65,90', '1,00', '0.00', '0.00', '65.00', '0.00', '0.00', '0', '0', 1, NULL, NULL, NULL, NULL, NULL, 370, 350),
(3156, '2023-08-03', '16092', 'LEGEND FOR MEN COL DEO 100ML', '33072010', '5405', '38,67', '1,00', '0.00', '0.00', '38.00', '0.00', '0.00', '0', '0', 1, NULL, NULL, NULL, NULL, NULL, 370, 350),
(3157, '2023-08-03', '17070', 'Sabonete Legend 4 sabonetes de 40gr', '34011190', '5405', '38,67', '1,00', '0.00', '0.00', '38.00', '0.00', '0.00', '0', '0', 1, NULL, NULL, NULL, NULL, NULL, 370, 350),
(3158, '2023-08-03', '17067', 'Royal Almond Sabonetes', '34011190', '5405', '23,94', '2,00', '0.00', '0.00', '47.00', '0.00', '0.00', '0', '0', 1, NULL, NULL, NULL, NULL, NULL, 370, 350),
(3159, '2023-08-03', '17203', 'Catalogo ciclo 07 e 08/23', '49111090', '5910', '0,16', '21,00', '0.00', '0.00', '3.00', '0.00', '0.00', '0', '0', 1, NULL, NULL, NULL, NULL, NULL, 370, 350),
(3160, '2023-08-03', '16656', 'ADORISSE COLONIA DES 50ML', '33072010', '5405', '68,90', '2,00', '0.00', '0.00', '137.00', '0.00', '0.00', '0', '0', 1, NULL, NULL, NULL, NULL, NULL, 371, 351),
(3161, '2023-08-03', '16091', 'SESTO SENSO COLONIA DESODORANT', '33072010', '5405', '59,94', '2,00', '0.00', '0.00', '119.00', '0.00', '0.00', '0', '0', 1, NULL, NULL, NULL, NULL, NULL, 371, 351),
(3162, '2023-08-03', '4366', 'Diamonds BLUSH 50ML', '33072010', '5405', '65,94', '1,00', '0.00', '0.00', '65.00', '0.00', '0.00', '0', '0', 1, NULL, NULL, NULL, NULL, NULL, 371, 351),
(3163, '2023-08-03', '17203', 'Catalogo ciclo 07 e 08/23', '49111090', '5910', '3,31', '1,00', '0.00', '0.00', '3.00', '0.00', '0.00', '0', '0', 1, NULL, NULL, NULL, NULL, NULL, 371, 351),
(3164, '2023-08-03', '16656', 'ADORISSE COLONIA DES 50ML', '33072010', '5405', '68,90', '3,00', '0.00', '0.00', '206.00', '0.00', '0.00', '0', '0', 1, NULL, NULL, NULL, NULL, NULL, 372, 352),
(3165, '2023-08-03', '16088', 'ROYAL JELLY SABONETE 5 UNID', '34011190', '5405', '29,94', '1,00', '0.00', '0.00', '29.00', '0.00', '0.00', '0', '0', 1, NULL, NULL, NULL, NULL, NULL, 372, 352),
(3166, '2023-08-03', '16841', 'N1 PINCEL JAFRA CHANFRADO', '96033000', '5102', '15,60', '1,00', '0.00', '0.00', '15.00', '0.00', '0.00', '0', '0', 1, NULL, NULL, NULL, NULL, NULL, 372, 352),
(3167, '2023-08-03', '17001', 'J BROS BALM GEL LIMPEZA FACIAL 100ML', '34013000', '5405', '17,90', '1,00', '0.00', '0.00', '17.00', '0.00', '0.00', '0', '0', 1, NULL, NULL, NULL, NULL, NULL, 372, 352),
(3168, '2023-08-03', '16623', 'VESEN COL DESODORANTE NAC 50ML', '33072010', '5405', '77,40', '1,00', '0.00', '0.00', '77.00', '0.00', '0.00', '0', '0', 1, NULL, NULL, NULL, NULL, NULL, 372, 352),
(3169, '2023-08-03', '17120', 'InsideSkin with Royal Jelly', '21069030', '5102', '59,94', '1,00', '0.00', '0.00', '59.00', '0.00', '0.00', '0', '0', 1, NULL, NULL, NULL, NULL, NULL, 372, 352),
(3170, '2023-08-03', '17203', 'Catalogo ciclo 07 e 08/23', '49111090', '5910', '3,31', '1,00', '0.00', '0.00', '3.00', '0.00', '0.00', '0', '0', 1, NULL, NULL, NULL, NULL, NULL, 372, 352),
(3171, '2023-08-03', '16092', 'LEGEND FOR MEN COL DEO 100ML', '33072010', '5405', '65,90', '3,00', '0.00', '0.00', '197.00', '0.00', '0.00', '0', '0', 1, NULL, NULL, NULL, NULL, NULL, 373, 353),
(3172, '2023-08-03', '16656', 'ADORISSE COLONIA DES 50ML', '33072010', '5405', '68,90', '3,00', '0.00', '0.00', '206.00', '0.00', '0.00', '0', '0', 1, NULL, NULL, NULL, NULL, NULL, 373, 353),
(3173, '2023-08-03', '17016', 'ROYAL BOOST  CREME FACIAL HIDRATANTE 50ML', '33049910', '5910', '5,89', '1,00', '0.00', '0.00', '5.00', '0.00', '0.00', '0', '0', 1, NULL, NULL, NULL, NULL, NULL, 373, 353),
(3174, '2023-08-03', '17203', 'Catalogo ciclo 07 e 08/23', '49111090', '5910', '3,31', '1,00', '0.00', '0.00', '3.00', '0.00', '0.00', '0', '0', 1, NULL, NULL, NULL, NULL, NULL, 373, 353),
(3175, '2023-08-03', '16650', 'JANDE COL DESODORANTE NAC 50ML', '33072010', '5405', '71,34', '1,00', '0.00', '0.00', '71.00', '0.00', '0.00', '0', '0', 1, NULL, NULL, NULL, NULL, NULL, 374, 354),
(3176, '2023-08-03', '4366', 'Diamonds BLUSH 50ML', '33072010', '5405', '65,94', '1,00', '0.00', '0.00', '65.00', '0.00', '0.00', '0', '0', 1, NULL, NULL, NULL, NULL, NULL, 374, 354),
(3177, '2023-08-03', '17090', 'Adorisse Passion Colonia 50 ml', '33030020', '5405', '77,94', '1,00', '0.00', '0.00', '77.00', '0.00', '0.00', '0', '0', 1, NULL, NULL, NULL, NULL, NULL, 374, 354),
(3178, '2023-08-03', '11213', 'COL DES JF9 CHROME 100ML', '33072010', '5405', '65,94', '1,00', '0.00', '0.00', '65.00', '0.00', '0.00', '0', '0', 1, NULL, NULL, NULL, NULL, NULL, 374, 354),
(3179, '2023-08-03', '84777', 'LEGEND HERO COL DES 100ML', '33072010', '5405', '71,34', '1,00', '0.00', '0.00', '71.00', '0.00', '0.00', '0', '0', 1, NULL, NULL, NULL, NULL, NULL, 374, 354),
(3180, '2023-08-03', '16658', 'ADORISSE PURE GOLD COLDES 50ML', '33072010', '5405', '77,94', '1,00', '0.00', '0.00', '77.00', '0.00', '0.00', '0', '0', 1, NULL, NULL, NULL, NULL, NULL, 374, 354),
(3181, '2023-08-03', '17070', 'Sabonete Legend 4 sabonetes de 40gr', '34011190', '5405', '21,54', '1,00', '0.00', '0.00', '21.00', '0.00', '0.00', '0', '0', 1, NULL, NULL, NULL, NULL, NULL, 374, 354),
(3182, '2023-08-03', '17121', 'JAFRA ROYAL CLEAR SMART TONICO FACIAL CLAREAD', '33049910', '5405', '44,34', '1,00', '0.00', '0.00', '44.00', '0.00', '0.00', '0', '0', 1, NULL, NULL, NULL, NULL, NULL, 374, 354),
(3183, '2023-08-03', '17168', 'Hidratacao Regeneradora - Condicionador 240 m', '33059000', '5405', '47,94', '1,00', '0.00', '0.00', '47.00', '0.00', '0.00', '0', '0', 1, NULL, NULL, NULL, NULL, NULL, 374, 354),
(3184, '2023-08-03', '17167', 'Hidratacao Regeneradora - Shampoo 240 ml', '33051000', '5405', '41,94', '1,00', '0.00', '0.00', '41.00', '0.00', '0.00', '0', '0', 1, NULL, NULL, NULL, NULL, NULL, 374, 354),
(3185, '2023-08-03', '17044', 'COLONIA ABSOLUTE LEATHER', '33030020', '5910', '19,79', '1,00', '0.00', '0.00', '19.00', '0.00', '0.00', '0', '0', 1, NULL, NULL, NULL, NULL, NULL, 374, 354),
(3186, '2023-08-03', '17203', 'Catalogo ciclo 07 e 08/23', '49111090', '5910', '3,31', '1,00', '0.00', '0.00', '3.00', '0.00', '0.00', '0', '0', 1, NULL, NULL, NULL, NULL, NULL, 374, 354),
(3187, '2023-08-03', '16656', 'ADORISSE COLONIA DES 50ML', '33072010', '5405', '68,90', '3,00', '0.00', '0.00', '206.00', '0.00', '0.00', '0', '0', 1, NULL, NULL, NULL, NULL, NULL, 375, 355),
(3188, '2023-08-03', '16658', 'ADORISSE PURE GOLD COLDES 50ML', '33072010', '5405', '77,94', '2,00', '0.00', '0.00', '155.00', '0.00', '0.00', '0', '0', 1, NULL, NULL, NULL, NULL, NULL, 375, 355),
(3189, '2023-08-03', '16092', 'LEGEND FOR MEN COL DEO 100ML', '33072010', '5405', '38,67', '1,00', '0.00', '0.00', '38.00', '0.00', '0.00', '0', '0', 1, NULL, NULL, NULL, NULL, NULL, 375, 355),
(3190, '2023-08-03', '17070', 'Sabonete Legend 4 sabonetes de 40gr', '34011190', '5405', '38,67', '1,00', '0.00', '0.00', '38.00', '0.00', '0.00', '0', '0', 1, NULL, NULL, NULL, NULL, NULL, 375, 355),
(3191, '2023-08-03', '16091', 'SESTO SENSO COLONIA DESODORANT', '33072010', '5405', '59,94', '1,00', '0.00', '0.00', '59.00', '0.00', '0.00', '0', '0', 1, NULL, NULL, NULL, NULL, NULL, 375, 355),
(3192, '2023-08-03', '11213', 'COL DES JF9 CHROME 100ML', '33072010', '5405', '65,94', '1,00', '0.00', '0.00', '65.00', '0.00', '0.00', '0', '0', 1, NULL, NULL, NULL, NULL, NULL, 375, 355),
(3193, '2023-08-03', '17044', 'COLONIA ABSOLUTE LEATHER', '33030020', '5910', '19,79', '1,00', '0.00', '0.00', '19.00', '0.00', '0.00', '0', '0', 1, NULL, NULL, NULL, NULL, NULL, 375, 355),
(3194, '2023-08-03', '17203', 'Catalogo ciclo 07 e 08/23', '49111090', '5910', '3,31', '1,00', '0.00', '0.00', '3.00', '0.00', '0.00', '0', '0', 1, NULL, NULL, NULL, NULL, NULL, 375, 355),
(3195, '2023-08-03', '16092', 'LEGEND FOR MEN COL DEO 100ML', '33072010', '5405', '38,67', '3,00', '0.00', '0.00', '116.00', '0.00', '0.00', '0', '0', 1, NULL, NULL, NULL, NULL, NULL, 376, 356),
(3196, '2023-08-03', '17070', 'Sabonete Legend 4 sabonetes de 40gr', '34011190', '5405', '38,67', '3,00', '0.00', '0.00', '116.00', '0.00', '0.00', '0', '0', 1, NULL, NULL, NULL, NULL, NULL, 376, 356),
(3197, '2023-08-03', '16656', 'ADORISSE COLONIA DES 50ML', '33072010', '5405', '68,90', '3,00', '0.00', '0.00', '206.00', '0.00', '0.00', '0', '0', 1, NULL, NULL, NULL, NULL, NULL, 376, 356),
(3198, '2023-08-03', '16091', 'SESTO SENSO COLONIA DESODORANT', '33072010', '5405', '59,94', '3,00', '0.00', '0.00', '179.00', '0.00', '0.00', '0', '0', 1, NULL, NULL, NULL, NULL, NULL, 376, 356),
(3199, '2023-08-03', '17203', 'Catalogo ciclo 07 e 08/23', '49111090', '5910', '3,31', '1,00', '0.00', '0.00', '3.00', '0.00', '0.00', '0', '0', 1, NULL, NULL, NULL, NULL, NULL, 376, 356),
(3200, '2023-08-03', '16092', 'LEGEND FOR MEN COL DEO 100ML', '33072010', '5405', '38,67', '3,00', '0.00', '0.00', '116.00', '0.00', '0.00', '0', '0', 1, NULL, NULL, NULL, NULL, NULL, 377, 357),
(3201, '2023-08-03', '17070', 'Sabonete Legend 4 sabonetes de 40gr', '34011190', '5405', '38,67', '3,00', '0.00', '0.00', '116.00', '0.00', '0.00', '0', '0', 1, NULL, NULL, NULL, NULL, NULL, 377, 357),
(3202, '2023-08-03', '16091', 'SESTO SENSO COLONIA DESODORANT', '33072010', '5405', '59,94', '3,00', '0.00', '0.00', '179.00', '0.00', '0.00', '0', '0', 1, NULL, NULL, NULL, NULL, NULL, 377, 357),
(3203, '2023-08-03', '16656', 'ADORISSE COLONIA DES 50ML', '33072010', '5405', '68,90', '3,00', '0.00', '0.00', '206.00', '0.00', '0.00', '0', '0', 1, NULL, NULL, NULL, NULL, NULL, 377, 357),
(3204, '2023-08-03', '17203', 'Catalogo ciclo 07 e 08/23', '49111090', '5910', '3,31', '1,00', '0.00', '0.00', '3.00', '0.00', '0.00', '0', '0', 1, NULL, NULL, NULL, NULL, NULL, 377, 357),
(3205, '2023-08-03', '16092', 'LEGEND FOR MEN COL DEO 100ML', '33072010', '5405', '38,67', '3,00', '0.00', '0.00', '116.00', '0.00', '0.00', '0', '0', 1, NULL, NULL, NULL, NULL, NULL, 378, 358),
(3206, '2023-08-03', '17070', 'Sabonete Legend 4 sabonetes de 40gr', '34011190', '5405', '38,67', '3,00', '0.00', '0.00', '116.00', '0.00', '0.00', '0', '0', 1, NULL, NULL, NULL, NULL, NULL, 378, 358),
(3207, '2023-08-03', '16091', 'SESTO SENSO COLONIA DESODORANT', '33072010', '5405', '59,94', '3,00', '0.00', '0.00', '179.00', '0.00', '0.00', '0', '0', 1, NULL, NULL, NULL, NULL, NULL, 378, 358),
(3208, '2023-08-03', '16650', 'JANDE COL DESODORANTE NAC 50ML', '33072010', '5405', '71,34', '2,00', '0.00', '0.00', '142.00', '0.00', '0.00', '0', '0', 1, NULL, NULL, NULL, NULL, NULL, 378, 358),
(3209, '2023-08-03', '11213', 'COL DES JF9 CHROME 100ML', '33072010', '5405', '65,94', '1,00', '0.00', '0.00', '65.00', '0.00', '0.00', '0', '0', 1, NULL, NULL, NULL, NULL, NULL, 378, 358),
(3210, '2023-08-03', '17203', 'Catalogo ciclo 07 e 08/23', '49111090', '5910', '3,31', '1,00', '0.00', '0.00', '3.00', '0.00', '0.00', '0', '0', 1, NULL, NULL, NULL, NULL, NULL, 378, 358),
(3211, '2023-08-03', '16092', 'LEGEND FOR MEN COL DEO 100ML', '33072010', '5405', '65,90', '2,00', '0.00', '0.00', '131.00', '0.00', '0.00', '0', '0', 1, NULL, NULL, NULL, NULL, NULL, 379, 359),
(3212, '2023-08-03', '89124', 'MASCARA.MALIBU DE LIMPEZA', '33049990', '5405', '65,40', '1,00', '0.00', '0.00', '65.00', '0.00', '0.00', '0', '0', 1, NULL, NULL, NULL, NULL, NULL, 379, 359),
(3213, '2023-08-03', '17162', 'JAFRA BATOM COBERTURA TOTAL MATTE 4 G  LUST', '33041000', '5405', '27,54', '2,00', '0.00', '0.00', '55.00', '0.00', '0.00', '0', '0', 1, NULL, NULL, NULL, NULL, NULL, 379, 359),
(3214, '2023-08-03', '17161', 'JAFRA BATOM COBERTURA TOTAL MATTE 4 G  ATTRAC', '33041000', '5405', '27,54', '2,00', '0.00', '0.00', '55.00', '0.00', '0.00', '0', '0', 1, NULL, NULL, NULL, NULL, NULL, 379, 359),
(3215, '2023-08-03', '17203', 'Catalogo ciclo 07 e 08/23', '49111090', '5910', '3,31', '1,00', '0.00', '0.00', '3.00', '0.00', '0.00', '0', '0', 1, NULL, NULL, NULL, NULL, NULL, 379, 359),
(3216, '2023-08-03', '16092', 'LEGEND FOR MEN COL DEO 100ML', '33072010', '5405', '38,67', '6,00', '0.00', '0.00', '232.00', '0.00', '0.00', '0', '0', 1, NULL, NULL, NULL, NULL, NULL, 380, 360),
(3217, '2023-08-03', '17070', 'Sabonete Legend 4 sabonetes de 40gr', '34011190', '5405', '38,67', '6,00', '0.00', '0.00', '232.00', '0.00', '0.00', '0', '0', 1, NULL, NULL, NULL, NULL, NULL, 380, 360),
(3218, '2023-08-03', '16092', 'LEGEND FOR MEN COL DEO 100ML', '33072010', '5405', '65,90', '3,00', '0.00', '0.00', '197.00', '0.00', '0.00', '0', '0', 1, NULL, NULL, NULL, NULL, NULL, 380, 360),
(3219, '2023-08-03', '17203', 'Catalogo ciclo 07 e 08/23', '49111090', '5910', '3,31', '1,00', '0.00', '0.00', '3.00', '0.00', '0.00', '0', '0', 1, NULL, NULL, NULL, NULL, NULL, 380, 360),
(3220, '2023-08-03', '16092', 'LEGEND FOR MEN COL DEO 100ML', '33072010', '5405', '38,67', '3,00', '0.00', '0.00', '116.00', '0.00', '0.00', '0', '0', 1, NULL, NULL, NULL, NULL, NULL, 381, 361),
(3221, '2023-08-03', '17070', 'Sabonete Legend 4 sabonetes de 40gr', '34011190', '5405', '38,67', '3,00', '0.00', '0.00', '116.00', '0.00', '0.00', '0', '0', 1, NULL, NULL, NULL, NULL, NULL, 381, 361),
(3222, '2023-08-03', '16091', 'SESTO SENSO COLONIA DESODORANT', '33072010', '5405', '59,94', '1,00', '0.00', '0.00', '59.00', '0.00', '0.00', '0', '0', 1, NULL, NULL, NULL, NULL, NULL, 381, 361),
(3223, '2023-08-03', '4366', 'Diamonds BLUSH 50ML', '33072010', '5405', '65,94', '1,00', '0.00', '0.00', '65.00', '0.00', '0.00', '0', '0', 1, NULL, NULL, NULL, NULL, NULL, 381, 361),
(3224, '2023-08-03', '17203', 'Catalogo ciclo 07 e 08/23', '49111090', '5910', '3,31', '1,00', '0.00', '0.00', '3.00', '0.00', '0.00', '0', '0', 1, NULL, NULL, NULL, NULL, NULL, 381, 361),
(3225, '2023-08-03', '16092', 'LEGEND FOR MEN COL DEO 100ML', '33072010', '5405', '65,90', '1,00', '0.00', '0.00', '65.00', '0.00', '0.00', '0', '0', 1, NULL, NULL, NULL, NULL, NULL, 382, 362),
(3226, '2023-08-03', '17155', 'JAFRA SPA MASCARA DE LAMA  FACIAL E CORPORAL ', '33049910', '5405', '59,94', '1,00', '0.00', '0.00', '59.00', '0.00', '0.00', '0', '0', 1, NULL, NULL, NULL, NULL, NULL, 382, 362),
(3227, '2023-08-03', '16090', 'JF9 BLACK DEO COL 100ML', '33072010', '5405', '59,90', '2,00', '0.00', '0.00', '119.00', '0.00', '0.00', '0', '0', 1, NULL, NULL, NULL, NULL, NULL, 382, 362),
(3228, '2023-08-03', '16459', 'VALFERRA.DEO COLONIA 100ML', '33072010', '5405', '38,97', '1,00', '0.00', '0.00', '38.00', '0.00', '0.00', '0', '0', 1, NULL, NULL, NULL, NULL, NULL, 382, 362),
(3229, '2023-08-03', '17003', 'J BROS SHOWER GEL 250ML', '34013000', '5405', '38,97', '1,00', '0.00', '0.00', '38.00', '0.00', '0.00', '0', '0', 1, NULL, NULL, NULL, NULL, NULL, 382, 362),
(3230, '2023-08-03', '17203', 'Catalogo ciclo 07 e 08/23', '49111090', '5910', '0,24', '14,00', '0.00', '0.00', '3.00', '0.00', '0.00', '0', '0', 1, NULL, NULL, NULL, NULL, NULL, 382, 362),
(3231, '2023-08-03', '16092', 'LEGEND FOR MEN COL DEO 100ML', '33072010', '5405', '65,90', '3,00', '0.00', '0.00', '197.00', '0.00', '0.00', '0', '0', 1, NULL, NULL, NULL, NULL, NULL, 383, 363),
(3232, '2023-08-03', '16656', 'ADORISSE COLONIA DES 50ML', '33072010', '5405', '68,90', '3,00', '0.00', '0.00', '206.00', '0.00', '0.00', '0', '0', 1, NULL, NULL, NULL, NULL, NULL, 383, 363),
(3233, '2023-08-03', '17203', 'Catalogo ciclo 07 e 08/23', '49111090', '5910', '3,31', '1,00', '0.00', '0.00', '3.00', '0.00', '0.00', '0', '0', 1, NULL, NULL, NULL, NULL, NULL, 383, 363),
(3234, '2023-08-03', '16091', 'SESTO SENSO COLONIA DESODORANT', '33072010', '5405', '59,94', '1,00', '0.00', '0.00', '59.00', '0.00', '0.00', '0', '0', 1, NULL, NULL, NULL, NULL, NULL, 384, 364),
(3235, '2023-08-03', '16092', 'LEGEND FOR MEN COL DEO 100ML', '33072010', '5405', '38,67', '4,00', '0.00', '0.00', '154.00', '0.00', '0.00', '0', '0', 1, NULL, NULL, NULL, NULL, NULL, 384, 364),
(3236, '2023-08-03', '17070', 'Sabonete Legend 4 sabonetes de 40gr', '34011190', '5405', '38,67', '4,00', '0.00', '0.00', '154.00', '0.00', '0.00', '0', '0', 1, NULL, NULL, NULL, NULL, NULL, 384, 364),
(3237, '2023-08-03', '17070', 'Sabonete Legend 4 sabonetes de 40gr', '34011190', '5405', '21,54', '1,00', '0.00', '0.00', '21.00', '0.00', '0.00', '0', '0', 1, NULL, NULL, NULL, NULL, NULL, 384, 364),
(3238, '2023-08-03', '17016', 'ROYAL BOOST  CREME FACIAL HIDRATANTE 50ML', '33049910', '5910', '5,89', '1,00', '0.00', '0.00', '5.00', '0.00', '0.00', '0', '0', 1, NULL, NULL, NULL, NULL, NULL, 384, 364),
(3239, '2023-08-03', '17203', 'Catalogo ciclo 07 e 08/23', '49111090', '5910', '3,31', '1,00', '0.00', '0.00', '3.00', '0.00', '0.00', '0', '0', 1, NULL, NULL, NULL, NULL, NULL, 384, 364),
(3240, '2023-08-03', '16092', 'LEGEND FOR MEN COL DEO 100ML', '33072010', '5405', '38,67', '5,00', '0.00', '0.00', '193.00', '0.00', '0.00', '0', '0', 1, NULL, NULL, NULL, NULL, NULL, 385, 365),
(3241, '2023-08-03', '17070', 'Sabonete Legend 4 sabonetes de 40gr', '34011190', '5405', '38,67', '5,00', '0.00', '0.00', '193.00', '0.00', '0.00', '0', '0', 1, NULL, NULL, NULL, NULL, NULL, 385, 365),
(3242, '2023-08-03', '17025', 'ROYAL REVITALIZE GEL FACIAL DE LIMPEZA 125 ML', '33049990', '5405', '71,40', '1,00', '0.00', '0.00', '71.00', '0.00', '0.00', '0', '0', 1, NULL, NULL, NULL, NULL, NULL, 385, 365),
(3243, '2023-08-03', '4340', 'BATOM MATTE LOVE AFFAIR 4G', '33041000', '5405', '27,54', '1,00', '0.00', '0.00', '27.00', '0.00', '0.00', '0', '0', 1, NULL, NULL, NULL, NULL, NULL, 385, 365),
(3244, '2023-08-03', '17097', 'Base Always Amplo Espectro FPS 15  HONEY', '33049990', '5405', '54,90', '1,00', '0.00', '0.00', '54.00', '0.00', '0.00', '0', '0', 1, NULL, NULL, NULL, NULL, NULL, 385, 365),
(3245, '2023-08-03', '17093', 'Base Always Amplo Espectro FPS 15 SHELL', '33049990', '5405', '19,90', '1,00', '0.00', '0.00', '19.00', '0.00', '0.00', '0', '0', 1, NULL, NULL, NULL, NULL, NULL, 385, 365),
(3246, '2023-08-03', '17203', 'Catalogo ciclo 07 e 08/23', '49111090', '5910', '3,31', '1,00', '0.00', '0.00', '3.00', '0.00', '0.00', '0', '0', 1, NULL, NULL, NULL, NULL, NULL, 385, 365),
(3247, '2023-08-03', '16656', 'ADORISSE COLONIA DES 50ML', '33072010', '5405', '68,90', '3,00', '0.00', '0.00', '206.00', '0.00', '0.00', '0', '0', 1, NULL, NULL, NULL, NULL, NULL, 386, 366),
(3248, '2023-08-03', '16091', 'SESTO SENSO COLONIA DESODORANT', '33072010', '5405', '59,94', '3,00', '0.00', '0.00', '179.00', '0.00', '0.00', '0', '0', 1, NULL, NULL, NULL, NULL, NULL, 386, 366),
(3249, '2023-08-03', '17203', 'Catalogo ciclo 07 e 08/23', '49111090', '5910', '3,31', '1,00', '0.00', '0.00', '3.00', '0.00', '0.00', '0', '0', 1, NULL, NULL, NULL, NULL, NULL, 386, 366),
(3250, '2023-08-03', '16092', 'LEGEND FOR MEN COL DEO 100ML', '33072010', '5405', '38,67', '1,00', '0.00', '0.00', '38.00', '0.00', '0.00', '0', '0', 1, NULL, NULL, NULL, NULL, NULL, 387, 367),
(3251, '2023-08-03', '17070', 'Sabonete Legend 4 sabonetes de 40gr', '34011190', '5405', '38,67', '1,00', '0.00', '0.00', '38.00', '0.00', '0.00', '0', '0', 1, NULL, NULL, NULL, NULL, NULL, 387, 367),
(3252, '2023-08-03', '16656', 'ADORISSE COLONIA DES 50ML', '33072010', '5405', '68,90', '1,00', '0.00', '0.00', '68.00', '0.00', '0.00', '0', '0', 1, NULL, NULL, NULL, NULL, NULL, 387, 367),
(3253, '2023-08-03', '16092', 'LEGEND FOR MEN COL DEO 100ML', '33072010', '5405', '65,90', '1,00', '0.00', '0.00', '65.00', '0.00', '0.00', '0', '0', 1, NULL, NULL, NULL, NULL, NULL, 387, 367),
(3254, '2023-08-03', '16946', 'Colonia Desodorante Splash Free To Be Kind 25', '33072010', '5405', '41,94', '1,00', '0.00', '0.00', '41.00', '0.00', '0.00', '0', '0', 1, NULL, NULL, NULL, NULL, NULL, 387, 367),
(3255, '2023-08-03', '16954', 'Hidratante Desodorante Corporal Free To Be Ki', '33072090', '5405', '47,94', '1,00', '0.00', '0.00', '47.00', '0.00', '0.00', '0', '0', 1, NULL, NULL, NULL, NULL, NULL, 387, 367),
(3256, '2023-08-03', '17203', 'Catalogo ciclo 07 e 08/23', '49111090', '5910', '3,31', '1,00', '0.00', '0.00', '3.00', '0.00', '0.00', '0', '0', 1, NULL, NULL, NULL, NULL, NULL, 387, 367),
(3257, '2023-08-03', '16092', 'LEGEND FOR MEN COL DEO 100ML', '33072010', '5405', '38,67', '2,00', '0.00', '0.00', '77.00', '0.00', '0.00', '0', '0', 1, NULL, NULL, NULL, NULL, NULL, 388, 368),
(3258, '2023-08-03', '17070', 'Sabonete Legend 4 sabonetes de 40gr', '34011190', '5405', '38,67', '2,00', '0.00', '0.00', '77.00', '0.00', '0.00', '0', '0', 1, NULL, NULL, NULL, NULL, NULL, 388, 368),
(3259, '2023-08-03', '16656', 'ADORISSE COLONIA DES 50ML', '33072010', '5405', '68,90', '3,00', '0.00', '0.00', '206.00', '0.00', '0.00', '0', '0', 1, NULL, NULL, NULL, NULL, NULL, 388, 368),
(3260, '2023-08-03', '17165', 'Eau D Aromes Deo Colonia 100ml - Limited Edit', '33072010', '5405', '77,40', '1,00', '0.00', '0.00', '77.00', '0.00', '0.00', '0', '0', 1, NULL, NULL, NULL, NULL, NULL, 388, 368),
(3261, '2023-08-03', '18000', 'Embalagem Presenteavel Colmeia Roxa', '48195000', '5102', '2,90', '4,00', '0.00', '0.00', '11.00', '0.00', '0.00', '0', '0', 1, NULL, NULL, NULL, NULL, NULL, 388, 368),
(3262, '2023-08-03', '17070', 'Sabonete Legend 4 sabonetes de 40gr', '34011190', '5405', '21,54', '2,00', '0.00', '0.00', '43.00', '0.00', '0.00', '0', '0', 1, NULL, NULL, NULL, NULL, NULL, 388, 368),
(3263, '2023-08-03', '4366', 'Diamonds BLUSH 50ML', '33072010', '5405', '65,94', '1,00', '0.00', '0.00', '65.00', '0.00', '0.00', '0', '0', 1, NULL, NULL, NULL, NULL, NULL, 388, 368),
(3264, '2023-08-03', '17203', 'Catalogo ciclo 07 e 08/23', '49111090', '5910', '3,31', '1,00', '0.00', '0.00', '3.00', '0.00', '0.00', '0', '0', 1, NULL, NULL, NULL, NULL, NULL, 388, 368),
(3265, '2023-08-03', '16092', 'LEGEND FOR MEN COL DEO 100ML', '33072010', '5405', '65,90', '3,00', '0.00', '0.00', '197.00', '0.00', '0.00', '0', '0', 1, NULL, NULL, NULL, NULL, NULL, 389, 369),
(3266, '2023-08-03', '16091', 'SESTO SENSO COLONIA DESODORANT', '33072010', '5405', '59,94', '1,00', '0.00', '0.00', '59.00', '0.00', '0.00', '0', '0', 1, NULL, NULL, NULL, NULL, NULL, 389, 369),
(3267, '2023-08-03', '16090', 'JF9 BLACK DEO COL 100ML', '33072010', '5405', '59,90', '1,00', '0.00', '0.00', '59.00', '0.00', '0.00', '0', '0', 1, NULL, NULL, NULL, NULL, NULL, 389, 369),
(3268, '2023-08-03', '17203', 'Catalogo ciclo 07 e 08/23', '49111090', '5910', '3,31', '1,00', '0.00', '0.00', '3.00', '0.00', '0.00', '0', '0', 1, NULL, NULL, NULL, NULL, NULL, 389, 369),
(3269, '2023-08-03', '17169', 'Hidratacao Regeneradora - Ampola Autoaquecida', '33059000', '5405', '29,94', '1,00', '0.00', '0.00', '29.00', '0.00', '0.00', '0', '0', 1, NULL, NULL, NULL, NULL, NULL, 390, 370),
(3270, '2023-08-03', '16088', 'ROYAL JELLY SABONETE 5 UNID', '34011190', '5405', '29,94', '1,00', '0.00', '0.00', '29.00', '0.00', '0.00', '0', '0', 1, NULL, NULL, NULL, NULL, NULL, 390, 370),
(3271, '2023-08-03', '17012', 'ROYAL BOOST CREME FACIAL HIDRATANTE  CONTROLE', '33049910', '5405', '35,94', '1,00', '0.00', '0.00', '35.00', '0.00', '0.00', '0', '0', 1, NULL, NULL, NULL, NULL, NULL, 390, 370),
(3272, '2023-08-03', '17011', 'ROYAL BOOST MASCARA DETOX DE ARGILA 50ML', '33049990', '5405', '35,94', '1,00', '0.00', '0.00', '35.00', '0.00', '0.00', '0', '0', 1, NULL, NULL, NULL, NULL, NULL, 390, 370),
(3273, '2023-08-03', '17123', 'JAFRA ROYAL CLEAR SMART HIDRATANTE EM GEL OIL', '33049990', '5405', '59,34', '1,00', '0.00', '0.00', '59.00', '0.00', '0.00', '0', '0', 1, NULL, NULL, NULL, NULL, NULL, 390, 370),
(3274, '2023-08-03', '17023', 'ROYAL REVITALIZE  SERUM FACIAL CLAREADOR 30 M', '33049910', '5405', '113,40', '1,00', '0.00', '0.00', '113.00', '0.00', '0.00', '0', '0', 1, NULL, NULL, NULL, NULL, NULL, 390, 370),
(3275, '2023-08-03', '17203', 'Catalogo ciclo 07 e 08/23', '49111090', '5910', '3,31', '1,00', '0.00', '0.00', '3.00', '0.00', '0.00', '0', '0', 1, NULL, NULL, NULL, NULL, NULL, 390, 370),
(3276, '2023-08-03', '16092', 'LEGEND FOR MEN COL DEO 100ML', '33072010', '5405', '38,67', '2,00', '0.00', '0.00', '77.00', '0.00', '0.00', '0', '0', 1, NULL, NULL, NULL, NULL, NULL, 391, 371),
(3277, '2023-08-03', '17070', 'Sabonete Legend 4 sabonetes de 40gr', '34011190', '5405', '38,67', '2,00', '0.00', '0.00', '77.00', '0.00', '0.00', '0', '0', 1, NULL, NULL, NULL, NULL, NULL, 391, 371),
(3278, '2023-08-03', '16459', 'VALFERRA.DEO COLONIA 100ML', '33072010', '5405', '38,97', '2,00', '0.00', '0.00', '77.00', '0.00', '0.00', '0', '0', 1, NULL, NULL, NULL, NULL, NULL, 391, 371),
(3279, '2023-08-03', '17003', 'J BROS SHOWER GEL 250ML', '34013000', '5405', '38,97', '2,00', '0.00', '0.00', '77.00', '0.00', '0.00', '0', '0', 1, NULL, NULL, NULL, NULL, NULL, 391, 371),
(3280, '2023-08-03', '16458', 'GARDENIA COL DES BR 50ML', '33030020', '5405', '99,00', '1,00', '0.00', '0.00', '99.00', '0.00', '0.00', '0', '0', 1, NULL, NULL, NULL, NULL, NULL, 391, 371),
(3281, '2023-08-03', '16090', 'JF9 BLACK DEO COL 100ML', '33072010', '5405', '59,90', '3,00', '0.00', '0.00', '179.00', '0.00', '0.00', '0', '0', 1, NULL, NULL, NULL, NULL, NULL, 391, 371),
(3282, '2023-08-03', '17203', 'Catalogo ciclo 07 e 08/23', '49111090', '5910', '3,31', '1,00', '0.00', '0.00', '3.00', '0.00', '0.00', '0', '0', 1, NULL, NULL, NULL, NULL, NULL, 391, 371),
(3283, '2023-08-03', '16092', 'LEGEND FOR MEN COL DEO 100ML', '33072010', '5405', '65,90', '3,00', '0.00', '0.00', '197.00', '0.00', '0.00', '0', '0', 1, NULL, NULL, NULL, NULL, NULL, 392, 372),
(3284, '2023-08-03', '16656', 'ADORISSE COLONIA DES 50ML', '33072010', '5405', '68,90', '3,00', '0.00', '0.00', '206.00', '0.00', '0.00', '0', '0', 1, NULL, NULL, NULL, NULL, NULL, 392, 372),
(3285, '2023-08-03', '17016', 'ROYAL BOOST  CREME FACIAL HIDRATANTE 50ML', '33049910', '5910', '5,89', '1,00', '0.00', '0.00', '5.00', '0.00', '0.00', '0', '0', 1, NULL, NULL, NULL, NULL, NULL, 392, 372),
(3286, '2023-08-03', '17203', 'Catalogo ciclo 07 e 08/23', '49111090', '5910', '3,31', '1,00', '0.00', '0.00', '3.00', '0.00', '0.00', '0', '0', 1, NULL, NULL, NULL, NULL, NULL, 392, 372),
(3287, '2023-08-03', '16090', 'JF9 BLACK DEO COL 100ML', '33072010', '5405', '59,90', '2,00', '0.00', '0.00', '119.00', '0.00', '0.00', '0', '0', 1, NULL, NULL, NULL, NULL, NULL, 393, 373),
(3288, '2023-08-03', '16658', 'ADORISSE PURE GOLD COLDES 50ML', '33072010', '5405', '77,94', '1,00', '0.00', '0.00', '77.00', '0.00', '0.00', '0', '0', 1, NULL, NULL, NULL, NULL, NULL, 393, 373),
(3289, '2023-08-03', '4366', 'Diamonds BLUSH 50ML', '33072010', '5405', '65,94', '1,00', '0.00', '0.00', '65.00', '0.00', '0.00', '0', '0', 1, NULL, NULL, NULL, NULL, NULL, 393, 373),
(3290, '2023-08-03', '17165', 'Eau D Aromes Deo Colonia 100ml - Limited Edit', '33072010', '5405', '77,40', '1,00', '0.00', '0.00', '77.00', '0.00', '0.00', '0', '0', 1, NULL, NULL, NULL, NULL, NULL, 393, 373),
(3291, '2023-08-03', '16092', 'LEGEND FOR MEN COL DEO 100ML', '33072010', '5405', '65,90', '1,00', '0.00', '0.00', '65.00', '0.00', '0.00', '0', '0', 1, NULL, NULL, NULL, NULL, NULL, 393, 373),
(3292, '2023-08-03', '17203', 'Catalogo ciclo 07 e 08/23', '49111090', '5910', '3,31', '1,00', '0.00', '0.00', '3.00', '0.00', '0.00', '0', '0', 1, NULL, NULL, NULL, NULL, NULL, 393, 373),
(3293, '2023-08-03', '16092', 'LEGEND FOR MEN COL DEO 100ML', '33072010', '5405', '65,90', '1,00', '0.00', '0.00', '65.00', '0.00', '0.00', '0', '0', 1, NULL, NULL, NULL, NULL, NULL, 394, 374),
(3294, '2023-08-03', '16656', 'ADORISSE COLONIA DES 50ML', '33072010', '5405', '68,90', '2,00', '0.00', '0.00', '137.00', '0.00', '0.00', '0', '0', 1, NULL, NULL, NULL, NULL, NULL, 394, 374),
(3295, '2023-08-03', '47730', 'NAVIGO HOMME DEO COL 100ML', '33072010', '5405', '113,40', '1,00', '0.00', '0.00', '113.00', '0.00', '0.00', '0', '0', 1, NULL, NULL, NULL, NULL, NULL, 394, 374),
(3296, '2023-08-03', '17203', 'Catalogo ciclo 07 e 08/23', '49111090', '5910', '3,31', '1,00', '0.00', '0.00', '3.00', '0.00', '0.00', '0', '0', 1, NULL, NULL, NULL, NULL, NULL, 394, 374),
(3297, '2023-08-03', '16090', 'JF9 BLACK DEO COL 100ML', '33072010', '5405', '59,90', '2,00', '0.00', '0.00', '119.00', '0.00', '0.00', '0', '0', 1, NULL, NULL, NULL, NULL, NULL, 395, 375),
(3298, '2023-08-03', '16092', 'LEGEND FOR MEN COL DEO 100ML', '33072010', '5405', '65,90', '2,00', '0.00', '0.00', '131.00', '0.00', '0.00', '0', '0', 1, NULL, NULL, NULL, NULL, NULL, 395, 375),
(3299, '2023-08-03', '17090', 'Adorisse Passion Colonia 50 ml', '33030020', '5405', '77,94', '1,00', '0.00', '0.00', '77.00', '0.00', '0.00', '0', '0', 1, NULL, NULL, NULL, NULL, NULL, 395, 375),
(3300, '2023-08-03', '17203', 'Catalogo ciclo 07 e 08/23', '49111090', '5910', '3,31', '1,00', '0.00', '0.00', '3.00', '0.00', '0.00', '0', '0', 1, NULL, NULL, NULL, NULL, NULL, 395, 375),
(3301, '2023-08-03', '16092', 'LEGEND FOR MEN COL DEO 100ML', '33072010', '5405', '38,67', '3,00', '0.00', '0.00', '116.00', '0.00', '0.00', '0', '0', 1, NULL, NULL, NULL, NULL, NULL, 396, 376),
(3302, '2023-08-03', '17070', 'Sabonete Legend 4 sabonetes de 40gr', '34011190', '5405', '38,67', '3,00', '0.00', '0.00', '116.00', '0.00', '0.00', '0', '0', 1, NULL, NULL, NULL, NULL, NULL, 396, 376),
(3303, '2023-08-03', '16092', 'LEGEND FOR MEN COL DEO 100ML', '33072010', '5405', '65,90', '3,00', '0.00', '0.00', '197.00', '0.00', '0.00', '0', '0', 1, NULL, NULL, NULL, NULL, NULL, 396, 376),
(3304, '2023-08-03', '17203', 'Catalogo ciclo 07 e 08/23', '49111090', '5910', '3,31', '1,00', '0.00', '0.00', '3.00', '0.00', '0.00', '0', '0', 1, NULL, NULL, NULL, NULL, NULL, 396, 376),
(3305, '2023-08-03', '16092', 'LEGEND FOR MEN COL DEO 100ML', '33072010', '5405', '38,67', '3,00', '0.00', '0.00', '116.00', '0.00', '0.00', '0', '0', 1, NULL, NULL, NULL, NULL, NULL, 397, 377),
(3306, '2023-08-03', '17070', 'Sabonete Legend 4 sabonetes de 40gr', '34011190', '5405', '38,67', '3,00', '0.00', '0.00', '116.00', '0.00', '0.00', '0', '0', 1, NULL, NULL, NULL, NULL, NULL, 397, 377),
(3307, '2023-08-03', '16656', 'ADORISSE COLONIA DES 50ML', '33072010', '5405', '68,90', '3,00', '0.00', '0.00', '206.00', '0.00', '0.00', '0', '0', 1, NULL, NULL, NULL, NULL, NULL, 397, 377),
(3308, '2023-08-03', '17203', 'Catalogo ciclo 07 e 08/23', '49111090', '5910', '3,31', '1,00', '0.00', '0.00', '3.00', '0.00', '0.00', '0', '0', 1, NULL, NULL, NULL, NULL, NULL, 397, 377),
(3309, '2023-08-03', '16092', 'LEGEND FOR MEN COL DEO 100ML', '33072010', '5405', '65,90', '3,00', '0.00', '0.00', '197.00', '0.00', '0.00', '0', '0', 1, NULL, NULL, NULL, NULL, NULL, 398, 378),
(3310, '2023-08-03', '16092', 'LEGEND FOR MEN COL DEO 100ML', '33072010', '5405', '38,67', '3,00', '0.00', '0.00', '116.00', '0.00', '0.00', '0', '0', 1, NULL, NULL, NULL, NULL, NULL, 398, 378),
(3311, '2023-08-03', '17070', 'Sabonete Legend 4 sabonetes de 40gr', '34011190', '5405', '38,67', '3,00', '0.00', '0.00', '116.00', '0.00', '0.00', '0', '0', 1, NULL, NULL, NULL, NULL, NULL, 398, 378),
(3312, '2023-08-03', '16460', 'J-SPORT DEO COL 100ML', '33072010', '5405', '59,94', '5,00', '0.00', '0.00', '299.00', '0.00', '0.00', '0', '0', 1, NULL, NULL, NULL, NULL, NULL, 398, 378),
(3313, '2023-08-03', '17203', 'Catalogo ciclo 07 e 08/23', '49111090', '5910', '3,31', '1,00', '0.00', '0.00', '3.00', '0.00', '0.00', '0', '0', 1, NULL, NULL, NULL, NULL, NULL, 398, 378),
(3314, '2023-08-03', '16656', 'ADORISSE COLONIA DES 50ML', '33072010', '5405', '68,90', '3,00', '0.00', '0.00', '206.00', '0.00', '0.00', '0', '0', 1, NULL, NULL, NULL, NULL, NULL, 399, 379),
(3315, '2023-08-03', '16092', 'LEGEND FOR MEN COL DEO 100ML', '33072010', '5405', '65,90', '3,00', '0.00', '0.00', '197.00', '0.00', '0.00', '0', '0', 1, NULL, NULL, NULL, NULL, NULL, 399, 379),
(3316, '2023-08-03', '17203', 'Catalogo ciclo 07 e 08/23', '49111090', '5910', '3,31', '1,00', '0.00', '0.00', '3.00', '0.00', '0.00', '0', '0', 1, NULL, NULL, NULL, NULL, NULL, 399, 379),
(3317, '2023-08-03', '16092', 'LEGEND FOR MEN COL DEO 100ML', '33072010', '5405', '65,90', '3,00', '0.00', '0.00', '197.00', '0.00', '0.00', '0', '0', 1, NULL, NULL, NULL, NULL, NULL, 400, 380),
(3318, '2023-08-03', '16090', 'JF9 BLACK DEO COL 100ML', '33072010', '5405', '59,90', '3,00', '0.00', '0.00', '179.00', '0.00', '0.00', '0', '0', 1, NULL, NULL, NULL, NULL, NULL, 400, 380),
(3319, '2023-08-03', '17203', 'Catalogo ciclo 07 e 08/23', '49111090', '5910', '3,31', '1,00', '0.00', '0.00', '3.00', '0.00', '0.00', '0', '0', 1, NULL, NULL, NULL, NULL, NULL, 400, 380),
(3320, '2023-08-03', '16460', 'J-SPORT DEO COL 100ML', '33072010', '5405', '59,94', '1,00', '0.00', '0.00', '59.00', '0.00', '0.00', '0', '0', 1, NULL, NULL, NULL, NULL, NULL, 401, 381),
(3321, '2023-08-03', '16092', 'LEGEND FOR MEN COL DEO 100ML', '33072010', '5405', '38,67', '2,00', '0.00', '0.00', '77.00', '0.00', '0.00', '0', '0', 1, NULL, NULL, NULL, NULL, NULL, 401, 381),
(3322, '2023-08-03', '17070', 'Sabonete Legend 4 sabonetes de 40gr', '34011190', '5405', '38,67', '2,00', '0.00', '0.00', '77.00', '0.00', '0.00', '0', '0', 1, NULL, NULL, NULL, NULL, NULL, 401, 381),
(3323, '2023-08-03', '17090', 'Adorisse Passion Colonia 50 ml', '33030020', '5405', '77,94', '2,00', '0.00', '0.00', '155.00', '0.00', '0.00', '0', '0', 1, NULL, NULL, NULL, NULL, NULL, 401, 381),
(3324, '2023-08-03', '17155', 'JAFRA SPA MASCARA DE LAMA  FACIAL E CORPORAL ', '33049910', '5405', '59,94', '1,00', '0.00', '0.00', '59.00', '0.00', '0.00', '0', '0', 1, NULL, NULL, NULL, NULL, NULL, 401, 381),
(3325, '2023-08-03', '16623', 'VESEN COL DESODORANTE NAC 50ML', '33072010', '5405', '77,40', '1,00', '0.00', '0.00', '77.00', '0.00', '0.00', '0', '0', 1, NULL, NULL, NULL, NULL, NULL, 401, 381),
(3326, '2023-08-03', '16658', 'ADORISSE PURE GOLD COLDES 50ML', '33072010', '5405', '77,94', '1,00', '0.00', '0.00', '77.00', '0.00', '0.00', '0', '0', 1, NULL, NULL, NULL, NULL, NULL, 401, 381),
(3327, '2023-08-03', '16656', 'ADORISSE COLONIA DES 50ML', '33072010', '5405', '68,90', '1,00', '0.00', '0.00', '68.00', '0.00', '0.00', '0', '0', 1, NULL, NULL, NULL, NULL, NULL, 401, 381),
(3328, '2023-08-03', '17203', 'Catalogo ciclo 07 e 08/23', '49111090', '5910', '1,10', '3,00', '0.00', '0.00', '3.00', '0.00', '0.00', '0', '0', 1, NULL, NULL, NULL, NULL, NULL, 401, 381),
(3329, '2023-08-03', '16092', 'LEGEND FOR MEN COL DEO 100ML', '33072010', '5405', '38,67', '3,00', '0.00', '0.00', '116.00', '0.00', '0.00', '0', '0', 1, NULL, NULL, NULL, NULL, NULL, 402, 382),
(3330, '2023-08-03', '17070', 'Sabonete Legend 4 sabonetes de 40gr', '34011190', '5405', '38,67', '3,00', '0.00', '0.00', '116.00', '0.00', '0.00', '0', '0', 1, NULL, NULL, NULL, NULL, NULL, 402, 382),
(3331, '2023-08-03', '16090', 'JF9 BLACK DEO COL 100ML', '33072010', '5405', '59,90', '3,00', '0.00', '0.00', '179.00', '0.00', '0.00', '0', '0', 1, NULL, NULL, NULL, NULL, NULL, 402, 382),
(3332, '2023-08-03', '16459', 'VALFERRA.DEO COLONIA 100ML', '33072010', '5405', '38,97', '1,00', '0.00', '0.00', '38.00', '0.00', '0.00', '0', '0', 1, NULL, NULL, NULL, NULL, NULL, 402, 382),
(3333, '2023-08-03', '17003', 'J BROS SHOWER GEL 250ML', '34013000', '5405', '38,97', '1,00', '0.00', '0.00', '38.00', '0.00', '0.00', '0', '0', 1, NULL, NULL, NULL, NULL, NULL, 402, 382),
(3334, '2023-08-03', '17203', 'Catalogo ciclo 07 e 08/23', '49111090', '5910', '3,31', '1,00', '0.00', '0.00', '3.00', '0.00', '0.00', '0', '0', 1, NULL, NULL, NULL, NULL, NULL, 402, 382),
(3335, '2023-08-03', '16656', 'ADORISSE COLONIA DES 50ML', '33072010', '5405', '68,90', '3,00', '0.00', '0.00', '206.00', '0.00', '0.00', '0', '0', 1, NULL, NULL, NULL, NULL, NULL, 403, 383),
(3336, '2023-08-03', '16092', 'LEGEND FOR MEN COL DEO 100ML', '33072010', '5405', '65,90', '1,00', '0.00', '0.00', '65.00', '0.00', '0.00', '0', '0', 1, NULL, NULL, NULL, NULL, NULL, 403, 383),
(3337, '2023-08-03', '17165', 'Eau D Aromes Deo Colonia 100ml - Limited Edit', '33072010', '5405', '77,40', '2,00', '0.00', '0.00', '154.00', '0.00', '0.00', '0', '0', 1, NULL, NULL, NULL, NULL, NULL, 403, 383),
(3338, '2023-08-03', '17203', 'Catalogo ciclo 07 e 08/23', '49111090', '5910', '3,31', '1,00', '0.00', '0.00', '3.00', '0.00', '0.00', '0', '0', 1, NULL, NULL, NULL, NULL, NULL, 403, 383),
(3339, '2023-08-03', '16656', 'ADORISSE COLONIA DES 50ML', '33072010', '5405', '68,90', '1,00', '0.00', '0.00', '68.00', '0.00', '0.00', '0', '0', 1, NULL, NULL, NULL, NULL, NULL, 404, 384),
(3340, '2023-08-03', '16092', 'LEGEND FOR MEN COL DEO 100ML', '33072010', '5405', '65,90', '3,00', '0.00', '0.00', '197.00', '0.00', '0.00', '0', '0', 1, NULL, NULL, NULL, NULL, NULL, 404, 384),
(3341, '2023-08-03', '16091', 'SESTO SENSO COLONIA DESODORANT', '33072010', '5405', '59,94', '1,00', '0.00', '0.00', '59.00', '0.00', '0.00', '0', '0', 1, NULL, NULL, NULL, NULL, NULL, 404, 384),
(3342, '2023-08-03', '17203', 'Catalogo ciclo 07 e 08/23', '49111090', '5910', '3,31', '1,00', '0.00', '0.00', '3.00', '0.00', '0.00', '0', '0', 1, NULL, NULL, NULL, NULL, NULL, 404, 384),
(3343, '2023-08-03', '16656', 'ADORISSE COLONIA DES 50ML', '33072010', '5405', '68,90', '2,00', '0.00', '0.00', '137.00', '0.00', '0.00', '0', '0', 1, NULL, NULL, NULL, NULL, NULL, 405, 385),
(3344, '2023-08-03', '16460', 'J-SPORT DEO COL 100ML', '33072010', '5405', '59,94', '3,00', '0.00', '0.00', '179.00', '0.00', '0.00', '0', '0', 1, NULL, NULL, NULL, NULL, NULL, 405, 385),
(3345, '2023-08-03', '16088', 'ROYAL JELLY SABONETE 5 UNID', '34011190', '5405', '29,94', '1,00', '0.00', '0.00', '29.00', '0.00', '0.00', '0', '0', 1, NULL, NULL, NULL, NULL, NULL, 405, 385),
(3346, '2023-08-03', '17203', 'Catalogo ciclo 07 e 08/23', '49111090', '5910', '3,31', '1,00', '0.00', '0.00', '3.00', '0.00', '0.00', '0', '0', 1, NULL, NULL, NULL, NULL, NULL, 405, 385),
(3347, '2023-08-03', '16090', 'JF9 BLACK DEO COL 100ML', '33072010', '5405', '59,90', '3,00', '0.00', '0.00', '179.00', '0.00', '0.00', '0', '0', 1, NULL, NULL, NULL, NULL, NULL, 406, 327),
(3348, '2023-08-03', '16092', 'LEGEND FOR MEN COL DEO 100ML', '33072010', '5405', '65,90', '3,00', '0.00', '0.00', '197.00', '0.00', '0.00', '0', '0', 1, NULL, NULL, NULL, NULL, NULL, 406, 327),
(3349, '2023-08-03', '17203', 'Catalogo ciclo 07 e 08/23', '49111090', '5910', '3,31', '1,00', '0.00', '0.00', '3.00', '0.00', '0.00', '0', '0', 1, NULL, NULL, NULL, NULL, NULL, 406, 327),
(3350, '2023-08-03', '16656', 'ADORISSE COLONIA DES 50ML', '33072010', '5405', '68,90', '3,00', '0.00', '0.00', '206.00', '0.00', '0.00', '0', '0', 1, NULL, NULL, NULL, NULL, NULL, 407, 386);
INSERT INTO `produtos` (`id`, `data`, `codigo`, `nome`, `ncm`, `cfop`, `un`, `qtd`, `valor_uni`, `bc_icms`, `valor_prod`, `valor_icms`, `valor_ipi`, `icms`, `ipi`, `categorias_id`, `barra`, `descricao`, `valor_venda`, `status`, `foto`, `notafiscal_id`, `destinatario_id`) VALUES
(3351, '2023-08-03', '16092', 'LEGEND FOR MEN COL DEO 100ML', '33072010', '5405', '65,90', '3,00', '0.00', '0.00', '197.00', '0.00', '0.00', '0', '0', 1, NULL, NULL, NULL, NULL, NULL, 407, 386),
(3352, '2023-08-03', '17203', 'Catalogo ciclo 07 e 08/23', '49111090', '5910', '3,31', '1,00', '0.00', '0.00', '3.00', '0.00', '0.00', '0', '0', 1, NULL, NULL, NULL, NULL, NULL, 407, 386),
(3353, '2023-08-03', '11213', 'COL DES JF9 CHROME 100ML', '33072010', '5405', '65,94', '1,00', '0.00', '0.00', '65.00', '0.00', '0.00', '0', '0', 1, NULL, NULL, NULL, NULL, NULL, 408, 387),
(3354, '2023-08-03', '16091', 'SESTO SENSO COLONIA DESODORANT', '33072010', '5405', '59,94', '1,00', '0.00', '0.00', '59.00', '0.00', '0.00', '0', '0', 1, NULL, NULL, NULL, NULL, NULL, 408, 387),
(3355, '2023-08-03', '16092', 'LEGEND FOR MEN COL DEO 100ML', '33072010', '5405', '65,90', '2,00', '0.00', '0.00', '131.00', '0.00', '0.00', '0', '0', 1, NULL, NULL, NULL, NULL, NULL, 408, 387),
(3356, '2023-08-03', '16460', 'J-SPORT DEO COL 100ML', '33072010', '5405', '59,94', '1,00', '0.00', '0.00', '59.00', '0.00', '0.00', '0', '0', 1, NULL, NULL, NULL, NULL, NULL, 408, 387),
(3357, '2023-08-03', '17203', 'Catalogo ciclo 07 e 08/23', '49111090', '5910', '3,31', '1,00', '0.00', '0.00', '3.00', '0.00', '0.00', '0', '0', 1, NULL, NULL, NULL, NULL, NULL, 408, 387),
(3358, '2023-08-03', '16092', 'LEGEND FOR MEN COL DEO 100ML', '33072010', '5405', '65,90', '1,00', '0.00', '0.00', '65.00', '0.00', '0.00', '0', '0', 1, NULL, NULL, NULL, NULL, NULL, 409, 388),
(3359, '2023-08-03', '16658', 'ADORISSE PURE GOLD COLDES 50ML', '33072010', '5405', '77,94', '1,00', '0.00', '0.00', '77.00', '0.00', '0.00', '0', '0', 1, NULL, NULL, NULL, NULL, NULL, 409, 388),
(3360, '2023-08-03', '17125', 'JAFRA EAU D AROMES HOMME COLONIA  100 ML', '33030020', '5405', '95,40', '1,00', '0.00', '0.00', '95.00', '0.00', '0.00', '0', '0', 1, NULL, NULL, NULL, NULL, NULL, 409, 388),
(3361, '2023-08-03', '17165', 'Eau D Aromes Deo Colonia 100ml - Limited Edit', '33072010', '5405', '77,40', '1,00', '0.00', '0.00', '77.00', '0.00', '0.00', '0', '0', 1, NULL, NULL, NULL, NULL, NULL, 409, 388),
(3362, '2023-08-03', '16623', 'VESEN COL DESODORANTE NAC 50ML', '33072010', '5405', '77,40', '1,00', '0.00', '0.00', '77.00', '0.00', '0.00', '0', '0', 1, NULL, NULL, NULL, NULL, NULL, 409, 388),
(3363, '2023-08-03', '16459', 'VALFERRA.DEO COLONIA 100ML', '33072010', '5405', '38,97', '1,00', '0.00', '0.00', '38.00', '0.00', '0.00', '0', '0', 1, NULL, NULL, NULL, NULL, NULL, 409, 388),
(3364, '2023-08-03', '17003', 'J BROS SHOWER GEL 250ML', '34013000', '5405', '38,97', '1,00', '0.00', '0.00', '38.00', '0.00', '0.00', '0', '0', 1, NULL, NULL, NULL, NULL, NULL, 409, 388),
(3365, '2023-08-03', '17203', 'Catalogo ciclo 07 e 08/23', '49111090', '5910', '3,31', '1,00', '0.00', '0.00', '3.00', '0.00', '0.00', '0', '0', 1, NULL, NULL, NULL, NULL, NULL, 409, 388),
(3366, '2023-08-03', '16090', 'JF9 BLACK DEO COL 100ML', '33072010', '5405', '59,90', '3,00', '0.00', '0.00', '179.00', '0.00', '0.00', '0', '0', 1, NULL, NULL, NULL, NULL, NULL, 410, 389),
(3367, '2023-08-03', '16460', 'J-SPORT DEO COL 100ML', '33072010', '5405', '59,94', '3,00', '0.00', '0.00', '179.00', '0.00', '0.00', '0', '0', 1, NULL, NULL, NULL, NULL, NULL, 410, 389),
(3368, '2023-08-03', '17203', 'Catalogo ciclo 07 e 08/23', '49111090', '5910', '3,31', '1,00', '0.00', '0.00', '3.00', '0.00', '0.00', '0', '0', 1, NULL, NULL, NULL, NULL, NULL, 410, 389),
(3369, '2023-08-03', '16092', 'LEGEND FOR MEN COL DEO 100ML', '33072010', '5405', '65,90', '3,00', '0.00', '0.00', '197.00', '0.00', '0.00', '0', '0', 1, NULL, NULL, NULL, NULL, NULL, 411, 390),
(3370, '2023-08-03', '16090', 'JF9 BLACK DEO COL 100ML', '33072010', '5405', '59,90', '3,00', '0.00', '0.00', '179.00', '0.00', '0.00', '0', '0', 1, NULL, NULL, NULL, NULL, NULL, 411, 390),
(3371, '2023-08-03', '17203', 'Catalogo ciclo 07 e 08/23', '49111090', '5910', '3,31', '1,00', '0.00', '0.00', '3.00', '0.00', '0.00', '0', '0', 1, NULL, NULL, NULL, NULL, NULL, 411, 390),
(3372, '2023-08-03', '16656', 'ADORISSE COLONIA DES 50ML', '33072010', '5405', '68,90', '3,00', '0.00', '0.00', '206.00', '0.00', '0.00', '0', '0', 1, NULL, NULL, NULL, NULL, NULL, 412, 391),
(3373, '2023-08-03', '16092', 'LEGEND FOR MEN COL DEO 100ML', '33072010', '5405', '65,90', '3,00', '0.00', '0.00', '197.00', '0.00', '0.00', '0', '0', 1, NULL, NULL, NULL, NULL, NULL, 412, 391),
(3374, '2023-08-03', '17203', 'Catalogo ciclo 07 e 08/23', '49111090', '5910', '3,31', '1,00', '0.00', '0.00', '3.00', '0.00', '0.00', '0', '0', 1, NULL, NULL, NULL, NULL, NULL, 412, 391),
(3375, '2023-08-03', '16090', 'JF9 BLACK DEO COL 100ML', '33072010', '5405', '59,90', '3,00', '0.00', '0.00', '179.00', '0.00', '0.00', '0', '0', 1, NULL, NULL, NULL, NULL, NULL, 413, 392),
(3376, '2023-08-03', '16092', 'LEGEND FOR MEN COL DEO 100ML', '33072010', '5405', '38,67', '1,00', '0.00', '0.00', '38.00', '0.00', '0.00', '0', '0', 1, NULL, NULL, NULL, NULL, NULL, 413, 392),
(3377, '2023-08-03', '17070', 'Sabonete Legend 4 sabonetes de 40gr', '34011190', '5405', '38,67', '1,00', '0.00', '0.00', '38.00', '0.00', '0.00', '0', '0', 1, NULL, NULL, NULL, NULL, NULL, 413, 392),
(3378, '2023-08-03', '11213', 'COL DES JF9 CHROME 100ML', '33072010', '5405', '65,94', '3,00', '0.00', '0.00', '197.00', '0.00', '0.00', '0', '0', 1, NULL, NULL, NULL, NULL, NULL, 413, 392),
(3379, '2023-08-03', '17203', 'Catalogo ciclo 07 e 08/23', '49111090', '5910', '3,31', '1,00', '0.00', '0.00', '3.00', '0.00', '0.00', '0', '0', 1, NULL, NULL, NULL, NULL, NULL, 413, 392),
(3380, '2023-08-03', '16092', 'LEGEND FOR MEN COL DEO 100ML', '33072010', '5405', '38,67', '3,00', '0.00', '0.00', '116.00', '0.00', '0.00', '0', '0', 1, NULL, NULL, NULL, NULL, NULL, 414, 393),
(3381, '2023-08-03', '17070', 'Sabonete Legend 4 sabonetes de 40gr', '34011190', '5405', '38,67', '3,00', '0.00', '0.00', '116.00', '0.00', '0.00', '0', '0', 1, NULL, NULL, NULL, NULL, NULL, 414, 393),
(3382, '2023-08-03', '16658', 'ADORISSE PURE GOLD COLDES 50ML', '33072010', '5405', '77,94', '1,00', '0.00', '0.00', '77.00', '0.00', '0.00', '0', '0', 1, NULL, NULL, NULL, NULL, NULL, 414, 393),
(3383, '2023-08-03', '17091', 'Base Always Amplo Espectro FPS 15 SOFT IVORY', '33049990', '5405', '19,90', '1,00', '0.00', '0.00', '19.00', '0.00', '0.00', '0', '0', 1, NULL, NULL, NULL, NULL, NULL, 414, 393),
(3384, '2023-08-03', '17203', 'Catalogo ciclo 07 e 08/23', '49111090', '5910', '3,31', '1,00', '0.00', '0.00', '3.00', '0.00', '0.00', '0', '0', 1, NULL, NULL, NULL, NULL, NULL, 414, 393),
(3385, '2023-08-03', '84777', 'LEGEND HERO COL DES 100ML', '33072010', '5405', '71,34', '1,00', '0.00', '0.00', '71.00', '0.00', '0.00', '0', '0', 1, NULL, NULL, NULL, NULL, NULL, 415, 394),
(3386, '2023-08-03', '16656', 'ADORISSE COLONIA DES 50ML', '33072010', '5405', '99,00', '1,00', '0.00', '0.00', '99.00', '0.00', '0.00', '0', '0', 1, NULL, NULL, NULL, NULL, NULL, 415, 394),
(3387, '2023-08-03', '16092', 'LEGEND FOR MEN COL DEO 100ML', '33072010', '5405', '65,90', '3,00', '0.00', '0.00', '197.00', '0.00', '0.00', '0', '0', 1, NULL, NULL, NULL, NULL, NULL, 415, 394),
(3388, '2023-08-03', '16090', 'JF9 BLACK DEO COL 100ML', '33072010', '5405', '59,90', '1,00', '0.00', '0.00', '59.00', '0.00', '0.00', '0', '0', 1, NULL, NULL, NULL, NULL, NULL, 415, 394),
(3389, '2023-08-03', '17016', 'ROYAL BOOST  CREME FACIAL HIDRATANTE 50ML', '33049910', '5910', '5,89', '1,00', '0.00', '0.00', '5.00', '0.00', '0.00', '0', '0', 1, NULL, NULL, NULL, NULL, NULL, 415, 394),
(3390, '2023-08-03', '17203', 'Catalogo ciclo 07 e 08/23', '49111090', '5910', '3,31', '1,00', '0.00', '0.00', '3.00', '0.00', '0.00', '0', '0', 1, NULL, NULL, NULL, NULL, NULL, 415, 394),
(3391, '2023-08-03', '16092', 'LEGEND FOR MEN COL DEO 100ML', '33072010', '5405', '38,67', '3,00', '0.00', '0.00', '116.00', '0.00', '0.00', '0', '0', 1, NULL, NULL, NULL, NULL, NULL, 416, 395),
(3392, '2023-08-03', '17070', 'Sabonete Legend 4 sabonetes de 40gr', '34011190', '5405', '38,67', '3,00', '0.00', '0.00', '116.00', '0.00', '0.00', '0', '0', 1, NULL, NULL, NULL, NULL, NULL, 416, 395),
(3393, '2023-08-03', '77385', 'DELINEADOR PARA OS OLHOS BLACK 1g', '33042010', '5405', '29,40', '1,00', '0.00', '0.00', '29.00', '0.00', '0.00', '0', '0', 1, NULL, NULL, NULL, NULL, NULL, 416, 395),
(3394, '2023-08-03', '16090', 'JF9 BLACK DEO COL 100ML', '33072010', '5405', '59,90', '2,00', '0.00', '0.00', '119.00', '0.00', '0.00', '0', '0', 1, NULL, NULL, NULL, NULL, NULL, 416, 395),
(3395, '2023-08-03', '17137', 'Sabonetes Gardenia (4 sabonetes em forma de f', '34011190', '5405', '12,90', '2,00', '0.00', '0.00', '25.00', '0.00', '0.00', '0', '0', 1, NULL, NULL, NULL, NULL, NULL, 416, 395),
(3396, '2023-08-03', '16091', 'SESTO SENSO COLONIA DESODORANT', '33072010', '5405', '59,94', '2,00', '0.00', '0.00', '119.00', '0.00', '0.00', '0', '0', 1, NULL, NULL, NULL, NULL, NULL, 416, 395),
(3397, '2023-08-03', '4366', 'Diamonds BLUSH 50ML', '33072010', '5405', '65,94', '1,00', '0.00', '0.00', '65.00', '0.00', '0.00', '0', '0', 1, NULL, NULL, NULL, NULL, NULL, 416, 395),
(3398, '2023-08-03', '84777', 'LEGEND HERO COL DES 100ML', '33072010', '5405', '71,34', '1,00', '0.00', '0.00', '71.00', '0.00', '0.00', '0', '0', 1, NULL, NULL, NULL, NULL, NULL, 416, 395),
(3399, '2023-08-03', '17165', 'Eau D Aromes Deo Colonia 100ml - Limited Edit', '33072010', '5405', '77,40', '1,00', '0.00', '0.00', '77.00', '0.00', '0.00', '0', '0', 1, NULL, NULL, NULL, NULL, NULL, 416, 395),
(3400, '2023-08-03', '17053', 'VESEN BODY LOTION', '33072090', '5405', '33,00', '2,00', '0.00', '0.00', '66.00', '0.00', '0.00', '0', '0', 1, NULL, NULL, NULL, NULL, NULL, 416, 395),
(3401, '2023-08-03', '16623', 'VESEN COL DESODORANTE NAC 50ML', '33072010', '5405', '77,40', '1,00', '0.00', '0.00', '77.00', '0.00', '0.00', '0', '0', 1, NULL, NULL, NULL, NULL, NULL, 416, 395),
(3402, '2023-08-03', '16459', 'VALFERRA.DEO COLONIA 100ML', '33072010', '5405', '38,97', '1,00', '0.00', '0.00', '38.00', '0.00', '0.00', '0', '0', 1, NULL, NULL, NULL, NULL, NULL, 416, 395),
(3403, '2023-08-03', '17003', 'J BROS SHOWER GEL 250ML', '34013000', '5405', '38,97', '1,00', '0.00', '0.00', '38.00', '0.00', '0.00', '0', '0', 1, NULL, NULL, NULL, NULL, NULL, 416, 395),
(3404, '2023-08-03', '11465', 'BLUSH EM PO PLUM ROSE', '33049100', '5405', '18,90', '1,00', '0.00', '0.00', '18.00', '0.00', '0.00', '0', '0', 1, NULL, NULL, NULL, NULL, NULL, 416, 395),
(3405, '2023-08-03', '17094', 'Base Always Amplo Espectro FPS 15 NATURAL', '33049990', '5405', '29,90', '1,00', '0.00', '0.00', '29.00', '0.00', '0.00', '0', '0', 1, NULL, NULL, NULL, NULL, NULL, 416, 395),
(3406, '2023-08-03', '17096', 'Base Always Amplo Espectro FPS 15  BISQUE', '33049990', '5405', '29,90', '1,00', '0.00', '0.00', '29.00', '0.00', '0.00', '0', '0', 1, NULL, NULL, NULL, NULL, NULL, 416, 395),
(3407, '2023-08-03', '17203', 'Catalogo ciclo 07 e 08/23', '49111090', '5910', '3,31', '1,00', '0.00', '0.00', '3.00', '0.00', '0.00', '0', '0', 1, NULL, NULL, NULL, NULL, NULL, 416, 395),
(3408, '2023-08-03', '16656', 'ADORISSE COLONIA DES 50ML', '33072010', '5405', '68,90', '3,00', '0.00', '0.00', '206.00', '0.00', '0.00', '0', '0', 1, NULL, NULL, NULL, NULL, NULL, 417, 396),
(3409, '2023-08-03', '16092', 'LEGEND FOR MEN COL DEO 100ML', '33072010', '5405', '65,90', '1,00', '0.00', '0.00', '65.00', '0.00', '0.00', '0', '0', 1, NULL, NULL, NULL, NULL, NULL, 417, 396),
(3410, '2023-08-03', '17017', 'ROYAL BOOST MASCARA HIDRATANTE EM GEL  50ML', '33049990', '5405', '28,90', '1,00', '0.00', '0.00', '28.00', '0.00', '0.00', '0', '0', 1, NULL, NULL, NULL, NULL, NULL, 417, 396),
(3411, '2023-08-03', '17203', 'Catalogo ciclo 07 e 08/23', '49111090', '5910', '3,31', '1,00', '0.00', '0.00', '3.00', '0.00', '0.00', '0', '0', 1, NULL, NULL, NULL, NULL, NULL, 417, 396),
(3412, '2023-08-03', '16090', 'JF9 BLACK DEO COL 100ML', '33072010', '5405', '59,90', '2,00', '0.00', '0.00', '119.00', '0.00', '0.00', '0', '0', 1, NULL, NULL, NULL, NULL, NULL, 418, 397),
(3413, '2023-08-03', '17137', 'Sabonetes Gardenia (4 sabonetes em forma de f', '34011190', '5405', '12,90', '3,00', '0.00', '0.00', '38.00', '0.00', '0.00', '0', '0', 1, NULL, NULL, NULL, NULL, NULL, 418, 397),
(3414, '2023-08-03', '16092', 'LEGEND FOR MEN COL DEO 100ML', '33072010', '5405', '38,67', '3,00', '0.00', '0.00', '116.00', '0.00', '0.00', '0', '0', 1, NULL, NULL, NULL, NULL, NULL, 418, 397),
(3415, '2023-08-03', '17070', 'Sabonete Legend 4 sabonetes de 40gr', '34011190', '5405', '38,67', '3,00', '0.00', '0.00', '116.00', '0.00', '0.00', '0', '0', 1, NULL, NULL, NULL, NULL, NULL, 418, 397),
(3416, '2023-08-03', '17203', 'Catalogo ciclo 07 e 08/23', '49111090', '5910', '3,31', '1,00', '0.00', '0.00', '3.00', '0.00', '0.00', '0', '0', 1, NULL, NULL, NULL, NULL, NULL, 418, 397),
(3417, '2023-08-03', '16092', 'LEGEND FOR MEN COL DEO 100ML', '33072010', '5405', '38,67', '3,00', '0.00', '0.00', '116.00', '0.00', '0.00', '0', '0', 1, NULL, NULL, NULL, NULL, NULL, 419, 398),
(3418, '2023-08-03', '17070', 'Sabonete Legend 4 sabonetes de 40gr', '34011190', '5405', '38,67', '3,00', '0.00', '0.00', '116.00', '0.00', '0.00', '0', '0', 1, NULL, NULL, NULL, NULL, NULL, 419, 398),
(3419, '2023-08-03', '16091', 'SESTO SENSO COLONIA DESODORANT', '33072010', '5405', '59,94', '1,00', '0.00', '0.00', '59.00', '0.00', '0.00', '0', '0', 1, NULL, NULL, NULL, NULL, NULL, 419, 398),
(3420, '2023-08-03', '16789', 'PULSEIRA ADORISSE NATAL16', '71171900', '5102', '6,90', '1,00', '0.00', '0.00', '6.00', '0.00', '0.00', '0', '0', 1, NULL, NULL, NULL, NULL, NULL, 419, 398),
(3421, '2023-08-03', '17203', 'Catalogo ciclo 07 e 08/23', '49111090', '5910', '3,31', '1,00', '0.00', '0.00', '3.00', '0.00', '0.00', '0', '0', 1, NULL, NULL, NULL, NULL, NULL, 419, 398),
(3422, '2023-08-03', '16090', 'JF9 BLACK DEO COL 100ML', '33072010', '5405', '59,90', '3,00', '0.00', '0.00', '179.00', '0.00', '0.00', '0', '0', 1, NULL, NULL, NULL, NULL, NULL, 420, 399),
(3423, '2023-08-03', '16091', 'SESTO SENSO COLONIA DESODORANT', '33072010', '5405', '59,94', '3,00', '0.00', '0.00', '179.00', '0.00', '0.00', '0', '0', 1, NULL, NULL, NULL, NULL, NULL, 420, 399),
(3424, '2023-08-03', '17141', 'Kit 14 Amostras Fragrancias Femininas 2,5ml', '33072010', '5405', '26,90', '1,00', '0.00', '0.00', '26.00', '0.00', '0.00', '0', '0', 1, NULL, NULL, NULL, NULL, NULL, 420, 399),
(3425, '2023-08-03', '17083', 'Kit 11 Amostras Fragrancias Masculinas 2,5ml', '33072010', '5405', '19,90', '1,00', '0.00', '0.00', '19.00', '0.00', '0.00', '0', '0', 1, NULL, NULL, NULL, NULL, NULL, 420, 399),
(3426, '2023-08-03', '17203', 'Catalogo ciclo 07 e 08/23', '49111090', '5910', '3,31', '1,00', '0.00', '0.00', '3.00', '0.00', '0.00', '0', '0', 1, NULL, NULL, NULL, NULL, NULL, 420, 399),
(3427, '2023-08-03', '16092', 'LEGEND FOR MEN COL DEO 100ML', '33072010', '5405', '65,90', '3,00', '0.00', '0.00', '197.00', '0.00', '0.00', '0', '0', 1, NULL, NULL, NULL, NULL, NULL, 421, 400),
(3428, '2023-08-03', '16656', 'ADORISSE COLONIA DES 50ML', '33072010', '5405', '68,90', '3,00', '0.00', '0.00', '206.00', '0.00', '0.00', '0', '0', 1, NULL, NULL, NULL, NULL, NULL, 421, 400),
(3429, '2023-08-03', '17203', 'Catalogo ciclo 07 e 08/23', '49111090', '5910', '3,31', '1,00', '0.00', '0.00', '3.00', '0.00', '0.00', '0', '0', 1, NULL, NULL, NULL, NULL, NULL, 421, 400),
(3430, '2023-08-03', '16092', 'LEGEND FOR MEN COL DEO 100ML', '33072010', '5405', '65,90', '3,00', '0.00', '0.00', '197.00', '0.00', '0.00', '0', '0', 1, NULL, NULL, NULL, NULL, NULL, 422, 401),
(3431, '2023-08-03', '16460', 'J-SPORT DEO COL 100ML', '33072010', '5405', '59,94', '1,00', '0.00', '0.00', '59.00', '0.00', '0.00', '0', '0', 1, NULL, NULL, NULL, NULL, NULL, 422, 401),
(3432, '2023-08-03', '16091', 'SESTO SENSO COLONIA DESODORANT', '33072010', '5405', '59,94', '1,00', '0.00', '0.00', '59.00', '0.00', '0.00', '0', '0', 1, NULL, NULL, NULL, NULL, NULL, 422, 401),
(3433, '2023-08-03', '17016', 'ROYAL BOOST  CREME FACIAL HIDRATANTE 50ML', '33049910', '5910', '5,89', '1,00', '0.00', '0.00', '5.00', '0.00', '0.00', '0', '0', 1, NULL, NULL, NULL, NULL, NULL, 422, 401),
(3434, '2023-08-03', '17203', 'Catalogo ciclo 07 e 08/23', '49111090', '5910', '3,31', '1,00', '0.00', '0.00', '3.00', '0.00', '0.00', '0', '0', 1, NULL, NULL, NULL, NULL, NULL, 422, 401),
(3435, '2023-08-03', '16656', 'ADORISSE COLONIA DES 50ML', '33072010', '5405', '68,90', '3,00', '0.00', '0.00', '206.00', '0.00', '0.00', '0', '0', 1, NULL, NULL, NULL, NULL, NULL, 423, 402),
(3436, '2023-08-03', '17017', 'ROYAL BOOST MASCARA HIDRATANTE EM GEL  50ML', '33049990', '5405', '28,90', '1,00', '0.00', '0.00', '28.00', '0.00', '0.00', '0', '0', 1, NULL, NULL, NULL, NULL, NULL, 423, 402),
(3437, '2023-08-03', '16091', 'SESTO SENSO COLONIA DESODORANT', '33072010', '5405', '59,94', '1,00', '0.00', '0.00', '59.00', '0.00', '0.00', '0', '0', 1, NULL, NULL, NULL, NULL, NULL, 423, 402),
(3438, '2023-08-03', '17165', 'Eau D Aromes Deo Colonia 100ml - Limited Edit', '33072010', '5405', '77,40', '1,00', '0.00', '0.00', '77.00', '0.00', '0.00', '0', '0', 1, NULL, NULL, NULL, NULL, NULL, 423, 402),
(3439, '2023-08-03', '16092', 'LEGEND FOR MEN COL DEO 100ML', '33072010', '5405', '65,90', '2,00', '0.00', '0.00', '131.00', '0.00', '0.00', '0', '0', 1, NULL, NULL, NULL, NULL, NULL, 423, 402),
(3440, '2023-08-03', '17044', 'COLONIA ABSOLUTE LEATHER', '33030020', '5910', '19,79', '1,00', '0.00', '0.00', '19.00', '0.00', '0.00', '0', '0', 1, NULL, NULL, NULL, NULL, NULL, 423, 402),
(3441, '2023-08-03', '17203', 'Catalogo ciclo 07 e 08/23', '49111090', '5910', '3,31', '1,00', '0.00', '0.00', '3.00', '0.00', '0.00', '0', '0', 1, NULL, NULL, NULL, NULL, NULL, 423, 402),
(3442, '2023-08-03', '17090', 'Adorisse Passion Colonia 50 ml', '33030020', '5405', '77,94', '1,00', '0.00', '0.00', '77.00', '0.00', '0.00', '0', '0', 1, NULL, NULL, NULL, NULL, NULL, 424, 403),
(3443, '2023-08-03', '17165', 'Eau D Aromes Deo Colonia 100ml - Limited Edit', '33072010', '5405', '77,40', '1,00', '0.00', '0.00', '77.00', '0.00', '0.00', '0', '0', 1, NULL, NULL, NULL, NULL, NULL, 424, 403),
(3444, '2023-08-03', '11437', 'VESEN LIFE DES COL 50ML BR', '33072010', '5405', '77,40', '1,00', '0.00', '0.00', '77.00', '0.00', '0.00', '0', '0', 1, NULL, NULL, NULL, NULL, NULL, 424, 403),
(3445, '2023-08-03', '16090', 'JF9 BLACK DEO COL 100ML', '33072010', '5405', '59,90', '1,00', '0.00', '0.00', '59.00', '0.00', '0.00', '0', '0', 1, NULL, NULL, NULL, NULL, NULL, 424, 403),
(3446, '2023-08-03', '16460', 'J-SPORT DEO COL 100ML', '33072010', '5405', '59,94', '1,00', '0.00', '0.00', '59.00', '0.00', '0.00', '0', '0', 1, NULL, NULL, NULL, NULL, NULL, 424, 403),
(3447, '2023-08-03', '17016', 'ROYAL BOOST  CREME FACIAL HIDRATANTE 50ML', '33049910', '5910', '5,89', '1,00', '0.00', '0.00', '5.00', '0.00', '0.00', '0', '0', 1, NULL, NULL, NULL, NULL, NULL, 424, 403),
(3448, '2023-08-03', '17203', 'Catalogo ciclo 07 e 08/23', '49111090', '5910', '3,31', '1,00', '0.00', '0.00', '3.00', '0.00', '0.00', '0', '0', 1, NULL, NULL, NULL, NULL, NULL, 424, 403),
(3449, '2023-08-03', '16090', 'JF9 BLACK DEO COL 100ML', '33072010', '5405', '59,90', '3,00', '0.00', '0.00', '179.00', '0.00', '0.00', '0', '0', 1, NULL, NULL, NULL, NULL, NULL, 425, 404),
(3450, '2023-08-03', '16460', 'J-SPORT DEO COL 100ML', '33072010', '5405', '59,94', '2,00', '0.00', '0.00', '119.00', '0.00', '0.00', '0', '0', 1, NULL, NULL, NULL, NULL, NULL, 425, 404),
(3451, '2023-08-03', '17144', 'SPA POWER UP LOCAO CORPORAL HIDRATANTE REVIGO', '33072010', '5405', '53,40', '1,00', '0.00', '0.00', '53.00', '0.00', '0.00', '0', '0', 1, NULL, NULL, NULL, NULL, NULL, 425, 404),
(3452, '2023-08-03', '17203', 'Catalogo ciclo 07 e 08/23', '49111090', '5910', '3,31', '1,00', '0.00', '0.00', '3.00', '0.00', '0.00', '0', '0', 1, NULL, NULL, NULL, NULL, NULL, 425, 404),
(3453, '2023-08-03', '16092', 'LEGEND FOR MEN COL DEO 100ML', '33072010', '5405', '38,67', '6,00', '0.00', '0.00', '232.00', '0.00', '0.00', '0', '0', 1, NULL, NULL, NULL, NULL, NULL, 426, 405),
(3454, '2023-08-03', '17070', 'Sabonete Legend 4 sabonetes de 40gr', '34011190', '5405', '38,67', '6,00', '0.00', '0.00', '232.00', '0.00', '0.00', '0', '0', 1, NULL, NULL, NULL, NULL, NULL, 426, 405),
(3455, '2023-08-03', '16090', 'JF9 BLACK DEO COL 100ML', '33072010', '5405', '59,90', '3,00', '0.00', '0.00', '179.00', '0.00', '0.00', '0', '0', 1, NULL, NULL, NULL, NULL, NULL, 426, 405),
(3456, '2023-08-03', '17203', 'Catalogo ciclo 07 e 08/23', '49111090', '5910', '3,31', '1,00', '0.00', '0.00', '3.00', '0.00', '0.00', '0', '0', 1, NULL, NULL, NULL, NULL, NULL, 426, 405),
(3457, '2023-08-03', '16623', 'VESEN COL DESODORANTE NAC 50ML', '33072010', '5405', '77,40', '1,00', '0.00', '0.00', '77.00', '0.00', '0.00', '0', '0', 1, NULL, NULL, NULL, NULL, NULL, 427, 406),
(3458, '2023-08-03', '16092', 'LEGEND FOR MEN COL DEO 100ML', '33072010', '5405', '65,90', '3,00', '0.00', '0.00', '197.00', '0.00', '0.00', '0', '0', 1, NULL, NULL, NULL, NULL, NULL, 427, 406),
(3459, '2023-08-03', '17054', 'JAFRA ROYAL BATOM MATTE CHIPOTLE', '33041000', '5405', '46,14', '1,00', '0.00', '0.00', '46.00', '0.00', '0.00', '0', '0', 1, NULL, NULL, NULL, NULL, NULL, 427, 406),
(3460, '2023-08-03', '17203', 'Catalogo ciclo 07 e 08/23', '49111090', '5910', '3,31', '1,00', '0.00', '0.00', '3.00', '0.00', '0.00', '0', '0', 1, NULL, NULL, NULL, NULL, NULL, 427, 406),
(3461, '2023-08-03', '16092', 'LEGEND FOR MEN COL DEO 100ML', '33072010', '5405', '38,67', '3,00', '0.00', '0.00', '116.00', '0.00', '0.00', '0', '0', 1, NULL, NULL, NULL, NULL, NULL, 428, 407),
(3462, '2023-08-03', '17070', 'Sabonete Legend 4 sabonetes de 40gr', '34011190', '5405', '38,67', '3,00', '0.00', '0.00', '116.00', '0.00', '0.00', '0', '0', 1, NULL, NULL, NULL, NULL, NULL, 428, 407),
(3463, '2023-08-03', '16656', 'ADORISSE COLONIA DES 50ML', '33072010', '5405', '68,90', '2,00', '0.00', '0.00', '137.00', '0.00', '0.00', '0', '0', 1, NULL, NULL, NULL, NULL, NULL, 428, 407),
(3464, '2023-08-03', '17203', 'Catalogo ciclo 07 e 08/23', '49111090', '5910', '3,31', '1,00', '0.00', '0.00', '3.00', '0.00', '0.00', '0', '0', 1, NULL, NULL, NULL, NULL, NULL, 428, 407),
(3465, '2023-08-03', '16090', 'JF9 BLACK DEO COL 100ML', '33072010', '5405', '59,90', '3,00', '0.00', '0.00', '179.00', '0.00', '0.00', '0', '0', 1, NULL, NULL, NULL, NULL, NULL, 429, 408),
(3466, '2023-08-03', '16091', 'SESTO SENSO COLONIA DESODORANT', '33072010', '5405', '59,94', '1,00', '0.00', '0.00', '59.00', '0.00', '0.00', '0', '0', 1, NULL, NULL, NULL, NULL, NULL, 429, 408),
(3467, '2023-08-03', '17167', 'Hidratacao Regeneradora - Shampoo 240 ml', '33051000', '5405', '41,94', '1,00', '0.00', '0.00', '41.00', '0.00', '0.00', '0', '0', 1, NULL, NULL, NULL, NULL, NULL, 429, 408),
(3468, '2023-08-03', '17016', 'ROYAL BOOST  CREME FACIAL HIDRATANTE 50ML', '33049910', '5405', '23,94', '1,00', '0.00', '0.00', '23.00', '0.00', '0.00', '0', '0', 1, NULL, NULL, NULL, NULL, NULL, 429, 408),
(3469, '2023-08-03', '17203', 'Catalogo ciclo 07 e 08/23', '49111090', '5910', '3,31', '1,00', '0.00', '0.00', '3.00', '0.00', '0.00', '0', '0', 1, NULL, NULL, NULL, NULL, NULL, 429, 408),
(3470, '2023-08-03', '16092', 'LEGEND FOR MEN COL DEO 100ML', '33072010', '5405', '65,90', '3,00', '0.00', '0.00', '197.00', '0.00', '0.00', '0', '0', 1, NULL, NULL, NULL, NULL, NULL, 430, 409),
(3471, '2023-08-03', '16090', 'JF9 BLACK DEO COL 100ML', '33072010', '5405', '59,90', '3,00', '0.00', '0.00', '179.00', '0.00', '0.00', '0', '0', 1, NULL, NULL, NULL, NULL, NULL, 430, 409),
(3472, '2023-08-03', '17203', 'Catalogo ciclo 07 e 08/23', '49111090', '5910', '3,31', '1,00', '0.00', '0.00', '3.00', '0.00', '0.00', '0', '0', 1, NULL, NULL, NULL, NULL, NULL, 430, 409),
(3473, '2023-08-03', '16092', 'LEGEND FOR MEN COL DEO 100ML', '33072010', '5405', '65,90', '3,00', '0.00', '0.00', '197.00', '0.00', '0.00', '0', '0', 1, NULL, NULL, NULL, NULL, NULL, 431, 410),
(3474, '2023-08-03', '16091', 'SESTO SENSO COLONIA DESODORANT', '33072010', '5405', '59,94', '1,00', '0.00', '0.00', '59.00', '0.00', '0.00', '0', '0', 1, NULL, NULL, NULL, NULL, NULL, 431, 410),
(3475, '2023-08-03', '16090', 'JF9 BLACK DEO COL 100ML', '33072010', '5405', '59,90', '2,00', '0.00', '0.00', '119.00', '0.00', '0.00', '0', '0', 1, NULL, NULL, NULL, NULL, NULL, 431, 410),
(3476, '2023-08-03', '16092', 'LEGEND FOR MEN COL DEO 100ML', '33072010', '5405', '38,67', '2,00', '0.00', '0.00', '77.00', '0.00', '0.00', '0', '0', 1, NULL, NULL, NULL, NULL, NULL, 431, 410),
(3477, '2023-08-03', '17070', 'Sabonete Legend 4 sabonetes de 40gr', '34011190', '5405', '38,67', '2,00', '0.00', '0.00', '77.00', '0.00', '0.00', '0', '0', 1, NULL, NULL, NULL, NULL, NULL, 431, 410),
(3478, '2023-08-03', '17203', 'Catalogo ciclo 07 e 08/23', '49111090', '5910', '3,31', '1,00', '0.00', '0.00', '3.00', '0.00', '0.00', '0', '0', 1, NULL, NULL, NULL, NULL, NULL, 431, 410),
(3479, '2023-08-03', '16090', 'JF9 BLACK DEO COL 100ML', '33072010', '5405', '59,90', '2,00', '0.00', '0.00', '119.00', '0.00', '0.00', '0', '0', 1, NULL, NULL, NULL, NULL, NULL, 432, 411),
(3480, '2023-08-03', '16092', 'LEGEND FOR MEN COL DEO 100ML', '33072010', '5405', '65,90', '3,00', '0.00', '0.00', '197.00', '0.00', '0.00', '0', '0', 1, NULL, NULL, NULL, NULL, NULL, 432, 411),
(3481, '2023-08-03', '16092', 'LEGEND FOR MEN COL DEO 100ML', '33072010', '5405', '38,67', '3,00', '0.00', '0.00', '116.00', '0.00', '0.00', '0', '0', 1, NULL, NULL, NULL, NULL, NULL, 432, 411),
(3482, '2023-08-03', '17070', 'Sabonete Legend 4 sabonetes de 40gr', '34011190', '5405', '38,67', '3,00', '0.00', '0.00', '116.00', '0.00', '0.00', '0', '0', 1, NULL, NULL, NULL, NULL, NULL, 432, 411),
(3483, '2023-08-03', '17203', 'Catalogo ciclo 07 e 08/23', '49111090', '5910', '3,31', '1,00', '0.00', '0.00', '3.00', '0.00', '0.00', '0', '0', 1, NULL, NULL, NULL, NULL, NULL, 432, 411),
(3484, '2023-08-03', '16656', 'ADORISSE COLONIA DES 50ML', '33072010', '5405', '68,90', '3,00', '0.00', '0.00', '206.00', '0.00', '0.00', '0', '0', 1, NULL, NULL, NULL, NULL, NULL, 433, 412),
(3485, '2023-08-03', '16091', 'SESTO SENSO COLONIA DESODORANT', '33072010', '5405', '59,94', '3,00', '0.00', '0.00', '179.00', '0.00', '0.00', '0', '0', 1, NULL, NULL, NULL, NULL, NULL, 433, 412),
(3486, '2023-08-03', '16092', 'LEGEND FOR MEN COL DEO 100ML', '33072010', '5405', '65,90', '3,00', '0.00', '0.00', '197.00', '0.00', '0.00', '0', '0', 1, NULL, NULL, NULL, NULL, NULL, 433, 412),
(3487, '2023-08-03', '18000', 'Embalagem Presenteavel Colmeia Roxa', '48195000', '5102', '2,90', '1,00', '0.00', '0.00', '2.00', '0.00', '0.00', '0', '0', 1, NULL, NULL, NULL, NULL, NULL, 433, 412),
(3488, '2023-08-03', '4645', 'PARIS ET MOI DEO PARFUM 50ML', '33072010', '5405', '103,20', '1,00', '0.00', '0.00', '103.00', '0.00', '0.00', '0', '0', 1, NULL, NULL, NULL, NULL, NULL, 433, 412),
(3489, '2023-08-03', '17203', 'Catalogo ciclo 07 e 08/23', '49111090', '5910', '3,31', '1,00', '0.00', '0.00', '3.00', '0.00', '0.00', '0', '0', 1, NULL, NULL, NULL, NULL, NULL, 433, 412),
(3490, '2023-08-03', '16090', 'JF9 BLACK DEO COL 100ML', '33072010', '5405', '59,90', '3,00', '0.00', '0.00', '179.00', '0.00', '0.00', '0', '0', 1, NULL, NULL, NULL, NULL, NULL, 434, 413),
(3491, '2023-08-03', '4340', 'BATOM MATTE LOVE AFFAIR 4G', '33041000', '5405', '27,54', '1,00', '0.00', '0.00', '27.00', '0.00', '0.00', '0', '0', 1, NULL, NULL, NULL, NULL, NULL, 434, 413),
(3492, '2023-08-03', '11466', 'MAQUIAGEM FAC PO 2 EM 1 BEIGE', '33049990', '5405', '63,90', '1,00', '0.00', '0.00', '63.00', '0.00', '0.00', '0', '0', 1, NULL, NULL, NULL, NULL, NULL, 434, 413),
(3493, '2023-08-03', '17078', 'Batom Cobertura Total Very Berry', '33041000', '5405', '27,54', '1,00', '0.00', '0.00', '27.00', '0.00', '0.00', '0', '0', 1, NULL, NULL, NULL, NULL, NULL, 434, 413),
(3494, '2023-08-03', '18000', 'Embalagem Presenteavel Colmeia Roxa', '48195000', '5102', '2,90', '1,00', '0.00', '0.00', '2.00', '0.00', '0.00', '0', '0', 1, NULL, NULL, NULL, NULL, NULL, 434, 413),
(3495, '2023-08-03', '17167', 'Hidratacao Regeneradora - Shampoo 240 ml', '33051000', '5910', '7,92', '1,00', '0.00', '0.00', '7.00', '0.00', '0.00', '0', '0', 1, NULL, NULL, NULL, NULL, NULL, 434, 413),
(3496, '2023-08-03', '17203', 'Catalogo ciclo 07 e 08/23', '49111090', '5910', '3,31', '1,00', '0.00', '0.00', '3.00', '0.00', '0.00', '0', '0', 1, NULL, NULL, NULL, NULL, NULL, 434, 413),
(3497, '2023-08-03', '16090', 'JF9 BLACK DEO COL 100ML', '33072010', '5405', '59,90', '3,00', '0.00', '0.00', '179.00', '0.00', '0.00', '0', '0', 1, NULL, NULL, NULL, NULL, NULL, 435, 414),
(3498, '2023-08-03', '16092', 'LEGEND FOR MEN COL DEO 100ML', '33072010', '5405', '65,90', '3,00', '0.00', '0.00', '197.00', '0.00', '0.00', '0', '0', 1, NULL, NULL, NULL, NULL, NULL, 435, 414),
(3499, '2023-08-03', '16088', 'ROYAL JELLY SABONETE 5 UNID', '34011190', '5405', '29,94', '3,00', '0.00', '0.00', '89.00', '0.00', '0.00', '0', '0', 1, NULL, NULL, NULL, NULL, NULL, 435, 414),
(3500, '2023-08-03', '17203', 'Catalogo ciclo 07 e 08/23', '49111090', '5910', '1,66', '2,00', '0.00', '0.00', '3.00', '0.00', '0.00', '0', '0', 1, NULL, NULL, NULL, NULL, NULL, 435, 414),
(3501, '2023-08-03', '17067', 'Royal Almond Sabonetes', '34011190', '5405', '23,94', '1,00', '0.00', '0.00', '23.00', '0.00', '0.00', '0', '0', 1, NULL, NULL, NULL, NULL, NULL, 436, 415),
(3502, '2023-08-03', '17165', 'Eau D Aromes Deo Colonia 100ml - Limited Edit', '33072010', '5405', '77,40', '2,00', '0.00', '0.00', '154.00', '0.00', '0.00', '0', '0', 1, NULL, NULL, NULL, NULL, NULL, 436, 415),
(3503, '2023-08-03', '16757', 'ADORISSE VELVET COL DES 50ML', '33072010', '5405', '99,00', '1,00', '0.00', '0.00', '99.00', '0.00', '0.00', '0', '0', 1, NULL, NULL, NULL, NULL, NULL, 436, 415),
(3504, '2023-08-03', '16092', 'LEGEND FOR MEN COL DEO 100ML', '33072010', '5405', '38,67', '2,00', '0.00', '0.00', '77.00', '0.00', '0.00', '0', '0', 1, NULL, NULL, NULL, NULL, NULL, 436, 415),
(3505, '2023-08-03', '17070', 'Sabonete Legend 4 sabonetes de 40gr', '34011190', '5405', '38,67', '2,00', '0.00', '0.00', '77.00', '0.00', '0.00', '0', '0', 1, NULL, NULL, NULL, NULL, NULL, 436, 415),
(3506, '2023-08-03', '17083', 'Kit 11 Amostras Fragrancias Masculinas 2,5ml', '33072010', '5405', '19,90', '1,00', '0.00', '0.00', '19.00', '0.00', '0.00', '0', '0', 1, NULL, NULL, NULL, NULL, NULL, 436, 415),
(3507, '2023-08-03', '17141', 'Kit 14 Amostras Fragrancias Femininas 2,5ml', '33072010', '5405', '26,90', '1,00', '0.00', '0.00', '26.00', '0.00', '0.00', '0', '0', 1, NULL, NULL, NULL, NULL, NULL, 436, 415),
(3508, '2023-08-03', '17203', 'Catalogo ciclo 07 e 08/23', '49111090', '5910', '3,31', '1,00', '0.00', '0.00', '3.00', '0.00', '0.00', '0', '0', 1, NULL, NULL, NULL, NULL, NULL, 436, 415),
(3509, '2023-08-03', '17120', 'InsideSkin with Royal Jelly', '21069030', '5102', '59,94', '2,00', '0.00', '0.00', '119.00', '0.00', '0.00', '0', '0', 1, NULL, NULL, NULL, NULL, NULL, 437, 416),
(3510, '2023-08-03', '17118', 'InsideCor Omega 3 Suplemento Funcional de Ole', '21069030', '5102', '77,40', '1,00', '0.00', '0.00', '77.00', '0.00', '0.00', '0', '0', 1, NULL, NULL, NULL, NULL, NULL, 437, 416),
(3511, '2023-08-03', '16092', 'LEGEND FOR MEN COL DEO 100ML', '33072010', '5405', '65,90', '3,00', '0.00', '0.00', '197.00', '0.00', '0.00', '0', '0', 1, NULL, NULL, NULL, NULL, NULL, 437, 416),
(3512, '2023-08-03', '16090', 'JF9 BLACK DEO COL 100ML', '33072010', '5405', '59,90', '3,00', '0.00', '0.00', '179.00', '0.00', '0.00', '0', '0', 1, NULL, NULL, NULL, NULL, NULL, 437, 416),
(3513, '2023-08-03', '17203', 'Catalogo ciclo 07 e 08/23', '49111090', '5910', '3,31', '1,00', '0.00', '0.00', '3.00', '0.00', '0.00', '0', '0', 1, NULL, NULL, NULL, NULL, NULL, 437, 416),
(3514, '2023-08-03', '16092', 'LEGEND FOR MEN COL DEO 100ML', '33072010', '5405', '65,90', '3,00', '0.00', '0.00', '197.00', '0.00', '0.00', '0', '0', 1, NULL, NULL, NULL, NULL, NULL, 438, 417),
(3515, '2023-08-03', '16090', 'JF9 BLACK DEO COL 100ML', '33072010', '5405', '59,90', '3,00', '0.00', '0.00', '179.00', '0.00', '0.00', '0', '0', 1, NULL, NULL, NULL, NULL, NULL, 438, 417),
(3516, '2023-08-03', '16650', 'JANDE COL DESODORANTE NAC 50ML', '33072010', '5405', '71,34', '1,00', '0.00', '0.00', '71.00', '0.00', '0.00', '0', '0', 1, NULL, NULL, NULL, NULL, NULL, 438, 417),
(3517, '2023-08-03', '16459', 'VALFERRA.DEO COLONIA 100ML', '33072010', '5405', '38,97', '1,00', '0.00', '0.00', '38.00', '0.00', '0.00', '0', '0', 1, NULL, NULL, NULL, NULL, NULL, 438, 417),
(3518, '2023-08-03', '17003', 'J BROS SHOWER GEL 250ML', '34013000', '5405', '38,97', '1,00', '0.00', '0.00', '38.00', '0.00', '0.00', '0', '0', 1, NULL, NULL, NULL, NULL, NULL, 438, 417),
(3519, '2023-08-03', '17203', 'Catalogo ciclo 07 e 08/23', '49111090', '5910', '3,31', '1,00', '0.00', '0.00', '3.00', '0.00', '0.00', '0', '0', 1, NULL, NULL, NULL, NULL, NULL, 438, 417),
(3520, '2023-08-03', '16459', 'VALFERRA.DEO COLONIA 100ML', '33072010', '5405', '38,97', '2,00', '0.00', '0.00', '77.00', '0.00', '0.00', '0', '0', 1, NULL, NULL, NULL, NULL, NULL, 439, 418),
(3521, '2023-08-03', '17003', 'J BROS SHOWER GEL 250ML', '34013000', '5405', '38,97', '2,00', '0.00', '0.00', '77.00', '0.00', '0.00', '0', '0', 1, NULL, NULL, NULL, NULL, NULL, 439, 418),
(3522, '2023-08-03', '16092', 'LEGEND FOR MEN COL DEO 100ML', '33072010', '5405', '65,90', '3,00', '0.00', '0.00', '197.00', '0.00', '0.00', '0', '0', 1, NULL, NULL, NULL, NULL, NULL, 439, 418),
(3523, '2023-08-03', '17203', 'Catalogo ciclo 07 e 08/23', '49111090', '5910', '3,31', '1,00', '0.00', '0.00', '3.00', '0.00', '0.00', '0', '0', 1, NULL, NULL, NULL, NULL, NULL, 439, 418),
(3524, '2023-08-03', '16656', 'ADORISSE COLONIA DES 50ML', '33072010', '5405', '68,90', '3,00', '0.00', '0.00', '206.00', '0.00', '0.00', '0', '0', 1, NULL, NULL, NULL, NULL, NULL, 440, 419),
(3525, '2023-08-03', '16092', 'LEGEND FOR MEN COL DEO 100ML', '33072010', '5405', '65,90', '2,00', '0.00', '0.00', '131.00', '0.00', '0.00', '0', '0', 1, NULL, NULL, NULL, NULL, NULL, 440, 419),
(3526, '2023-08-03', '17203', 'Catalogo ciclo 07 e 08/23', '49111090', '5910', '3,31', '1,00', '0.00', '0.00', '3.00', '0.00', '0.00', '0', '0', 1, NULL, NULL, NULL, NULL, NULL, 440, 419),
(3527, '2023-08-03', '16656', 'ADORISSE COLONIA DES 50ML', '33072010', '5405', '68,90', '3,00', '0.00', '0.00', '206.00', '0.00', '0.00', '0', '0', 1, NULL, NULL, NULL, NULL, NULL, 441, 420),
(3528, '2023-08-03', '16658', 'ADORISSE PURE GOLD COLDES 50ML', '33072010', '5405', '77,94', '1,00', '0.00', '0.00', '77.00', '0.00', '0.00', '0', '0', 1, NULL, NULL, NULL, NULL, NULL, 441, 420),
(3529, '2023-08-03', '16091', 'SESTO SENSO COLONIA DESODORANT', '33072010', '5405', '59,94', '1,00', '0.00', '0.00', '59.00', '0.00', '0.00', '0', '0', 1, NULL, NULL, NULL, NULL, NULL, 441, 420),
(3530, '2023-08-03', '16092', 'LEGEND FOR MEN COL DEO 100ML', '33072010', '5405', '65,90', '1,00', '0.00', '0.00', '65.00', '0.00', '0.00', '0', '0', 1, NULL, NULL, NULL, NULL, NULL, 441, 420),
(3531, '2023-08-03', '17016', 'ROYAL BOOST  CREME FACIAL HIDRATANTE 50ML', '33049910', '5910', '5,89', '1,00', '0.00', '0.00', '5.00', '0.00', '0.00', '0', '0', 1, NULL, NULL, NULL, NULL, NULL, 441, 420),
(3532, '2023-08-03', '17203', 'Catalogo ciclo 07 e 08/23', '49111090', '5910', '3,31', '1,00', '0.00', '0.00', '3.00', '0.00', '0.00', '0', '0', 1, NULL, NULL, NULL, NULL, NULL, 441, 420),
(3533, '2023-08-03', '17151', 'JAFRA DOUBLE NATURE SEXY COLONIA 50 ML', '33030020', '5405', '43,84', '1,00', '0.00', '0.00', '43.00', '0.00', '0.00', '0', '0', 1, NULL, NULL, NULL, NULL, NULL, 442, 421),
(3534, '2023-08-03', '17152', 'JAFRA DOUBLE NATURE TENDER COLONIA 50 ML', '33030020', '5405', '43,84', '1,00', '0.00', '0.00', '43.00', '0.00', '0.00', '0', '0', 1, NULL, NULL, NULL, NULL, NULL, 442, 421),
(3535, '2023-08-03', '17165', 'Eau D Aromes Deo Colonia 100ml - Limited Edit', '33072010', '5405', '43,84', '1,00', '0.00', '0.00', '43.00', '0.00', '0.00', '0', '0', 1, NULL, NULL, NULL, NULL, NULL, 442, 421),
(3536, '2023-08-03', '16091', 'SESTO SENSO COLONIA DESODORANT', '33072010', '5405', '59,94', '1,00', '0.00', '0.00', '59.00', '0.00', '0.00', '0', '0', 1, NULL, NULL, NULL, NULL, NULL, 442, 421),
(3537, '2023-08-03', '11213', 'COL DES JF9 CHROME 100ML', '33072010', '5405', '65,94', '1,00', '0.00', '0.00', '65.00', '0.00', '0.00', '0', '0', 1, NULL, NULL, NULL, NULL, NULL, 442, 421),
(3538, '2023-08-03', '17090', 'Adorisse Passion Colonia 50 ml', '33030020', '5405', '77,94', '1,00', '0.00', '0.00', '77.00', '0.00', '0.00', '0', '0', 1, NULL, NULL, NULL, NULL, NULL, 442, 421),
(3539, '2023-08-03', '17067', 'Royal Almond Sabonetes', '34011190', '5405', '23,94', '1,00', '0.00', '0.00', '23.00', '0.00', '0.00', '0', '0', 1, NULL, NULL, NULL, NULL, NULL, 442, 421),
(3540, '2023-08-03', '17203', 'Catalogo ciclo 07 e 08/23', '49111090', '5910', '3,31', '1,00', '0.00', '0.00', '3.00', '0.00', '0.00', '0', '0', 1, NULL, NULL, NULL, NULL, NULL, 442, 421),
(3541, '2023-08-03', '16459', 'VALFERRA.DEO COLONIA 100ML', '33072010', '5405', '38,97', '2,00', '0.00', '0.00', '77.00', '0.00', '0.00', '0', '0', 1, NULL, NULL, NULL, NULL, NULL, 443, 422),
(3542, '2023-08-03', '17003', 'J BROS SHOWER GEL 250ML', '34013000', '5405', '38,97', '2,00', '0.00', '0.00', '77.00', '0.00', '0.00', '0', '0', 1, NULL, NULL, NULL, NULL, NULL, 443, 422),
(3543, '2023-08-03', '16092', 'LEGEND FOR MEN COL DEO 100ML', '33072010', '5405', '65,90', '1,00', '0.00', '0.00', '65.00', '0.00', '0.00', '0', '0', 1, NULL, NULL, NULL, NULL, NULL, 443, 422),
(3544, '2023-08-03', '16090', 'JF9 BLACK DEO COL 100ML', '33072010', '5405', '59,90', '1,00', '0.00', '0.00', '59.00', '0.00', '0.00', '0', '0', 1, NULL, NULL, NULL, NULL, NULL, 443, 422),
(3545, '2023-08-03', '16667', 'YITSU COL DES NAC 100ML', '33072010', '5405', '95,40', '1,00', '0.00', '0.00', '95.00', '0.00', '0.00', '0', '0', 1, NULL, NULL, NULL, NULL, NULL, 443, 422),
(3546, '2023-08-03', '47730', 'NAVIGO HOMME DEO COL 100ML', '33072010', '5405', '113,40', '1,00', '0.00', '0.00', '113.00', '0.00', '0.00', '0', '0', 1, NULL, NULL, NULL, NULL, NULL, 443, 422),
(3547, '2023-08-03', '17203', 'Catalogo ciclo 07 e 08/23', '49111090', '5910', '3,31', '1,00', '0.00', '0.00', '3.00', '0.00', '0.00', '0', '0', 1, NULL, NULL, NULL, NULL, NULL, 443, 422),
(3548, '2023-08-03', '16092', 'LEGEND FOR MEN COL DEO 100ML', '33072010', '5405', '38,67', '3,00', '0.00', '0.00', '116.00', '0.00', '0.00', '0', '0', 1, NULL, NULL, NULL, NULL, NULL, 444, 423),
(3549, '2023-08-03', '17070', 'Sabonete Legend 4 sabonetes de 40gr', '34011190', '5405', '38,67', '3,00', '0.00', '0.00', '116.00', '0.00', '0.00', '0', '0', 1, NULL, NULL, NULL, NULL, NULL, 444, 423),
(3550, '2023-08-03', '16092', 'LEGEND FOR MEN COL DEO 100ML', '33072010', '5405', '65,90', '2,00', '0.00', '0.00', '131.00', '0.00', '0.00', '0', '0', 1, NULL, NULL, NULL, NULL, NULL, 444, 423),
(3551, '2023-08-03', '17203', 'Catalogo ciclo 07 e 08/23', '49111090', '5910', '3,31', '1,00', '0.00', '0.00', '3.00', '0.00', '0.00', '0', '0', 1, NULL, NULL, NULL, NULL, NULL, 444, 423),
(3552, '2023-08-03', '16092', 'LEGEND FOR MEN COL DEO 100ML', '33072010', '5405', '38,67', '3,00', '0.00', '0.00', '116.00', '0.00', '0.00', '0', '0', 1, NULL, NULL, NULL, NULL, NULL, 445, 424),
(3553, '2023-08-03', '17070', 'Sabonete Legend 4 sabonetes de 40gr', '34011190', '5405', '38,67', '3,00', '0.00', '0.00', '116.00', '0.00', '0.00', '0', '0', 1, NULL, NULL, NULL, NULL, NULL, 445, 424),
(3554, '2023-08-03', '17001', 'J BROS BALM GEL LIMPEZA FACIAL 100ML', '34013000', '5405', '45,27', '1,00', '0.00', '0.00', '45.00', '0.00', '0.00', '0', '0', 1, NULL, NULL, NULL, NULL, NULL, 445, 424),
(3555, '2023-08-03', '17044', 'COLONIA ABSOLUTE LEATHER', '33030020', '5405', '45,27', '1,00', '0.00', '0.00', '45.00', '0.00', '0.00', '0', '0', 1, NULL, NULL, NULL, NULL, NULL, 445, 424),
(3556, '2023-08-03', '17203', 'Catalogo ciclo 07 e 08/23', '49111090', '5910', '3,31', '1,00', '0.00', '0.00', '3.00', '0.00', '0.00', '0', '0', 1, NULL, NULL, NULL, NULL, NULL, 445, 424),
(3557, '2023-08-03', '17167', 'Hidratacao Regeneradora - Shampoo 240 ml', '33051000', '5405', '41,94', '1,00', '0.00', '0.00', '41.00', '0.00', '0.00', '0', '0', 1, NULL, NULL, NULL, NULL, NULL, 446, 425),
(3558, '2023-08-03', '17168', 'Hidratacao Regeneradora - Condicionador 240 m', '33059000', '5405', '47,94', '1,00', '0.00', '0.00', '47.00', '0.00', '0.00', '0', '0', 1, NULL, NULL, NULL, NULL, NULL, 446, 425),
(3559, '2023-08-03', '17169', 'Hidratacao Regeneradora - Ampola Autoaquecida', '33059000', '5405', '29,94', '1,00', '0.00', '0.00', '29.00', '0.00', '0.00', '0', '0', 1, NULL, NULL, NULL, NULL, NULL, 446, 425),
(3560, '2023-08-03', '17170', 'Hidratacao Regeneradora - Mascara 240 ml', '33059000', '5405', '53,94', '1,00', '0.00', '0.00', '53.00', '0.00', '0.00', '0', '0', 1, NULL, NULL, NULL, NULL, NULL, 446, 425),
(3561, '2023-08-03', '17171', 'Power Oil - Hair Booster Baobab 30 ml', '33059000', '5405', '71,94', '1,00', '0.00', '0.00', '71.00', '0.00', '0.00', '0', '0', 1, NULL, NULL, NULL, NULL, NULL, 446, 425),
(3562, '2023-08-03', '16092', 'LEGEND FOR MEN COL DEO 100ML', '33072010', '5405', '65,90', '3,00', '0.00', '0.00', '197.00', '0.00', '0.00', '0', '0', 1, NULL, NULL, NULL, NULL, NULL, 446, 425),
(3563, '2023-08-03', '17203', 'Catalogo ciclo 07 e 08/23', '49111090', '5910', '1,10', '3,00', '0.00', '0.00', '3.00', '0.00', '0.00', '0', '0', 1, NULL, NULL, NULL, NULL, NULL, 446, 425),
(3564, '2023-08-03', '16459', 'VALFERRA.DEO COLONIA 100ML', '33072010', '5405', '38,97', '1,00', '0.00', '0.00', '38.00', '0.00', '0.00', '0', '0', 1, NULL, NULL, NULL, NULL, NULL, 447, 426),
(3565, '2023-08-03', '17003', 'J BROS SHOWER GEL 250ML', '34013000', '5405', '38,97', '1,00', '0.00', '0.00', '38.00', '0.00', '0.00', '0', '0', 1, NULL, NULL, NULL, NULL, NULL, 447, 426),
(3566, '2023-08-03', '16460', 'J-SPORT DEO COL 100ML', '33072010', '5405', '59,94', '1,00', '0.00', '0.00', '59.00', '0.00', '0.00', '0', '0', 1, NULL, NULL, NULL, NULL, NULL, 447, 426),
(3567, '2023-08-03', '16092', 'LEGEND FOR MEN COL DEO 100ML', '33072010', '5405', '38,67', '1,00', '0.00', '0.00', '38.00', '0.00', '0.00', '0', '0', 1, NULL, NULL, NULL, NULL, NULL, 447, 426),
(3568, '2023-08-03', '17070', 'Sabonete Legend 4 sabonetes de 40gr', '34011190', '5405', '38,67', '1,00', '0.00', '0.00', '38.00', '0.00', '0.00', '0', '0', 1, NULL, NULL, NULL, NULL, NULL, 447, 426),
(3569, '2023-08-03', '17151', 'JAFRA DOUBLE NATURE SEXY COLONIA 50 ML', '33030020', '5405', '43,84', '1,00', '0.00', '0.00', '43.00', '0.00', '0.00', '0', '0', 1, NULL, NULL, NULL, NULL, NULL, 447, 426),
(3570, '2023-08-03', '17152', 'JAFRA DOUBLE NATURE TENDER COLONIA 50 ML', '33030020', '5405', '43,84', '1,00', '0.00', '0.00', '43.00', '0.00', '0.00', '0', '0', 1, NULL, NULL, NULL, NULL, NULL, 447, 426),
(3571, '2023-08-03', '17165', 'Eau D Aromes Deo Colonia 100ml - Limited Edit', '33072010', '5405', '43,84', '1,00', '0.00', '0.00', '43.00', '0.00', '0.00', '0', '0', 1, NULL, NULL, NULL, NULL, NULL, 447, 426),
(3572, '2023-08-03', '16091', 'SESTO SENSO COLONIA DESODORANT', '33072010', '5405', '59,94', '1,00', '0.00', '0.00', '59.00', '0.00', '0.00', '0', '0', 1, NULL, NULL, NULL, NULL, NULL, 447, 426),
(3573, '2023-08-03', '17067', 'Royal Almond Sabonetes', '34011190', '5405', '23,94', '1,00', '0.00', '0.00', '23.00', '0.00', '0.00', '0', '0', 1, NULL, NULL, NULL, NULL, NULL, 447, 426),
(3574, '2023-08-03', '17142', 'SPA POWER DOWN LOCAO CORPORAL HIDRATANTE RELA', '33072010', '5405', '44,94', '1,00', '0.00', '0.00', '44.00', '0.00', '0.00', '0', '0', 1, NULL, NULL, NULL, NULL, NULL, 447, 426),
(3575, '2023-08-03', '17203', 'Catalogo ciclo 07 e 08/23', '49111090', '5910', '3,31', '1,00', '0.00', '0.00', '3.00', '0.00', '0.00', '0', '0', 1, NULL, NULL, NULL, NULL, NULL, 447, 426),
(3576, '2023-08-03', '16092', 'LEGEND FOR MEN COL DEO 100ML', '33072010', '5405', '38,67', '6,00', '0.00', '0.00', '232.00', '0.00', '0.00', '0', '0', 1, NULL, NULL, NULL, NULL, NULL, 448, 427),
(3577, '2023-08-03', '17070', 'Sabonete Legend 4 sabonetes de 40gr', '34011190', '5405', '38,67', '6,00', '0.00', '0.00', '232.00', '0.00', '0.00', '0', '0', 1, NULL, NULL, NULL, NULL, NULL, 448, 427),
(3578, '2023-08-03', '16091', 'SESTO SENSO COLONIA DESODORANT', '33072010', '5405', '59,94', '2,00', '0.00', '0.00', '119.00', '0.00', '0.00', '0', '0', 1, NULL, NULL, NULL, NULL, NULL, 448, 427),
(3579, '2023-08-03', '17165', 'Eau D Aromes Deo Colonia 100ml - Limited Edit', '33072010', '5405', '77,40', '2,00', '0.00', '0.00', '154.00', '0.00', '0.00', '0', '0', 1, NULL, NULL, NULL, NULL, NULL, 448, 427),
(3580, '2023-08-03', '17203', 'Catalogo ciclo 07 e 08/23', '49111090', '5910', '3,31', '1,00', '0.00', '0.00', '3.00', '0.00', '0.00', '0', '0', 1, NULL, NULL, NULL, NULL, NULL, 448, 427),
(3581, '2023-08-03', '17151', 'JAFRA DOUBLE NATURE SEXY COLONIA 50 ML', '33030020', '5405', '43,84', '3,00', '0.00', '0.00', '131.00', '0.00', '0.00', '0', '0', 1, NULL, NULL, NULL, NULL, NULL, 449, 428),
(3582, '2023-08-03', '17152', 'JAFRA DOUBLE NATURE TENDER COLONIA 50 ML', '33030020', '5405', '43,84', '3,00', '0.00', '0.00', '131.00', '0.00', '0.00', '0', '0', 1, NULL, NULL, NULL, NULL, NULL, 449, 428),
(3583, '2023-08-03', '17165', 'Eau D Aromes Deo Colonia 100ml - Limited Edit', '33072010', '5405', '43,84', '3,00', '0.00', '0.00', '131.00', '0.00', '0.00', '0', '0', 1, NULL, NULL, NULL, NULL, NULL, 449, 428),
(3584, '2023-08-03', '11465', 'BLUSH EM PO PLUM ROSE', '33049100', '5405', '18,90', '1,00', '0.00', '0.00', '18.00', '0.00', '0.00', '0', '0', 1, NULL, NULL, NULL, NULL, NULL, 449, 428),
(3585, '2023-08-03', '17203', 'Catalogo ciclo 07 e 08/23', '49111090', '5910', '3,31', '1,00', '0.00', '0.00', '3.00', '0.00', '0.00', '0', '0', 1, NULL, NULL, NULL, NULL, NULL, 449, 428),
(3586, '2023-08-03', '16092', 'LEGEND FOR MEN COL DEO 100ML', '33072010', '5405', '65,90', '3,00', '0.00', '0.00', '197.00', '0.00', '0.00', '0', '0', 1, NULL, NULL, NULL, NULL, NULL, 450, 429),
(3587, '2023-08-03', '16090', 'JF9 BLACK DEO COL 100ML', '33072010', '5405', '59,90', '1,00', '0.00', '0.00', '59.00', '0.00', '0.00', '0', '0', 1, NULL, NULL, NULL, NULL, NULL, 450, 429),
(3588, '2023-08-03', '16092', 'LEGEND FOR MEN COL DEO 100ML', '33072010', '5405', '38,67', '1,00', '0.00', '0.00', '38.00', '0.00', '0.00', '0', '0', 1, NULL, NULL, NULL, NULL, NULL, 450, 429),
(3589, '2023-08-03', '17070', 'Sabonete Legend 4 sabonetes de 40gr', '34011190', '5405', '38,67', '1,00', '0.00', '0.00', '38.00', '0.00', '0.00', '0', '0', 1, NULL, NULL, NULL, NULL, NULL, 450, 429),
(3590, '2023-08-03', '17203', 'Catalogo ciclo 07 e 08/23', '49111090', '5910', '1,66', '2,00', '0.00', '0.00', '3.00', '0.00', '0.00', '0', '0', 1, NULL, NULL, NULL, NULL, NULL, 450, 429),
(3591, '2023-08-03', '16460', 'J-SPORT DEO COL 100ML', '33072010', '5405', '59,94', '2,00', '0.00', '0.00', '119.00', '0.00', '0.00', '0', '0', 1, NULL, NULL, NULL, NULL, NULL, 451, 430),
(3592, '2023-08-03', '16092', 'LEGEND FOR MEN COL DEO 100ML', '33072010', '5405', '65,90', '3,00', '0.00', '0.00', '197.00', '0.00', '0.00', '0', '0', 1, NULL, NULL, NULL, NULL, NULL, 451, 430),
(3593, '2023-08-03', '16658', 'ADORISSE PURE GOLD COLDES 50ML', '33072010', '5405', '77,94', '1,00', '0.00', '0.00', '77.00', '0.00', '0.00', '0', '0', 1, NULL, NULL, NULL, NULL, NULL, 451, 430),
(3594, '2023-08-03', '16669', 'J SPORT XTREME COL DES NAC', '33072010', '5405', '42,87', '1,00', '0.00', '0.00', '42.00', '0.00', '0.00', '0', '0', 1, NULL, NULL, NULL, NULL, NULL, 451, 430),
(3595, '2023-08-03', '16996', 'J BROS BALM POS BARBA 100 ML', '33071000', '5405', '42,87', '1,00', '0.00', '0.00', '42.00', '0.00', '0.00', '0', '0', 1, NULL, NULL, NULL, NULL, NULL, 451, 430),
(3596, '2023-08-03', '17203', 'Catalogo ciclo 07 e 08/23', '49111090', '5910', '3,31', '1,00', '0.00', '0.00', '3.00', '0.00', '0.00', '0', '0', 1, NULL, NULL, NULL, NULL, NULL, 451, 430);

-- --------------------------------------------------------

--
-- Estrutura da tabela `receber`
--

CREATE TABLE `receber` (
  `id` int(11) NOT NULL,
  `data_inicio` date DEFAULT NULL,
  `data_fim` date DEFAULT NULL,
  `data` timestamp NULL DEFAULT current_timestamp(),
  `coleta` timestamp NULL DEFAULT NULL,
  `vencimento` timestamp NULL DEFAULT current_timestamp(),
  `qtd` int(11) DEFAULT NULL,
  `disponivel` int(11) DEFAULT NULL,
  `numero` varchar(45) DEFAULT NULL,
  `clientes_id` int(11) NOT NULL,
  `gaiolas_id` int(11) NOT NULL,
  `usuarios_id` int(11) NOT NULL,
  `servicos_id` int(11) NOT NULL,
  `setores_id` int(11) NOT NULL
) ENGINE=InnoDB DEFAULT CHARSET=utf8mb4;

--
-- Extraindo dados da tabela `receber`
--

INSERT INTO `receber` (`id`, `data_inicio`, `data_fim`, `data`, `coleta`, `vencimento`, `qtd`, `disponivel`, `numero`, `clientes_id`, `gaiolas_id`, `usuarios_id`, `servicos_id`, `setores_id`) VALUES
(1785, '2023-08-03', '2023-08-03', '2023-08-03 21:57:48', '2023-08-03 21:57:53', '2023-08-03 21:57:48', 2, 0, 'Remessa - fbbdc925', 25, 117, 4, 7, 1),
(1786, NULL, NULL, '2023-08-03 22:20:49', NULL, '2023-08-03 22:20:49', 32, 32, 'Remessa - 56fc9206', 25, 117, 4, 7, 1),
(1787, NULL, NULL, '2023-08-03 22:22:07', NULL, '2023-08-03 22:22:07', 101, 101, 'Remessa - c98d1c86', 25, 117, 4, 7, 1);

-- --------------------------------------------------------

--
-- Estrutura da tabela `regioes`
--

CREATE TABLE `regioes` (
  `id` int(11) NOT NULL,
  `nome` varchar(100) DEFAULT NULL
) ENGINE=InnoDB DEFAULT CHARSET=utf8mb4;

--
-- Extraindo dados da tabela `regioes`
--

INSERT INTO `regioes` (`id`, `nome`) VALUES
(74, 'GRANDE ILHA'),
(76, 'COCAIS'),
(77, 'LENÇÓIS'),
(78, 'CENTRAL'),
(79, 'BAIXADA'),
(80, 'CHAPADA'),
(81, 'SUL DO MARANHÃO');

-- --------------------------------------------------------

--
-- Estrutura da tabela `registros`
--

CREATE TABLE `registros` (
  `id` int(11) NOT NULL,
  `data` timestamp NULL DEFAULT current_timestamp(),
  `qtd` int(11) DEFAULT NULL,
  `usuarios_id` int(11) NOT NULL,
  `producao_id` int(11) NOT NULL
) ENGINE=InnoDB DEFAULT CHARSET=utf8mb4;

--
-- Extraindo dados da tabela `registros`
--

INSERT INTO `registros` (`id`, `data`, `qtd`, `usuarios_id`, `producao_id`) VALUES
(318, '2023-07-30 18:21:00', 1, 4, 318),
(319, '2023-07-30 18:28:29', 1, 4, 319),
(320, '2023-07-30 18:31:18', 1, 4, 320),
(321, '2023-07-30 18:31:53', 1, 4, 321),
(322, '2023-07-30 22:23:57', 1, 4, 322),
(323, '2023-07-30 22:31:03', 1, 4, 323),
(324, '2023-08-03 20:05:07', 1, 4, 324),
(325, '2023-08-03 20:41:10', 1, 4, 325),
(326, '2023-08-03 21:08:40', 1, 4, 326),
(327, '2023-08-03 21:09:05', 1, 4, 327),
(328, '2023-08-03 21:22:46', 1, 4, 328),
(329, '2023-08-03 21:50:12', 1, 4, 329),
(330, '2023-08-03 21:58:00', 1, 4, 330);

-- --------------------------------------------------------

--
-- Estrutura da tabela `retorno`
--

CREATE TABLE `retorno` (
  `id` int(11) NOT NULL,
  `data` datetime DEFAULT current_timestamp(),
  `qtd` int(11) DEFAULT NULL,
  `status` int(11) DEFAULT NULL,
  `entregadores_id` int(11) NOT NULL,
  `ocorrencias_id` int(11) NOT NULL,
  `tipo_id` int(11) NOT NULL,
  `producao_id` int(11) NOT NULL,
  `boletos_id` int(11) NOT NULL
) ENGINE=InnoDB DEFAULT CHARSET=utf8mb4;

-- --------------------------------------------------------

--
-- Estrutura da tabela `retorno_gaiola`
--

CREATE TABLE `retorno_gaiola` (
  `id` int(11) NOT NULL,
  `data` datetime DEFAULT current_timestamp(),
  `qtd` int(11) DEFAULT NULL,
  `status` int(11) DEFAULT NULL,
  `entregadores_id` int(11) NOT NULL,
  `ocorrencias_id` int(11) NOT NULL,
  `tipo_id` int(11) NOT NULL,
  `producao_id` int(11) NOT NULL
) ENGINE=InnoDB DEFAULT CHARSET=utf8mb4;

-- --------------------------------------------------------

--
-- Estrutura da tabela `rotas`
--

CREATE TABLE `rotas` (
  `id` int(11) NOT NULL,
  `data` timestamp NULL DEFAULT current_timestamp(),
  `nome` varchar(45) DEFAULT NULL,
  `regioes_id` int(11) NOT NULL,
  `gaiolas_id` int(11) NOT NULL
) ENGINE=InnoDB DEFAULT CHARSET=utf8mb4;

--
-- Extraindo dados da tabela `rotas`
--

INSERT INTO `rotas` (`id`, `data`, `nome`, `regioes_id`, `gaiolas_id`) VALUES
(13, '2022-02-04 22:48:05', 'ROTA 01 - PAÇO ', 74, 39),
(14, '2022-02-04 22:48:05', 'ROTA 02 - ELDORADO', 74, 40),
(15, '2022-02-04 22:48:05', 'ROTA 03 - RECANTO', 74, 41),
(16, '2022-02-04 22:48:05', 'ROTA 04 - VINHAIS', 74, 42),
(17, '2022-02-04 22:48:05', 'ROTA 05 - ANIL  ', 74, 43),
(18, '2022-02-04 22:48:05', 'ROTA 06 - VILA PALMEIRA', 74, 44),
(19, '2022-02-04 22:48:05', 'ROTA 07 - COROADINHO', 74, 45),
(20, '2022-02-04 22:48:05', 'ROTA 08 - SÃO FRANCISCO', 74, 46),
(21, '2022-02-04 22:48:05', 'ROTA 09 - PONTA DO FAROL', 74, 47),
(22, '2022-02-04 22:48:05', 'ROTA 10 - CIDADE OPERÁRIA', 74, 48),
(23, '2022-02-04 22:48:05', 'ROTA 100 - BACABAL', 76, 49),
(24, '2022-02-04 22:48:05', 'ROTA 101 - LAGO DA PEDRA', 76, 50),
(25, '2022-02-04 22:48:05', 'ROTA 102 - BARRA DO CORDA', 76, 51),
(26, '2022-02-04 22:48:05', 'ROTA 103 - COROATÁ', 76, 52),
(27, '2022-02-04 22:48:05', 'ROTA 104 - COLINAS', 76, 53),
(28, '2022-02-04 22:48:05', 'ROTA 105 - DOM PEDRO', 76, 54),
(29, '2022-02-04 22:48:05', 'ROTA 106 - PRES. DUTRA / TUMTUM', 76, 55),
(30, '2022-02-04 22:48:05', 'ROTA 107 - PEDREIRAS / TRIZIDELA', 76, 56),
(31, '2022-02-04 22:48:05', 'ROTA 108 - SÃO MATEUS', 76, 57),
(32, '2022-02-04 22:48:05', 'ROTA 109 - ROSÁRIO', 77, 58),
(33, '2022-02-04 22:48:05', 'ROTA 11 - COHATRAC ', 74, 59),
(34, '2022-02-04 22:48:05', 'Rota 110 - BARRERINHAS', 77, 60),
(35, '2022-02-04 22:48:05', 'ROTA 111 - ZÉ DOCA', 76, 61),
(36, '2022-02-04 22:48:05', 'ROTA 112 - SANTA INÊS/ PINDARÉ', 76, 62),
(37, '2022-02-04 22:48:05', 'ROTA 113 - SANTA LUZIA', 76, 63),
(38, '2022-02-04 22:48:05', 'ROTA 114 - VIANA / ARARI', 79, 64),
(39, '2022-02-04 22:48:05', 'ROTA 115 - SÃO BENTO', 79, 65),
(40, '2022-02-04 22:48:05', 'ROTA 116 - PINHEIRO', 79, 66),
(41, '2022-02-04 22:48:05', 'ROTA 117 - CURURUPU', 79, 67),
(42, '2022-02-04 22:48:05', 'ROTA 12 - LIBERDADE', 74, 68),
(43, '2022-02-04 22:48:05', 'ROTA 121 - CAROLINA/ESTREITO/GRAJAÚ/J.LISBOA/', 81, 69),
(44, '2022-02-04 22:48:05', 'ROTA 122 - IMPERATRIZ', 81, 70),
(45, '2022-02-04 22:48:05', 'ROTA 123 - BALSAS', 81, 71),
(46, '2022-02-04 22:48:05', 'ROTA 122 - IMPERATRIZ', 81, 70),
(47, '2022-02-04 22:48:05', 'ROTA 124 - AÇAILÂNDIA ', 81, 72),
(48, '2022-02-04 22:48:05', 'ROTA 13 - COHAB', 74, 73),
(49, '2022-02-04 22:48:05', 'ROTA 14 - ARAÇAGY', 74, 74),
(50, '2022-02-04 22:48:05', 'ROTA 15 - BR', 74, 75),
(51, '2022-02-04 22:48:05', 'ROTA 16 - SÃO CRISTÓVÃO', 74, 76),
(52, '2022-02-04 22:48:05', 'ROTA 17 - ANJO DA GUARDA', 74, 77),
(53, '2022-02-04 22:48:05', 'ROTA 18 - RENASCENÇA', 74, 78),
(54, '2022-02-04 22:48:05', 'ROTA 19 - TURU ', 74, 79),
(55, '2022-02-04 22:48:05', 'ROTA 20 - OLHO DÁGUA', 74, 80),
(56, '2022-02-04 22:48:05', 'ROTA 50 - CANTINHO DO CÉU ', 74, 81),
(57, '2022-02-04 22:48:05', 'ROTA 51 - DIVINÉIA', 74, 82),
(58, '2022-02-04 22:48:05', 'ROTA 52 - CENTRO', 74, 83),
(59, '2022-02-04 22:48:05', 'ROTA 53 - VILA EMBRATEL', 74, 84),
(60, '2022-02-04 22:48:05', 'ROTA 54 - TIRIRICAL', 74, 85),
(61, '2022-02-04 22:48:05', 'ROTA 55 - PONTA DA AREIA', 74, 86),
(62, '2022-02-04 22:48:05', 'ROTA 56 - FORQUILHA', 74, 87),
(63, '2022-02-04 22:48:05', 'ROTA 57 - CIDADE OLÍMPICA', 74, 88),
(64, '2022-02-04 22:48:05', 'ROTA 21 - SÃO JOSÉ DE RIBAMAR', 74, 89),
(66, '2022-02-22 16:44:38', 'ROTA 500 - ARLEAN', 74, 90),
(67, '2022-02-22 16:45:10', 'ROTA 501 - ANTONIO JOSE', 74, 91),
(68, '2022-02-22 16:45:32', 'ROTA 502 - JOSÉ CARLOS', 74, 92),
(69, '2022-02-22 16:50:13', 'ROTA 503 - GILMAR', 74, 93),
(70, '2022-02-22 16:52:44', 'ROTA 504 - VITAL', 74, 94),
(71, '2022-02-22 16:54:20', 'ROTA 505 - EDSON', 74, 95),
(72, '2022-02-22 16:55:02', 'ROTA 506 - ROBERTO', 74, 96),
(73, '2022-02-22 16:55:43', 'ROTA 507 - ANTONIO JOSE', 74, 97),
(74, '2022-02-22 16:58:44', 'ROTA 508 - DENILSON COSTA', 74, 98),
(75, '2022-02-22 16:59:23', 'ROTA 509 - NATAN', 74, 99),
(76, '2022-02-22 17:00:34', 'ROTA 510 - MARTINS', 74, 100),
(77, '2022-02-22 17:03:01', 'ROTA 511 - CLAUDENILSON', 74, 101),
(78, '2022-02-22 17:04:51', 'ROTA 512 - CARLINHOS', 74, 102),
(79, '2022-02-22 17:07:41', 'ROTA 513 - SERGIO', 74, 103),
(80, '2022-02-22 17:09:52', 'ROTA 514 - MAURO', 74, 104),
(81, '2022-02-22 17:11:06', 'ROTA 515 - WILLIAN', 74, 105),
(82, '2022-02-22 17:11:50', 'ROTA 516 - JAILSON', 74, 106),
(83, '2022-02-22 17:14:40', 'ROTA 517 - JORGE LUIS', 74, 107),
(84, '2022-02-22 17:15:37', 'ROTA 518 - CLODOALDO', 74, 108),
(85, '2022-02-22 17:17:31', 'ROTA 519 - ARAÇAGI - MARCOS FONSECA', 74, 109),
(86, '2022-02-22 17:19:33', 'ROTA 520 - DELNILSON BRANDÃO', 74, 110),
(87, '2022-02-22 17:36:02', 'ROTA 21 - RIBAMAR', 74, 111),
(88, '2022-02-22 17:37:25', 'ROTA 22 - SHOPPING', 74, 112),
(89, '2022-02-22 17:40:46', 'ROTA 118 - itapecuru', 79, 113),
(90, '2022-02-22 17:41:40', 'rota 119 - chapadinha', 80, 114),
(91, '2022-02-22 17:43:59', 'ROTA 120 - tutóia', 77, 115),
(92, '2022-06-10 11:42:17', 'rota - grande ilha', 74, 116),
(93, '2022-06-27 16:05:32', 'central de entregas', 74, 117),
(96, '2022-07-13 15:29:44', 'ROTA 58 - RAPOSA', 74, 118),
(97, '2022-07-13 15:29:57', 'ROTA 59 - COHAMA', 74, 119),
(98, '2022-07-13 15:55:07', 'ROTA 60 - MARACANÃ', 74, 120),
(99, '2022-12-07 14:11:56', 'ALTO DO TURU (ALGUMAS RUAS, TERRA LIVRE, RESI', 74, 39),
(100, '2022-12-07 14:30:04', 'AV SãO LUíS REI DE FRANçA (LA MAISON, GARVEN ', 74, 120),
(101, '2022-12-07 14:30:04', 'Av São Luís Rei de França (Posto Natureza a F', 74, 120),
(102, '2022-12-07 14:30:04', 'Av. Mario Andreazza - Olho D agua', 74, 120),
(103, '2022-12-07 14:30:04', 'Prado, Quadras 14 e 01, Nº 1000, 38, 34, 50 A', 74, 120),
(104, '2022-12-07 14:30:04', 'R Aririzal (Cond. Valencia I e II, Ariri, Bug', 74, 120),
(105, '2022-12-07 14:30:04', 'R do Aririzal ( Cond. Ferrazi, Madri, Ville, ', 74, 120),
(106, '2022-12-07 14:30:04', 'RECANTO TURU ', 74, 120),
(107, '2022-12-07 14:30:04', 'Rua 4 de Janeiro ( Cond. Quintas do sol)', 74, 120),
(108, '2022-12-07 14:30:04', 'Rua Euclides Bezerra( Cond. Infinit, Vilagio ', 74, 120),
(109, '2022-12-07 14:30:04', 'SOLAR DOS LUSITANOS', 74, 120),
(110, '2022-12-07 14:30:04', 'VILLAGE DO SOL NASCENTE, MARSOL, QUADRAS 63, ', 74, 120),
(111, '2022-12-07 14:30:04', 'Vivendas do Turu', 74, 120),
(112, '2022-12-07 14:30:04', 'Chácara Brasil', 74, 120),
(113, '2022-12-07 14:30:04', 'Cond. Porto Belo', 74, 120),
(114, '2022-12-07 14:30:04', 'Cond.Tupinamba ( Rua Carajas)', 74, 120),
(115, '2022-12-07 14:30:04', 'Habitacional Turu', 74, 120),
(116, '2022-12-07 14:30:04', 'Ipem Turu', 74, 120),
(117, '2022-12-07 14:30:04', 'Jardim Turu', 74, 120),
(118, '2022-12-07 14:30:04', 'Jd Atlântico', 74, 120),
(119, '2022-12-07 14:30:04', 'Jd Eldorado', 74, 120),
(120, '2022-12-07 14:30:04', 'Palmeiras II, D Italy', 74, 120),
(121, '2022-12-07 14:30:04', 'Parque São José', 74, 120),
(122, '2022-12-07 14:30:04', 'Parque Vitória', 74, 120),
(123, '2022-12-07 14:30:04', 'Planalto Turu', 74, 120),
(124, '2022-12-07 14:41:47', 'Alto do Calhau', 74, 89),
(125, '2022-12-07 14:41:47', 'Boa Morada', 74, 89),
(126, '2022-12-07 14:41:47', 'Alameda E ,Brisa ( Calhau)', 74, 89),
(127, '2022-12-07 14:41:47', 'Cohafuma', 74, 89),
(128, '2022-12-07 14:41:47', 'Conjunto dos Ipês', 74, 89),
(129, '2022-12-07 14:41:47', 'Curva do Noventa', 74, 89),
(130, '2022-12-07 14:41:47', 'Novo Tempo II', 74, 89),
(131, '2022-12-07 14:41:47', 'Quitandinha', 74, 89),
(132, '2022-12-07 14:41:47', 'Recanto dos Nobres', 74, 89),
(133, '2022-12-07 14:41:47', 'Recanto dos Vinhais', 74, 89),
(134, '2022-12-07 14:41:47', 'Resid. Vinhais', 74, 89),
(135, '2022-12-07 14:41:47', 'Vila 25 de Maio', 74, 89),
(136, '2022-12-07 14:41:47', 'Vila Progresso', 74, 89),
(137, '2022-12-07 14:41:47', 'Vinhais (obs.: da Rua 01 a 103)', 74, 89),
(138, '2022-12-07 14:57:12', 'Av dos Holandeses (Olho D Agua) Edifício Ceza', 74, 89),
(139, '2022-12-07 14:57:12', 'Av. Daniel de La Touche (uma parte) Cond. Gol', 74, 89),
(140, '2022-12-07 14:57:12', 'Cantinho do Céu', 74, 89),
(141, '2022-12-07 14:57:12', 'Cohajap', 74, 89),
(142, '2022-12-07 14:57:12', 'Cohajoli', 74, 89),
(143, '2022-12-07 14:57:12', 'Cohama', 74, 89),
(144, '2022-12-07 14:57:12', 'Cohaserma', 74, 89),
(145, '2022-12-07 14:57:12', 'Jd Bela Vista', 74, 89),
(146, '2022-12-07 14:57:12', 'Jd Coelho Neto', 74, 89),
(147, '2022-12-07 14:57:12', 'Jd. Sm I', 74, 89),
(148, '2022-12-07 14:57:12', 'Parque Atenas ', 74, 89),
(149, '2022-12-07 14:57:12', 'Vila Menino Jesus de Praga', 74, 89),
(150, '2022-12-07 14:57:12', 'Rua Euriupedes Bezerra (Cond Solar da Ilha, C', 74, 89),
(151, '2022-12-07 14:57:12', 'Rua Beta - Turu', 74, 89),
(152, '2022-12-07 14:57:12', 'Rua Alfa - Turu', 74, 89),
(153, '2022-12-07 14:57:12', 'Rua Ipanema, Res Parati - Turu', 74, 89),
(154, '2022-12-07 14:57:12', 'Parque Shalon', 74, 89),
(155, '2022-12-07 14:57:12', 'Pq Topazio', 74, 89),
(156, '2022-12-07 14:57:12', 'R Orquidea/Cohama)', 74, 89),
(157, '2022-12-07 14:57:12', 'Recanto Fialho', 74, 89),
(158, '2022-12-07 14:57:12', 'Res. São Domingos', 74, 89),
(159, '2022-12-07 14:57:12', 'Vicente Fialho', 74, 89),
(160, '2022-12-07 14:57:12', 'Vila 7 de Setembro', 74, 89),
(161, '2022-12-07 14:57:12', 'Vila Cruzado', 74, 89),
(162, '2022-12-07 14:57:12', 'Res. Pinheiro', 74, 89),
(163, '2022-12-07 14:57:12', 'R Boa Esperança  - Monte Castelo', 74, 89),
(164, '2022-12-07 14:57:12', 'Resid. Primavera -  Turu', 74, 89),
(165, '2022-12-07 14:57:12', 'Vila União', 74, 89),
(166, '2022-12-07 14:57:12', 'Rua PI', 74, 89),
(167, '2022-12-07 14:57:12', 'Res Primavera (Rua por Letra)', 74, 89),
(168, '2022-12-07 14:57:12', 'Planalto Vinhais I e II', 74, 89),
(169, '2022-12-07 14:57:12', 'Residencial Manoel Beckman', 74, 89),
(170, '2022-12-07 16:16:19', 'Av. São Luís Rei de França (obs. uma parte)', 74, 89),
(171, '2022-12-07 16:16:19', 'Barramar I e II', 74, 89),
(172, '2022-12-07 16:16:19', 'Calhau', 74, 89),
(173, '2022-12-07 16:16:19', 'Divinéia', 74, 89),
(174, '2022-12-07 16:16:19', 'Ipem Calhau', 74, 89),
(175, '2022-12-07 16:16:19', 'Jardim de Allah', 74, 89),
(176, '2022-12-07 16:16:19', 'Jardim Libanês', 74, 89),
(177, '2022-12-07 16:16:19', 'Jardim Paulista e Jardim América – Olho d Águ', 74, 89),
(178, '2022-12-07 16:16:19', 'Loteamento Alterosa', 74, 89),
(179, '2022-12-07 16:16:19', 'Olho d Água', 74, 89),
(180, '2022-12-07 16:16:19', 'Prq Atlântico (Av. Vale do Rio Pimenta, R Car', 74, 89),
(181, '2022-12-07 16:16:19', 'Sol e Mar', 74, 89),
(182, '2022-12-07 16:16:19', 'Vila Luizão', 74, 89),
(183, '2022-12-07 16:16:19', 'Quintas do Calhau', 74, 89),
(184, '2022-12-07 16:16:19', 'Alto do Calhau (Parque Lavardiere)', 74, 89),
(185, '2022-12-07 16:16:19', 'Multicenter SEBRAE, Jardins e Patio Jardins', 74, 89),
(186, '2022-12-07 16:16:19', 'Jardim Renascença - Rua Miquerinos', 74, 89),
(187, '2022-12-07 16:16:19', 'Rua Venus - Jardim Renascença I', 74, 89),
(188, '2022-12-07 16:16:19', 'Jardim Renascença - Rua Netuno', 74, 89),
(189, '2022-12-07 16:16:19', 'Jardim Renascença - Rua Jupiter', 74, 89),
(190, '2022-12-07 16:16:19', 'Jardim Renascença - Rua Marcelino Champagnat', 74, 89),
(191, '2022-12-07 16:16:19', 'Jardim Renascença - Rua Ararajubas', 74, 89),
(192, '2022-12-07 16:16:19', 'Prq Smithland', 74, 89),
(193, '2022-12-07 16:16:19', 'Av. Colares Moreira 01( Office Tower,2,3,7', 74, 89),
(194, '2022-12-07 16:16:19', 'R Canário/ Tv Canario', 74, 89),
(195, '2022-12-07 16:16:19', 'R Engenheiro Rui Mesquita', 74, 89),
(196, '2022-12-07 16:16:19', 'R Sericoras', 74, 89),
(197, '2022-12-07 16:32:46', 'AV. SãO LUIS REI DE FRANçA, 60,08,71,83, 75', 74, 89),
(198, '2022-12-07 16:32:46', 'Chácara Itapiracó', 74, 89),
(199, '2022-12-07 16:32:46', 'Cohab Anil I', 74, 89),
(200, '2022-12-07 16:32:46', 'Cohab Anil II', 74, 89),
(201, '2022-12-07 16:32:46', 'Cohab Anil III', 74, 89),
(202, '2022-12-07 16:32:46', 'Cohab Anil IV', 74, 89),
(203, '2022-12-07 16:32:46', 'Cohatrac II', 74, 89),
(204, '2022-12-07 16:32:46', 'Cohatrac III', 74, 89),
(205, '2022-12-07 16:32:46', 'Cohatrac IV', 74, 89),
(206, '2022-12-07 16:32:46', 'Cond. Itapiracó', 74, 89),
(207, '2022-12-07 16:32:46', 'Cond. Vilage dos Bosques I e II (Estr. de Rib', 74, 89),
(208, '2022-12-07 16:32:46', 'Forquilha - Resid Solar dos Encantos', 74, 89),
(209, '2022-12-07 16:32:46', 'Forquilha - Granada', 74, 89),
(210, '2022-12-07 16:32:46', 'Forquilha - Esmeralda', 74, 89),
(211, '2022-12-07 16:32:46', 'Forquilha - Parque Acácia', 74, 89),
(212, '2022-12-07 16:32:46', 'Forquilha - Pq Guanabara', 74, 89),
(213, '2022-12-07 16:32:46', 'Forquilha - Pq.Irapoa', 74, 89),
(214, '2022-12-07 16:32:46', 'Jardim de Fátima', 74, 89),
(215, '2022-12-07 16:32:46', 'Planalto Anil I, II e III', 74, 89),
(216, '2022-12-07 16:32:46', 'Planalto Anil IV (e todas as Travessas dos Pl', 74, 89),
(217, '2022-12-07 16:32:46', 'Planalto Pingão', 74, 89),
(218, '2022-12-07 16:32:46', 'Resid Antúrios', 74, 89),
(219, '2022-12-07 16:32:46', 'Samambaias', 74, 89),
(220, '2022-12-07 16:32:46', 'Magnólias', 74, 89),
(221, '2022-12-07 16:32:46', 'Begônias', 74, 89),
(222, '2022-12-07 16:32:46', 'Ipês', 74, 89),
(223, '2022-12-07 16:32:46', 'Manacás ', 74, 89),
(224, '2022-12-07 16:32:46', 'Parque das Bandeiras', 74, 89),
(225, '2022-12-07 16:32:46', 'Irapoa', 74, 89),
(226, '2022-12-07 16:44:09', 'João de Deus', 74, 89),
(227, '2022-12-07 16:44:09', 'Avenida Santos Dumont 80', 74, 89),
(228, '2022-12-07 16:44:09', 'Cohapan', 74, 89),
(229, '2022-12-07 16:44:09', 'Cohatrac  I  (obs. da rua A a U)', 74, 89),
(230, '2022-12-07 16:44:09', 'Cond. Solar das Hortencias e Girassol', 74, 89),
(231, '2022-12-07 16:44:09', 'Conj. Henrique de La Roque', 74, 89),
(232, '2022-12-07 16:44:09', 'Conjunto Dom Ricardo', 74, 89),
(233, '2022-12-07 16:44:09', 'Estrada da Maioba', 74, 89),
(234, '2022-12-07 16:44:09', 'Ipem São Cristovão', 74, 89),
(235, '2022-12-07 16:44:09', 'Itaguará I e II', 74, 89),
(236, '2022-12-07 16:44:09', 'Jardim Araçagy I', 74, 89),
(237, '2022-12-07 16:44:09', 'Jardim Araçagy II', 74, 89),
(238, '2022-12-07 16:44:09', 'Jardim São Cristovão', 74, 89),
(239, '2022-12-07 16:44:09', 'Novo Araçagy', 74, 89),
(240, '2022-12-07 16:44:09', 'Novo Cohatrac', 74, 89),
(241, '2022-12-07 16:44:09', 'Parque Aurora', 74, 89),
(242, '2022-12-07 16:44:09', 'Parque Sabiá', 74, 89),
(243, '2022-12-07 16:44:09', 'Parque Universitário', 74, 89),
(244, '2022-12-07 16:44:09', 'São Bernardo', 74, 89),
(245, '2022-12-07 16:44:09', 'Tirirical', 74, 89),
(246, '2022-12-07 16:44:09', 'Trizidela', 74, 89),
(247, '2022-12-07 16:44:09', 'Vila Brasil', 74, 89),
(248, '2022-12-07 16:44:09', 'Vilagio do Araçagy ', 74, 89),
(249, '2022-12-07 16:44:09', 'Village do Cohatrac V', 74, 89),
(250, '2022-12-07 16:44:09', 'Jardim das Margaridas (obs. mesmo Resid. Diam', 74, 89),
(251, '2022-12-07 16:44:09', 'Resid Primavera – Cohatrac (obs. ruas são por', 74, 89),
(252, '2022-12-07 16:55:58', 'Alto do Pinho', 74, 89),
(253, '2022-12-07 16:55:58', 'Anil', 74, 89),
(254, '2022-12-07 16:55:58', 'Aurora', 74, 89),
(255, '2022-12-07 16:55:58', 'Cj. Bom Clima', 74, 89),
(256, '2022-12-07 16:55:58', 'Cond. Fonte do Ribeirão (Estr. de Ribamar)', 74, 89),
(257, '2022-12-07 16:55:58', 'Conjunto Santos Dumont', 74, 89),
(258, '2022-12-07 16:55:58', 'Cruzeiro do Anil', 74, 89),
(259, '2022-12-07 16:55:58', 'Jardim Alvorada', 74, 89),
(260, '2022-12-07 16:55:58', 'Nova Aurora', 74, 89),
(261, '2022-12-07 16:55:58', 'Pão de Açúcar', 74, 89),
(262, '2022-12-07 16:55:58', 'Radional', 74, 89),
(263, '2022-12-07 16:55:58', 'Rancho Dom Luís', 74, 89),
(264, '2022-12-07 16:55:58', 'Santa Cruz ', 74, 89),
(265, '2022-12-07 16:55:58', 'Vera Cruz', 74, 89),
(266, '2022-12-07 16:55:58', 'Res João Alberto', 74, 89),
(267, '2022-12-07 16:59:06', 'Alameda dos Sonhos', 74, 89),
(268, '2022-12-07 16:59:06', 'Av. Edson Brandão', 74, 89),
(269, '2022-12-07 16:59:06', 'Conj. Cial', 74, 89),
(270, '2022-12-07 16:59:06', 'Conj. Jaguarema', 74, 89),
(271, '2022-12-07 16:59:06', 'Conj. São Paulo', 74, 89),
(272, '2022-12-07 16:59:06', 'Jardim São Paulo', 74, 89),
(273, '2022-12-07 16:59:06', 'Parque das Mangueiras', 74, 89),
(274, '2022-12-07 16:59:06', 'Parque La Ravardiere', 74, 89),
(275, '2022-12-07 16:59:06', 'Parque Sielândia', 74, 89),
(276, '2022-12-07 16:59:06', 'Pirapora', 74, 89),
(277, '2022-12-07 16:59:06', 'Resd. Canãa', 74, 89),
(278, '2022-12-07 16:59:06', 'Santo Antonio', 74, 89),
(279, '2022-12-07 16:59:06', 'Vila Lobão', 74, 89),
(280, '2022-12-07 16:59:06', 'Vila Roseana Sarney', 74, 89),
(281, '2022-12-07 17:24:37', 'Angelim', 74, 89),
(282, '2022-12-07 17:24:38', ' Novo Angelim', 74, 89),
(283, '2022-12-07 17:24:38', 'Ipem Angelim', 74, 89),
(284, '2022-12-07 17:24:38', 'Conjunto Parati', 74, 89),
(285, '2022-12-07 17:24:38', 'Bequimão', 74, 89),
(286, '2022-12-07 17:24:38', 'Cond. Bequimão', 74, 89),
(287, '2022-12-07 17:24:38', 'Ipase', 74, 89),
(288, '2022-12-07 17:24:38', 'Jardim SM 2', 74, 89),
(289, '2022-12-07 17:24:38', 'Maranhão Novo', 74, 89),
(290, '2022-12-07 17:24:38', 'Novo Tempo III', 74, 89),
(291, '2022-12-07 17:24:38', 'Rio Anil', 74, 89),
(292, '2022-12-07 17:24:38', 'Vila Palmeira', 74, 89),
(293, '2022-12-07 17:33:48', 'Conj. Yolanda Costa e Silva', 74, 89),
(294, '2022-12-07 17:33:48', 'Ivar Saldanha', 74, 89),
(295, '2022-12-07 17:33:48', 'Jordoa', 74, 89),
(296, '2022-12-07 17:33:48', 'Outeiro da Cruz', 74, 89),
(297, '2022-12-07 17:33:48', 'Resid. Novo Tempo I', 74, 89),
(298, '2022-12-07 17:33:48', 'Túnel do Sacavém', 74, 89),
(299, '2022-12-07 17:33:48', 'Coroado', 74, 89),
(300, '2022-12-07 17:33:48', 'Coheb Sacavém', 74, 89),
(301, '2022-12-07 17:33:48', 'Filipinho', 74, 89),
(302, '2022-12-07 17:33:48', 'Redenção', 74, 89),
(303, '2022-12-07 17:33:48', 'Sacavem', 74, 89),
(304, '2022-12-07 17:33:48', 'Salina do Sacavem', 74, 89),
(305, '2022-12-07 17:33:48', 'Sitio Leal', 74, 89),
(306, '2022-12-07 17:33:48', 'R Agostinho Reis - Monte Castelo', 74, 89),
(307, '2022-12-07 17:41:53', 'CasteloR Andrade- Monte Castelo', 74, 89),
(308, '2022-12-07 17:41:53', 'R Astolfo Marques- Monte Castelo', 74, 89),
(309, '2022-12-07 17:41:53', 'R Profº Ruben Goulart- Monte Castelo', 74, 89),
(310, '2022-12-07 17:41:53', 'R Vale Sobrinho- Monte Castelo', 74, 89),
(311, '2022-12-07 17:41:53', 'R Armando Vieira da Silva- Monte Castelo', 74, 89),
(312, '2022-12-07 17:41:53', 'R Eugenio de Barros/R Basson/Pc- Monte Castel', 74, 89),
(313, '2022-12-07 17:41:53', 'R Presidente Dutra- Monte Castelo', 74, 89),
(314, '2022-12-07 17:41:53', 'R Seroa da Mota- Monte Castelo', 74, 89),
(315, '2022-12-07 17:48:07', 'Bairro de Fátima', 74, 89),
(316, '2022-12-07 17:48:07', 'Bom Jesus', 74, 89),
(317, '2022-12-07 17:48:07', 'Coroadinho', 74, 89),
(318, '2022-12-07 17:48:07', 'Parque Amazonas', 74, 89),
(319, '2022-12-07 17:48:07', 'Parque Nobres', 74, 89),
(320, '2022-12-07 17:48:07', 'Parque Pindorama', 74, 89),
(321, '2022-12-07 17:48:07', 'Parque Timbiras', 74, 89),
(322, '2022-12-07 17:48:07', 'Prq. Nice Lobão', 74, 89),
(323, '2022-12-07 17:48:07', 'Vila Conceição – Coroadinho', 74, 89),
(324, '2022-12-07 17:48:07', 'Vila dos Frades', 74, 89),
(325, '2022-12-07 17:48:07', 'Vila dos Nobres ', 74, 89),
(326, '2022-12-07 17:48:07', 'Vila Primavera', 74, 89),
(327, '2022-12-07 17:48:07', 'Apicum', 74, 89),
(328, '2022-12-07 18:00:56', 'Belira', 74, 89),
(329, '2022-12-07 18:00:56', 'Bairro de Fatima', 74, 89),
(330, '2022-12-07 18:00:56', 'Goiabal', 74, 89),
(331, '2022-12-07 18:00:56', 'Vila Passos', 74, 89),
(332, '2022-12-07 18:00:56', 'Centro (sentido Rua da Paz para a Madre Deus)', 74, 89),
(333, '2022-12-07 18:00:56', 'Codozinho', 74, 89),
(334, '2022-12-07 18:00:56', 'Coréia de Baixo ', 74, 89),
(335, '2022-12-07 18:00:56', 'Coréia de Cima', 74, 89),
(336, '2022-12-07 18:00:56', 'Lira ', 74, 89),
(337, '2022-12-07 18:00:56', 'Macaúba', 74, 89),
(338, '2022-12-07 18:00:56', 'Madre Deus', 74, 89),
(339, '2022-12-07 18:00:56', 'Portinho', 74, 89),
(340, '2022-12-07 18:00:56', 'Vila Bessa', 74, 89),
(341, '2022-12-07 18:00:56', 'Retiro Natal', 74, 89),
(342, '2022-12-07 18:00:56', 'Areinha', 74, 89),
(343, '2022-12-07 18:00:56', 'R Antonio Dias', 74, 89),
(344, '2022-12-07 18:00:56', 'R Boa Esperança', 74, 89),
(345, '2022-12-07 18:00:56', 'R Bom Milagre', 74, 89),
(346, '2022-12-07 18:00:56', 'R Carlos Gomes', 74, 89),
(347, '2022-12-07 18:00:56', 'R Castro Alves', 74, 89),
(348, '2022-12-07 18:00:56', 'R Cd D’eu', 74, 89),
(349, '2022-12-07 18:00:56', 'R Iracema', 74, 89),
(350, '2022-12-07 18:00:56', 'R Martins Afonso ', 74, 89),
(351, '2022-12-07 18:00:56', 'R Mourão Rangel', 74, 89),
(352, '2022-12-07 18:00:56', 'R Silvio Romero', 74, 89),
(353, '2022-12-07 18:00:56', 'R Teófilo Dias', 74, 89),
(354, '2022-12-07 18:00:56', 'Tv Bom Milagre', 74, 89),
(355, '2022-12-07 18:00:56', 'R Armando V. da Silva', 74, 89),
(356, '2022-12-07 18:00:56', 'R Cafeteira', 74, 89),
(357, '2022-12-07 18:00:56', 'R Carima', 74, 89),
(358, '2022-12-07 18:00:56', 'R Marly Sarney', 74, 89),
(359, '2022-12-07 18:00:56', 'R Padre Cícero', 74, 89),
(360, '2022-12-07 18:00:56', 'R Paulo Frontin', 74, 89),
(361, '2022-12-07 18:00:56', 'R Sousa', 74, 89),
(362, '2022-12-07 18:00:56', 'R Arimateia Cisne', 74, 89),
(363, '2022-12-07 18:00:56', 'R Basson', 74, 89),
(364, '2022-12-07 18:00:56', 'R Desembarcador Sarney Costa', 74, 89),
(365, '2022-12-07 18:00:56', 'R Elca', 74, 89),
(366, '2022-12-07 18:00:56', 'R Genésio Rego', 74, 89),
(367, '2022-12-07 18:00:56', 'R Miguel Couto', 74, 89),
(368, '2022-12-07 18:00:56', 'R Paçaras', 74, 89),
(369, '2022-12-07 18:00:56', 'R Presidente Dutra', 74, 89),
(370, '2022-12-07 18:00:56', 'R São Vicente de Paula', 74, 89),
(371, '2022-12-07 18:00:56', 'R Seroa da Mota', 74, 89),
(372, '2022-12-07 18:00:56', 'TV Desembarcador Sarney Costa', 74, 89),
(373, '2022-12-07 18:00:56', 'TV Elca', 74, 89),
(374, '2022-12-07 18:00:56', 'R Tolentino Machado', 74, 89),
(375, '2022-12-07 18:00:56', 'TV Alves', 74, 89),
(376, '2022-12-07 18:00:56', 'TV da Fortuna', 74, 89),
(377, '2022-12-07 18:00:56', 'TV Nagib Feres', 74, 89),
(378, '2022-12-07 18:00:56', 'TV Tupan', 74, 89),
(379, '2022-12-07 18:00:56', 'TV José Sarney', 74, 89),
(380, '2022-12-07 18:00:56', 'Jardim Tropical', 74, 89),
(381, '2022-12-07 18:00:56', 'Santa Efigênia', 74, 89),
(382, '2022-12-07 18:19:41', 'Res. Orquídias', 74, 89),
(383, '2022-12-07 18:19:41', 'Vila Operária', 74, 89),
(384, '2022-12-07 18:19:41', 'Maiobinha', 74, 89),
(385, '2022-12-07 18:19:41', 'Vila Cafeteira', 74, 89),
(386, '2022-12-07 18:19:41', 'Res. São Luís (Unidade 201)', 74, 89),
(387, '2022-12-07 19:02:57', 'Boa Vista ', 74, 89),
(388, '2022-12-07 19:02:57', 'Camboa', 74, 89),
(389, '2022-12-07 19:02:57', 'Canto da Fabril', 74, 89),
(390, '2022-12-07 19:02:57', 'Diamante', 74, 89),
(391, '2022-12-07 19:02:57', 'Fé em Deus', 74, 89),
(392, '2022-12-07 19:02:57', 'Liberdade', 74, 89),
(393, '2022-12-07 19:02:57', 'Joao Paulo', 74, 89),
(394, '2022-12-07 19:02:57', 'Apeadoro', 74, 89),
(395, '2022-12-07 19:02:57', 'Alemanha', 74, 89),
(396, '2022-12-07 19:02:57', 'Centro', 74, 89),
(397, '2022-12-07 19:02:57', 'Desterro', 74, 89),
(398, '2022-12-07 19:02:57', 'Bares', 74, 89),
(399, '2022-12-07 19:02:57', 'R 11 de Outubro - Monte Castelo', 74, 89),
(400, '2022-12-07 19:02:57', 'R da Veneza - Monte Castelo', 74, 89),
(401, '2022-12-07 19:02:57', 'R Hemeterio Santos - Monte Castelo', 74, 89),
(402, '2022-12-07 19:02:57', 'R Manoel Beckman - Monte Castelo', 74, 89),
(403, '2022-12-07 19:02:57', 'R Nova de Roma - Monte Castelo', 74, 89),
(404, '2022-12-07 19:02:57', 'R Odilon Soares - Monte Castelo', 74, 89),
(405, '2022-12-07 19:02:57', 'R Olavo Bilac - Monte Castelo', 74, 89),
(406, '2022-12-07 19:02:57', 'R Padre Manoel da Nobrega - Monte Castelo', 74, 89),
(407, '2022-12-07 19:02:57', 'R Paulino Sousa - Monte Castelo', 74, 89),
(408, '2022-12-07 19:02:57', 'R Primavera - Monte Castelo', 74, 89),
(409, '2022-12-07 19:02:57', 'R Ramon Afonso - Monte Castelo', 74, 89),
(410, '2022-12-07 19:02:57', 'Av Newton Belo - Monte Castelo', 74, 89),
(411, '2022-12-07 19:02:57', 'R 1 de Maio - Monte Castelo', 74, 89),
(412, '2022-12-07 19:02:57', 'R 1 de Março - Monte Castelo', 74, 89),
(413, '2022-12-07 19:02:57', 'R 24 de Outubro - Monte Castelo', 74, 89),
(414, '2022-12-07 19:02:57', 'R da Gloria - Monte Castelo', 74, 89),
(415, '2022-12-07 19:02:57', 'R Machado de Assis - Monte Castelo', 74, 89),
(416, '2022-12-07 19:02:57', 'R São Raimundo e R São Benedito -  Monte Cast', 74, 89),
(417, '2022-12-07 19:02:57', 'R Tancredo Cordeiro -  Monte Castelo', 74, 89),
(418, '2022-12-07 19:02:57', 'R Viveiros de Castro -  Monte Castelo', 74, 89),
(419, '2022-12-07 19:02:57', 'Tv da Felicidade - Monte Castelo', 74, 89),
(420, '2022-12-07 19:02:57', 'Tv Paulino Sousa  - Monte Castelo', 74, 89),
(421, '2022-12-07 19:02:57', 'Av. Barão de Itapary -  Centro', 74, 89),
(422, '2022-12-07 19:02:57', 'Av. Celso Magalhães mesma Veado  -  Centro   ', 74, 89),
(423, '2022-12-07 19:02:57', 'Av. José Sarney  -  Centro', 74, 89),
(424, '2022-12-07 19:02:57', 'Av. Tamandaré  -  Centro', 74, 89),
(425, '2022-12-07 19:02:57', 'Pça Gomes de Sousa  -  Centro', 74, 89),
(426, '2022-12-07 19:02:57', 'Pça. Gomes de Sousa -  Centro', 74, 89),
(427, '2022-12-07 19:02:57', 'Pça. Gonçalves Dias -  Centro', 74, 89),
(428, '2022-12-07 19:02:57', 'Pça. Odorico Mendes -  Centro', 74, 89),
(429, '2022-12-07 19:02:57', 'R Afonso Pena -  Centro', 74, 89),
(430, '2022-12-07 19:02:57', 'R Alegria -  Centro', 74, 89),
(431, '2022-12-07 19:02:57', 'R Custódio Serrão/Colares Moreira-  Centro   ', 74, 89),
(432, '2022-12-07 19:02:57', 'R da Cruz/7 de Setembro-  Centro', 74, 89),
(433, '2022-12-07 19:02:57', 'R da Palma-  Centro', 74, 89),
(434, '2022-12-07 19:02:57', 'R da Saavedra-  Centro', 74, 89),
(435, '2022-12-07 19:02:57', 'R da Viração-  Centro', 74, 89),
(436, '2022-12-07 19:02:57', 'R das Flores-  Centro', 74, 89),
(437, '2022-12-07 19:02:57', 'R das Mangueiras-  Centro', 74, 89),
(438, '2022-12-07 19:02:57', 'R de Santa Rita (nº baixo)-  Centro', 74, 89),
(439, '2022-12-07 19:02:57', 'R de Santaninha-  Centro', 74, 89),
(440, '2022-12-07 19:02:57', 'R do Coqueiro-  Centro', 74, 89),
(441, '2022-12-07 19:02:57', 'R do Machado-  Centro', 74, 89),
(442, '2022-12-07 19:02:57', 'R do Marajá mesma Viana Vaz -  Centro', 74, 89),
(443, '2022-12-07 19:02:57', 'R do Navio -  Centro', 74, 89),
(444, '2022-12-07 19:02:57', 'R do Rancho -  Centro', 74, 89),
(445, '2022-12-07 19:02:57', 'R Hortas -  Centro', 74, 89),
(446, '2022-12-07 19:02:57', 'R Humberto de Campos mesma R João Gualberto -', 74, 89),
(447, '2022-12-07 19:02:57', 'R Jansen Muller-  Centro', 74, 89),
(448, '2022-12-07 19:02:57', 'R Maranhão Sobrinho-  Centro', 74, 89),
(449, '2022-12-07 19:02:57', 'R Montanha Russa-  Centro', 74, 89),
(450, '2022-12-07 19:02:57', 'R Neto Guterres/Beco do Silva-  Centro', 74, 89),
(451, '2022-12-07 19:02:57', 'R Padre Antonio Vieira-  Centro', 74, 89),
(452, '2022-12-07 19:02:57', 'R Pespontão-  Centro', 74, 89),
(453, '2022-12-07 19:02:57', 'R Rio Branco -  Centro', 74, 89),
(454, '2022-12-07 19:02:57', 'Av. Beira Mar/15 de Novembro-  Centro', 74, 89),
(455, '2022-12-07 19:02:57', 'Av. Henrique Leal  R Direita-  Centro', 74, 89),
(456, '2022-12-07 19:02:57', 'Av. Magalhães de Almeida-  Centro', 74, 89),
(457, '2022-12-07 19:02:57', 'Av. Pedro II / Pça dom Pedro II-  Centro', 74, 89),
(458, '2022-12-07 19:02:57', 'Beco Catarina Nina-  Centro', 74, 89),
(459, '2022-12-07 19:02:57', 'Beco do Couto-  Centro', 74, 89),
(460, '2022-12-07 19:02:57', 'Mercado do Peixe-  Centro', 74, 89),
(461, '2022-12-07 19:02:57', 'Pça Benedito Leite-  Centro', 74, 89),
(462, '2022-12-07 19:02:57', 'Pça. João Lisboa-  Centro', 74, 89),
(463, '2022-12-07 19:02:57', 'R 14 de Julho-  Centro', 74, 89),
(464, '2022-12-07 19:02:57', 'R Antonio Rayol com nº alto-  Centro', 74, 89),
(465, '2022-12-07 19:02:57', 'R Couto Fernandes-  Centro', 74, 89),
(466, '2022-12-07 19:02:57', 'R da Estrela-  Centro', 74, 89),
(467, '2022-12-07 19:02:57', 'R da Saúde-  Centro', 74, 89),
(468, '2022-12-07 19:02:57', 'R de Nazaré-  Centro', 74, 89),
(469, '2022-12-07 19:02:57', 'R deSão João/13 de maio-  Centro', 74, 89),
(470, '2022-12-07 19:02:57', 'R do Alecrim-  Centro', 74, 89),
(471, '2022-12-07 19:02:57', 'R do Comércio-  Centro', 74, 89),
(472, '2022-12-07 19:02:57', 'R do Egito-  Centro', 74, 89),
(473, '2022-12-07 19:02:57', 'R do Giz mesma R 28 de Julho-  Centro', 74, 89),
(474, '2022-12-07 19:02:57', 'R do Ribeirão-  Centro', 74, 89),
(475, '2022-12-07 19:02:57', 'R do Sol-  Centro', 74, 89),
(476, '2022-12-07 19:02:57', 'R dos Afogados-  Centro', 74, 89),
(477, '2022-12-07 19:02:57', 'R dos Craveiros-  Centro', 74, 89),
(478, '2022-12-07 19:02:57', 'R Godofredo Viana-  Centro', 74, 89),
(479, '2022-12-07 19:02:57', 'R Graça Aranha-  Centro', 74, 89),
(480, '2022-12-07 19:02:57', 'R Isaac Martins/R Barrocas-  Centro', 74, 89),
(481, '2022-12-07 19:02:57', 'R Jacinto Maia-  Centro', 74, 89),
(482, '2022-12-07 19:02:57', 'R João Vital-  Centro', 74, 89),
(483, '2022-12-07 19:02:57', 'R Luiza Bruce-  Centro', 74, 89),
(484, '2022-12-07 19:02:57', 'R Portugal-  Centro', 74, 89),
(485, '2022-12-07 19:02:57', 'R Santo Antonio-  Centro', 74, 89),
(486, '2022-12-07 19:02:57', 'TV Currupira-  Centro', 74, 89),
(487, '2022-12-07 19:02:57', 'TV. da Passagem-  Centro', 74, 89),
(488, '2022-12-07 19:51:42', 'Jardim São Francisco', 74, 89),
(489, '2022-12-07 19:51:42', 'Conj. Basa', 74, 89),
(490, '2022-12-07 19:51:42', 'Ilhinha', 74, 89),
(491, '2022-12-07 19:51:42', 'Conj. Ana Jansen', 74, 89),
(492, '2022-12-07 19:51:42', 'Jaracaty', 74, 89),
(493, '2022-12-07 19:51:42', 'Poção', 74, 89),
(494, '2022-12-07 19:51:42', 'Jardim Renascença I', 74, 89),
(495, '2022-12-07 19:51:42', 'Rua da Juçara - Jardim Renascença I', 74, 89),
(496, '2022-12-07 19:51:42', 'Rua da Andirobas - Jardim Renascença I', 74, 89),
(497, '2022-12-07 19:51:42', 'Rua das Amendoeiras - Jardim Renascença I', 74, 89),
(498, '2022-12-07 19:51:42', 'Rua das Acacias - Jardim Renascença I', 74, 89),
(499, '2022-12-07 19:51:42', 'Rua dos Castenheiros - Jardim Renascença I', 74, 89),
(500, '2022-12-07 19:51:42', 'Rua das Mangueiras - Jardim Renascença I', 74, 89),
(501, '2022-12-07 19:51:42', 'Rua dos Eucaliptos - Jardim Renascença I', 74, 89),
(502, '2022-12-07 19:51:42', 'Rua das Sucupiras - Jardim Renascença I', 74, 89),
(503, '2022-12-07 19:51:42', 'Rua dos Timbos - Jardim Renascença I', 74, 89),
(504, '2022-12-07 19:51:42', 'Rua dos Ipês - Jardim Renascença I', 74, 89),
(505, '2022-12-07 19:51:42', 'Rua dos Anturius - Jardim Renascença I', 74, 89),
(506, '2022-12-07 19:51:42', 'Rua dos Narcisos - Jardim Renascença I', 74, 89),
(507, '2022-12-07 19:51:42', 'Rua dos Narcisos - Jardim Renascença I', 74, 89),
(508, '2022-12-07 19:51:42', 'Rua dos Mandacarus - Jardim Renascença I', 74, 89),
(509, '2022-12-07 19:51:42', 'Rua Cel Agostinho m Almeida - Jardim Renascen', 74, 89),
(510, '2022-12-07 19:51:42', 'Rua das Garças - Jardim Renascença I', 74, 89),
(511, '2022-12-07 19:51:42', 'Rua Monção - Jardim Renascença I', 74, 89),
(512, '2022-12-07 19:51:42', 'Rua das Jaqueiras  - Jardim Renascença I', 74, 89),
(513, '2022-12-07 19:51:42', 'Rua das Laranjeiras - Jardim Renascença I', 74, 89),
(514, '2022-12-07 19:51:42', 'Rua das Palmeriras - Jardim Renascença I', 74, 89),
(515, '2022-12-07 19:51:42', 'Rua dos Jambos - Jardim Renascença I', 74, 89),
(516, '2022-12-07 19:51:42', 'Rua dos Sapotis - Jardim Renascença I', 74, 89),
(517, '2022-12-07 19:51:42', 'Rua das Seringueiras - Jardim Renascença I', 74, 89),
(518, '2022-12-07 19:51:42', 'Rua dos Acapus - Jardim Renascença I', 74, 89),
(519, '2022-12-07 19:51:42', 'Rua dos Sabias - Jardim Renascença I', 74, 89),
(520, '2022-12-07 19:51:42', 'Avenida Grande Oriente - Jardim Renascença I', 74, 89),
(521, '2022-12-07 19:51:42', 'Rua da Samambaias - Jardim Renascença I', 74, 89),
(522, '2022-12-07 19:51:42', 'Rua Guriatans - Jardim Renascença I', 74, 89),
(523, '2022-12-07 19:51:42', 'Rua das Alamandas - Jardim Renascença I', 74, 89),
(524, '2022-12-07 19:51:42', 'Rua das Avenças - Jardim Renascença I', 74, 89),
(525, '2022-12-07 19:51:42', 'Rua Cuma - Jardim Renascença I', 74, 89),
(526, '2022-12-07 19:51:42', 'Conj. São Marcos - Jardim Renascença I', 74, 89),
(527, '2022-12-07 20:06:22', 'Ponta d\'Areia - Jardim Renascença I', 74, 89),
(528, '2022-12-07 20:06:22', 'Ponta do Farol - Jardim Renascença I', 74, 89),
(529, '2022-12-07 20:06:22', 'Rua dos Bicudos -    Jardim Renascença II ', 74, 89),
(530, '2022-12-07 20:06:22', 'Rua Quéopes -    Jardim Renascença II ', 74, 89),
(531, '2022-12-07 20:06:22', 'Rua Profº Luis Pinho Rodrigues -  Jardim Rena', 74, 89),
(532, '2022-12-07 20:06:22', 'Rua Mitras -    Jardim Renascença II ', 74, 89),
(533, '2022-12-07 20:06:22', 'Rua Miragem do Sol -    Jardim Renascença II ', 74, 89),
(534, '2022-12-07 20:06:22', 'Rua Osires -    Jardim Renascença II ', 74, 89),
(535, '2022-12-07 20:06:22', 'Loteamento Boa Vista -    Jardim Renascença I', 74, 89),
(536, '2022-12-07 20:06:22', 'Avenida Vale -    Jardim Renascença II ', 74, 89),
(537, '2022-12-07 20:06:22', 'Rua Jorn Miercio Jorge -    Jardim Renascença', 74, 89),
(538, '2022-12-07 20:06:22', 'Rua Juno -    Jardim Renascença II ', 74, 89),
(539, '2022-12-07 20:06:22', 'Rua Ronald Carvalho -    Jardim Renascença II', 74, 89),
(540, '2022-12-07 20:06:22', 'Rua Olimpo -    Jardim Renascença II ', 74, 89),
(541, '2022-12-07 20:15:25', 'Alto da Esperança', 74, 89),
(542, '2022-12-07 20:15:25', 'Anjo da Guarda', 74, 89),
(543, '2022-12-07 20:15:25', 'Fumaçê', 74, 89),
(544, '2022-12-07 20:15:25', 'Gamelharia', 74, 89),
(545, '2022-12-07 20:15:25', 'Vila São Luis', 74, 89),
(546, '2022-12-07 20:15:25', 'Vila Ariri', 74, 89),
(547, '2022-12-07 20:15:25', 'Vila Nova', 74, 89),
(548, '2022-12-07 20:15:25', 'Vila Mauro Fecury I e II', 74, 89),
(549, '2022-12-07 20:20:28', 'Vila Bacanga', 74, 89),
(550, '2022-12-07 20:20:28', 'Vila Embratel', 74, 89),
(551, '2022-12-07 20:20:28', 'Vila Isabel', 74, 89),
(552, '2022-12-07 20:20:28', 'Sá Viana', 74, 89),
(553, '2022-12-07 20:20:28', 'Jambeiro', 74, 89),
(554, '2022-12-07 20:20:28', 'Gapara', 74, 89),
(555, '2022-12-07 20:20:28', 'Resid Paraíso', 74, 89),
(556, '2022-12-07 20:20:28', 'Resid.Pianco', 74, 89),
(557, '2022-12-07 20:26:26', 'Recanto dos Pássaros', 74, 89),
(558, '2022-12-07 20:26:26', 'Jardim das Palmeiras', 74, 89),
(559, '2022-12-07 20:26:26', 'Resid Pirapemas', 74, 89),
(560, '2022-12-07 20:26:26', 'Resid Nova Metrópole', 74, 89),
(561, '2022-12-07 20:26:26', 'Resid Reviver', 74, 89),
(562, '2022-12-07 20:26:26', 'Vila Santa Terezinha', 74, 89),
(563, '2022-12-07 20:26:26', 'Cidade Operaria (Unidade 101, 103, 105, 201)', 74, 89),
(564, '2022-12-07 20:26:26', 'Jardim Lisboa ( Unidade 101) ', 74, 89),
(565, '2022-12-07 20:26:26', 'Recanto da Paz', 74, 89),
(566, '2022-12-07 20:26:26', 'Res. São Paulo ( Unidade 101)', 74, 89),
(567, '2022-12-07 20:26:26', 'Vila Zenir', 74, 89),
(568, '2022-12-07 20:26:26', 'Res. Signo ( Unidade 101)', 74, 89),
(569, '2022-12-07 20:26:26', 'Res. Alberto Franco ( Unidade 101)', 74, 89),
(570, '2022-12-07 20:26:26', 'Res. Nova Esperança ( Unidade 201)', 74, 89),
(571, '2022-12-07 20:26:26', 'Res. Ilheus ( Unidade 203)', 74, 89),
(572, '2022-12-07 20:26:26', 'Conj. Vila Mestre ( Unidade 203)', 74, 89),
(573, '2022-12-07 20:26:26', 'Res. Das Palmeiras ( Unidade 103)', 74, 89),
(574, '2022-12-07 20:26:26', 'Res. Piradema ( Unidade 201)', 74, 89),
(575, '2022-12-08 11:55:02', 'Cidade Olimpica', 74, 89),
(576, '2022-12-08 11:55:02', 'Cj Alexandre Tavares', 74, 89),
(577, '2022-12-08 11:55:02', 'Cj. Reginaldo Tavares', 74, 89),
(578, '2022-12-08 11:55:02', 'Cruzeiro de Santa Barbara', 74, 89),
(579, '2022-12-08 11:55:02', 'Jardim America do Norte', 74, 89),
(580, '2022-12-08 11:55:02', 'Pontal da Ilha', 74, 89),
(581, '2022-12-08 11:55:02', 'Res. Alcantara', 74, 89),
(582, '2022-12-08 11:55:02', 'Res. Tiradente', 74, 89),
(583, '2022-12-08 11:55:02', 'Resid Nice Lobão', 74, 89),
(584, '2022-12-08 11:55:02', 'Santa Clara', 74, 89),
(585, '2022-12-08 11:55:02', 'São Raimundo', 74, 89),
(586, '2022-12-08 11:55:02', 'Tajacuaba', 74, 89),
(587, '2022-12-08 11:55:02', 'Vila Apaco', 74, 89),
(588, '2022-12-08 11:55:02', 'Vila Cascavel', 74, 89),
(589, '2022-12-08 11:55:02', 'Vila Flamengo', 74, 89),
(590, '2022-12-08 11:55:02', 'Vila Geniparana', 74, 89),
(591, '2022-12-08 11:55:02', 'Vila Janaína', 74, 89),
(592, '2022-12-08 11:55:02', 'Vila Riod', 74, 89),
(593, '2022-12-08 11:55:02', 'Vila São Luis', 74, 89),
(594, '2022-12-08 11:55:02', 'Vila Vitória', 74, 89),
(595, '2022-12-08 11:55:02', 'Vl. Magril', 74, 89),
(596, '2022-12-08 11:55:02', 'Vl.Airton Sena', 74, 89),
(597, '2022-12-08 12:03:04', 'Maiobão', 74, 89),
(598, '2022-12-08 12:03:04', 'Paraná I, II, III', 74, 89),
(599, '2022-12-08 12:03:04', 'Manaíra', 74, 89),
(600, '2022-12-08 12:03:04', 'Conj. Tambaú', 74, 89),
(601, '2022-12-08 12:03:04', 'Resid Lima Verde', 74, 89),
(602, '2022-12-08 12:03:04', 'Resid. Upaon – Açu', 74, 89),
(603, '2022-12-08 12:03:04', 'Vila Cafeteira (com quadra)', 74, 89),
(604, '2022-12-08 12:03:04', 'Resid. Upaon – Açu', 74, 89),
(605, '2022-12-08 12:03:04', 'Maiobinha', 74, 89),
(606, '2022-12-08 12:03:04', 'Vila Kiola', 74, 89),
(607, '2022-12-08 12:03:04', 'Vila Sarney Filho', 74, 89),
(608, '2022-12-08 12:03:04', 'São José de Ribamar', 74, 89),
(609, '2022-12-08 12:20:23', 'Araçagy – Praia', 74, 89),
(610, '2022-12-08 12:20:23', 'R General Artur Carvalho Ed. Bentivi/Ed. Peli', 74, 89),
(611, '2022-12-08 12:20:23', 'Mirititua', 74, 89),
(612, '2022-12-08 12:20:23', 'Boa Vista', 74, 89),
(613, '2022-12-08 12:20:23', 'Parque Jair', 74, 89),
(614, '2022-12-08 12:20:23', 'Cond. Hilton Rodrigues(Araçagy)', 74, 89),
(615, '2022-12-08 12:20:23', 'Rua Do Bico - Turu', 74, 89),
(616, '2022-12-08 12:20:23', 'Rua Adelaide Rocha - Turu', 74, 89),
(617, '2022-12-08 12:20:23', 'Rua Bom jardim - Turu', 74, 89),
(618, '2022-12-08 12:20:23', 'Cond. Milano', 74, 89),
(619, '2022-12-08 12:28:56', 'BR 135', 74, 89),
(620, '2022-12-08 12:28:56', 'Coquinho', 74, 89),
(621, '2022-12-08 12:28:56', 'Vila Itamar', 74, 89),
(622, '2022-12-08 12:28:56', 'Vila Sarney ', 74, 89),
(623, '2022-12-08 12:28:56', 'Maracanã', 74, 89),
(624, '2022-12-08 12:28:56', 'Vila Nova Republica', 74, 89),
(625, '2022-12-08 12:28:56', 'Itapera', 74, 89),
(626, '2022-12-08 12:28:56', 'Tibirizinho', 74, 89),
(627, '2022-12-08 12:28:56', 'Pedrinhas', 74, 89),
(628, '2022-12-08 12:28:56', 'Vila Maranhão', 74, 89),
(629, '2022-12-08 12:28:56', 'Vila Funil', 74, 89),
(630, '2022-12-08 12:28:56', 'Vila Esperança', 74, 89),
(631, '2022-12-08 12:28:56', 'Vila Rio Grande', 74, 89),
(632, '2022-12-08 12:28:56', 'Mangue Seco', 74, 89),
(633, '2022-12-08 12:28:56', 'Anamdiba', 74, 89),
(634, '2022-12-08 12:28:56', 'Collier', 74, 89),
(635, '2022-12-08 12:47:03', 'Palmeiras II, D Italy', 74, 89),
(636, '2022-12-08 13:01:04', 'Parque La Ravardiere (Multi center Sebrae', 74, 89),
(637, '2022-12-08 13:05:56', 'Vinhais (obs.: da Rua 11 a 103)', 74, 89),
(638, '2022-12-08 13:06:37', 'Vinhais (Rua 1 a 11) Rua do Passeio', 74, 89),
(639, '2022-12-08 13:12:15', 'Resid. Centauros', 74, 89),
(640, '2022-12-08 13:13:24', 'Resid. Filadélfia', 74, 89),
(641, '2022-12-08 13:14:05', 'Residencial Kasaca', 74, 89),
(642, '2022-12-08 13:14:45', 'TV Itapiraco - Turu', 74, 89),
(643, '2022-12-08 13:15:43', 'Cond. Itapiraco - Turu', 74, 89),
(644, '2022-12-08 13:16:28', 'Res. Itapiraco - Turu', 74, 89),
(645, '2022-12-08 13:23:28', 'Cohatrac i ( Rua Aa U)', 74, 89),
(646, '2022-12-08 13:24:11', 'Cohatrac v', 74, 89),
(647, '2022-12-08 13:24:55', 'Res. Primavera - Cohatrac  Ruas por numeros d', 74, 89),
(648, '2022-12-08 13:26:44', 'Jd das Margaridas', 74, 89),
(649, '2022-12-08 13:27:12', 'Cj. Henrique de La Roque', 74, 89),
(650, '2022-12-08 13:30:06', 'Cj. Dom Ricardo', 74, 89),
(651, '2022-12-08 13:39:56', 'Apeadouro', 74, 89),
(652, '2022-12-08 13:54:29', 'Parque dos Nobres', 74, 89),
(653, '2022-12-08 13:57:06', 'Vila Verde', 74, 89),
(657, '2022-12-08 14:15:45', 'Teofilo Dias', 74, 89),
(658, '2022-12-08 14:26:50', 'São Francisco', 74, 89),
(659, '2022-12-08 14:33:41', 'Renascença I ', 74, 89),
(660, '2022-12-08 14:35:54', 'R da Juçara', 74, 89),
(663, '2022-12-08 14:35:54', 'Castanheiros', 74, 89),
(664, '2022-12-08 14:35:54', 'Mangueiras', 74, 89),
(669, '2022-12-08 14:40:53', 'Larangeiras', 74, 89),
(670, '2022-12-08 14:41:40', 'Palmeiras - Jardim Renascença I', 74, 89),
(671, '2022-12-08 14:42:38', 'Sapoyis', 74, 89),
(672, '2022-12-08 14:44:10', 'Av. Colares Moreira ', 74, 89),
(673, '2022-12-08 14:45:22', 'Rua Perdizes', 74, 89),
(674, '2022-12-08 14:45:48', 'Rua Jose Montelo', 74, 85),
(675, '2022-12-08 14:46:28', 'Rua Pericuma', 74, 89),
(676, '2022-12-08 14:47:12', 'Rua Azulões', 74, 89),
(677, '2022-12-08 14:47:58', 'Rua Anapurus', 74, 89),
(678, '2022-12-08 14:48:51', 'Rua dos Periquitos', 74, 89),
(679, '2022-12-08 14:49:23', 'Rua Perpetuas', 74, 89),
(680, '2022-12-08 14:49:48', 'Rua Magnólias', 74, 89),
(681, '2022-12-08 14:50:37', 'Rua Samabaias', 74, 89),
(682, '2022-12-08 14:51:21', 'Rua Narcisos', 74, 89),
(683, '2022-12-08 14:51:50', 'Rua Alamandas', 74, 89),
(684, '2022-12-08 14:52:11', 'Rua Guriantans', 74, 89),
(685, '2022-12-08 14:53:13', 'Rua Mandacarus', 74, 89),
(686, '2022-12-08 14:53:37', 'Rua Avenças', 74, 89),
(687, '2022-12-08 14:54:10', 'Rua Garças', 74, 89),
(688, '2022-12-08 14:55:14', 'Rua Cel Agostinho Moura Almeida', 74, 89),
(690, '2022-12-08 18:17:03', 'Cidade Operaria (Unidade 101, 103, 105, 201, ', 74, 89),
(691, '2022-12-08 18:17:45', 'Santa Efigenia', 74, 89),
(692, '2022-12-08 18:18:44', 'Res. Orquidias', 74, 89),
(693, '2022-12-08 18:19:35', 'Vila Operaria', 74, 89),
(694, '2022-12-08 18:20:16', 'Matinha', 74, 89),
(695, '2022-12-08 18:22:48', 'Res. São Luis ( Unidade 201)', 74, 89);

-- --------------------------------------------------------

--
-- Estrutura da tabela `servicos`
--

CREATE TABLE `servicos` (
  `id` int(11) NOT NULL,
  `nome` varchar(45) DEFAULT NULL,
  `setores_id` int(11) NOT NULL
) ENGINE=InnoDB DEFAULT CHARSET=utf8mb4;

--
-- Extraindo dados da tabela `servicos`
--

INSERT INTO `servicos` (`id`, `nome`, `setores_id`) VALUES
(1, 'Pequenos volumes', 1),
(3, 'Boletos', 3),
(4, 'Cartões', 3),
(5, 'Grandes volumes', 1),
(6, 'Notificações', 3),
(7, 'Caixa', 1);

-- --------------------------------------------------------

--
-- Estrutura da tabela `setores`
--

CREATE TABLE `setores` (
  `id` int(11) NOT NULL,
  `nome` varchar(100) DEFAULT NULL
) ENGINE=InnoDB DEFAULT CHARSET=utf8mb4;

--
-- Extraindo dados da tabela `setores`
--

INSERT INTO `setores` (`id`, `nome`) VALUES
(1, 'E- commerce'),
(3, 'Editorial');

-- --------------------------------------------------------

--
-- Estrutura da tabela `status_detalhe`
--

CREATE TABLE `status_detalhe` (
  `id` int(11) NOT NULL,
  `nome` varchar(45) DEFAULT NULL
) ENGINE=InnoDB DEFAULT CHARSET=utf8mb4;

--
-- Extraindo dados da tabela `status_detalhe`
--

INSERT INTO `status_detalhe` (`id`, `nome`) VALUES
(1, 'Aguardando'),
(2, 'Em Rota'),
(3, 'Entregue'),
(4, 'Devolvido');

-- --------------------------------------------------------

--
-- Estrutura da tabela `tipo`
--

CREATE TABLE `tipo` (
  `id` int(11) NOT NULL,
  `nome` varchar(45) DEFAULT NULL
) ENGINE=InnoDB DEFAULT CHARSET=utf8mb4;

--
-- Extraindo dados da tabela `tipo`
--

INSERT INTO `tipo` (`id`, `nome`) VALUES
(1, 'RETORNO A GAIOLA'),
(2, 'BACK LOG');

-- --------------------------------------------------------

--
-- Estrutura da tabela `usuarios`
--

CREATE TABLE `usuarios` (
  `id` int(11) NOT NULL,
  `nome` varchar(255) NOT NULL,
  `email` varchar(255) NOT NULL,
  `senha` varchar(255) NOT NULL,
  `cargos_id` int(11) NOT NULL,
  `acessos_id` int(11) NOT NULL
) ENGINE=InnoDB DEFAULT CHARSET=utf8;

--
-- Extraindo dados da tabela `usuarios`
--

INSERT INTO `usuarios` (`id`, `nome`, `email`, `senha`, `cargos_id`, `acessos_id`) VALUES
(4, 'admin', 'admin@eneylton.com', '$2y$10$JZR7X2ZpplGhF4dtchAhJedF/Y0/4ynAOd8VBlR4ehJfLOKHX4mLG', 1, 1),
(7, 'ene', 'eneylton@hotmail.com', '$2y$10$JZR7X2ZpplGhF4dtchAhJedF/Y0/4ynAOd8VBlR4ehJfLOKHX4mLG', 1, 2),
(13, 'enexs', 'enex@gmail.com.br', '202cb962ac59075b964b07152d234b70', 1, 3),
(14, 'editorial', 'editorial@montnegro.com', '$2y$10$Y2e6dARV.9g9v6v5PHRWguesD5ifKnK1MdjCMm9fR9N.m0C0cADbu', 1, 2),
(15, 'Eneylton Barros', 'eneylton@eneylton.com', '$2y$10$WXsSklMZxF6ROzkWaAdnzeguYGJCshsNo9c6XIrxrifK9KAh7Bk76', 8, 1),
(16, 'EDITORIAL', 'editorial@montenegroexpress.com.br', '$2y$10$G7jU2ALTyKY3VAs8WKeN7.QvkUHM83QikJJM8DAvvHzbdYr3PvBpe', 7, 4),
(17, 'EditoriaL', 'editorial1@montenegroexpress.com.br', '$2y$10$HnMr9tH8lJD9MFsBr7KOBuYY8ehePp4ZBjoo3cnbs43aJbRwQaB5.', 3, 2),
(18, 'DBA ', 'dba.slz@montenegroexpress.com.br', '$2y$10$XdQi1F8PTw46IYsiHgAl5eLMq9Rum3vblT4ggXu4U7u8qzWRp5Bc.', 1, 2),
(19, 'GFL SLZ', 'gfl.slz@montenegroexpress.com.br', '$2y$10$ebmdJ9wNha3Mlp3yIE9kGOaodd/49GE3wpMyQjNuxiwXztZ3rgqR2', 1, 2),
(20, 'GFL INTERIOR', 'gfl.interior@montenegroexpress.com.br', '$2y$10$NGZ1jw6LlV2vMpKlX1Had.NRDVXC1/upJWS0tXLW4S8lTvkzT5gNC', 1, 2),
(21, 'NT SLZ', 'ntlog.slz@montenegroexpress.com.br', '$2y$10$CSw9FNlnDfGnOzc37pFm2.WdBIw3gg8IfdxQdyeHp7b3aDwfdGRL.', 1, 2),
(22, 'Analista Mary Kay', 'editorial2@montenegroexpress.com.br', '$2y$10$.wOGarNiiTdblB3ywpWnQ.PKcgxQ1NdMIVbLmTh1UNthTmxPm1yhi', 1, 2),
(23, 'Anthar Adm', 'azevedo@montenegroexpress.com.br', '$2y$10$BdeKQMRfeV3Stt677tcEy.aiAJrjKprLYkHZ5HUrV81W8I6n606eO', 9, 1),
(24, 'Eneylton BArros', 'editorial2023@montenegro.com', '$2y$10$WnxprmZFDfFI1vZ9PTnsVONGxMcBxFgwQeO620QKoHpYsVVY.P0RO', 1, 4),
(25, 'Maisa', 'maisa@montenegro.com.br', '$2y$10$bBIMeSFSEIni2XSkrE0rx.oZIkA.GyyNth0zfWJ652hY6MukW3kCK', 1, 2),
(26, 'Joel', 'joel@montenegro.com.br', '$2y$10$bBIMeSFSEIni2XSkrE0rx.oZIkA.GyyNth0zfWJ652hY6MukW3kCK', 1, 2),
(27, 'Adriana', 'adriana@montenegro.com.br', '$2y$10$bBIMeSFSEIni2XSkrE0rx.oZIkA.GyyNth0zfWJ652hY6MukW3kCK', 1, 2),
(28, 'JAFRA COSMÈDICOS', 'jafra@montenegro.com', '$2y$10$j1nNOL.EZi939v9ceV.7sO4H0IO0qxVrXTEFZx2VIjErOSmzar4RO', 12, 6);

-- --------------------------------------------------------

--
-- Estrutura da tabela `veiculos`
--

CREATE TABLE `veiculos` (
  `id` int(11) NOT NULL,
  `nome` varchar(45) DEFAULT NULL
) ENGINE=InnoDB DEFAULT CHARSET=utf8mb4;

--
-- Extraindo dados da tabela `veiculos`
--

INSERT INTO `veiculos` (`id`, `nome`) VALUES
(1, 'MOTO'),
(2, 'CARRO'),
(3, 'CAMINHÃO'),
(5, 'BIKE'),
(6, 'VAN');

-- --------------------------------------------------------

--
-- Estrutura stand-in para vista `view_boletos`
-- (Veja abaixo para a view atual)
--
CREATE TABLE `view_boletos` (
`id` int(11)
,`data` timestamp
,`sequencias` int(11)
,`vencimento` timestamp
,`codigo` varchar(45)
,`destinatario` varchar(100)
,`endereco` varchar(255)
,`bairro` varchar(100)
,`municipio` varchar(100)
,`numero` varchar(45)
,`estado` varchar(100)
,`cep` varchar(45)
,`tipo` varchar(45)
,`status` varchar(45)
,`obs` varchar(255)
,`receber_id` int(11)
,`ocorrencias_id` int(11)
,`ocorrencia` varchar(100)
,`entregadores_id` int(11)
);

-- --------------------------------------------------------

--
-- Estrutura stand-in para vista `view_entregador_qtd`
-- (Veja abaixo para a view atual)
--
CREATE TABLE `view_entregador_qtd` (
`id` int(11)
,`entregador_id` int(11)
,`entregador` varchar(100)
,`qtd` int(11)
,`data_ini` timestamp
,`vencimento` timestamp
);

-- --------------------------------------------------------

--
-- Estrutura para vista `view_boletos`
--
DROP TABLE IF EXISTS `view_boletos`;

CREATE ALGORITHM=UNDEFINED DEFINER=`root`@`localhost` SQL SECURITY DEFINER VIEW `view_boletos`  AS SELECT `b`.`id` AS `id`, `b`.`data` AS `data`, `b`.`sequencia` AS `sequencias`, `b`.`vencimento` AS `vencimento`, `b`.`codigo` AS `codigo`, `b`.`destinatario` AS `destinatario`, `b`.`endereco` AS `endereco`, `b`.`bairro` AS `bairro`, `b`.`municipio` AS `municipio`, `b`.`numero` AS `numero`, `b`.`estado` AS `estado`, `b`.`cep` AS `cep`, `b`.`tipo` AS `tipo`, `b`.`status` AS `status`, `b`.`obs` AS `obs`, `b`.`receber_id` AS `receber_id`, `b`.`ocorrencias_id` AS `ocorrencias_id`, `o`.`nome` AS `ocorrencia`, `bp`.`entregadores_id` AS `entregadores_id` FROM ((`boleto_producao` `bp` join `boletos` `b` on(`bp`.`boletos_id` = `b`.`id`)) join `ocorrencias` `o` on(`o`.`id` = `b`.`ocorrencias_id`)) ;

-- --------------------------------------------------------

--
-- Estrutura para vista `view_entregador_qtd`
--
DROP TABLE IF EXISTS `view_entregador_qtd`;

CREATE ALGORITHM=UNDEFINED DEFINER=`root`@`localhost` SQL SECURITY DEFINER VIEW `view_entregador_qtd`  AS SELECT `eq`.`receber_id` AS `id`, `e`.`id` AS `entregador_id`, `e`.`apelido` AS `entregador`, `eq`.`qtd` AS `qtd`, `eq`.`data_ini` AS `data_ini`, `eq`.`vencimento` AS `vencimento` FROM (`entregador_qtd` `eq` join `entregadores` `e` on(`e`.`id` = `eq`.`entregadores_id`)) ;

--
-- Índices para tabelas despejadas
--

--
-- Índices para tabela `acessos`
--
ALTER TABLE `acessos`
  ADD PRIMARY KEY (`id`);

--
-- Índices para tabela `backlog`
--
ALTER TABLE `backlog`
  ADD PRIMARY KEY (`id`),
  ADD KEY `fk_retorno_ocorrencias1_idx1` (`ocorrencias_id`),
  ADD KEY `fk_retorno_entregadores1_idx1` (`entregadores_id`),
  ADD KEY `fk_retorno_tipo1_idx1` (`tipo_id`),
  ADD KEY `fk_backlog_producao1_idx` (`producao_id`);

--
-- Índices para tabela `boletos`
--
ALTER TABLE `boletos`
  ADD PRIMARY KEY (`id`),
  ADD KEY `fk_boletos_receber1_idx` (`receber_id`),
  ADD KEY `fk_boletos_ocorrencias1_idx` (`ocorrencias_id`),
  ADD KEY `fk_boletos_entregadores1_idx` (`entregadores_id`);

--
-- Índices para tabela `boleto_producao`
--
ALTER TABLE `boleto_producao`
  ADD PRIMARY KEY (`id`),
  ADD KEY `fk_boleto_producao_boletos1_idx` (`boletos_id`),
  ADD KEY `fk_boleto_producao_ocorrencias1_idx` (`ocorrencias_id`),
  ADD KEY `fk_boleto_producao_entregadores1_idx` (`entregadores_id`),
  ADD KEY `fk_boleto_producao_receber1_idx` (`receber_id`);

--
-- Índices para tabela `cargos`
--
ALTER TABLE `cargos`
  ADD PRIMARY KEY (`id`);

--
-- Índices para tabela `clientes`
--
ALTER TABLE `clientes`
  ADD PRIMARY KEY (`id`),
  ADD KEY `fk_clientes_usuarios1_idx` (`usuarios_id`),
  ADD KEY `fk_clientes_setores1_idx` (`setores_id`);

--
-- Índices para tabela `combustivel`
--
ALTER TABLE `combustivel`
  ADD PRIMARY KEY (`id`),
  ADD KEY `fk_combustivel_entregadores1_idx` (`entregadores_id`),
  ADD KEY `fk_combustivel_usuarios1_idx` (`usuarios_id`),
  ADD KEY `fk_combustivel_veiculos1_idx` (`veiculos_id`);

--
-- Índices para tabela `controlenvio`
--
ALTER TABLE `controlenvio`
  ADD PRIMARY KEY (`id`),
  ADD KEY `fk_controlenvio_notafiscal1_idx` (`notafiscal_id`),
  ADD KEY `fk_controlenvio_ocorrencias1_idx` (`ocorrencias_id`),
  ADD KEY `fk_controlenvio_destinatario1_idx` (`destinatario_id`),
  ADD KEY `fk_controlenvio_entregadores1_idx` (`entregadores_id`);

--
-- Índices para tabela `destinatario`
--
ALTER TABLE `destinatario`
  ADD PRIMARY KEY (`id`),
  ADD KEY `fk_destinatario_notafiscal1_idx` (`notafiscal_id`);

--
-- Índices para tabela `devolucao`
--
ALTER TABLE `devolucao`
  ADD PRIMARY KEY (`id`),
  ADD KEY `fk_devolucao_entregadores1_idx` (`entregadores_id`),
  ADD KEY `fk_devolucao_producao1_idx` (`producao_id`),
  ADD KEY `fk_devolucao_ocorrencias1_idx` (`ocorrencias_id`),
  ADD KEY `fk_devolucao_boletos1_idx` (`boletos_id`);

--
-- Índices para tabela `entrega`
--
ALTER TABLE `entrega`
  ADD PRIMARY KEY (`id`),
  ADD KEY `fk_entrega_producao1_idx` (`producao_id`),
  ADD KEY `fk_entrega_entregadores1_idx` (`entregadores_id`),
  ADD KEY `fk_entrega_boletos1_idx` (`boletos_id`);

--
-- Índices para tabela `entregadores`
--
ALTER TABLE `entregadores`
  ADD PRIMARY KEY (`id`),
  ADD KEY `fk_entregadores_usuarios1_idx` (`usuarios_id`),
  ADD KEY `fk_entregadores_forma_pagamento1_idx` (`forma_pagamento_id`),
  ADD KEY `fk_entregadores_veiculos1_idx` (`veiculos_id`),
  ADD KEY `fk_entregadores_regioes1_idx` (`regioes_id`);

--
-- Índices para tabela `entregador_detalhe`
--
ALTER TABLE `entregador_detalhe`
  ADD PRIMARY KEY (`id`),
  ADD KEY `fk_entregador_detalhe_ocorrencias1_idx` (`ocorrencias_id`),
  ADD KEY `fk_entregador_detalhe_entregadores1_idx` (`entregadores_id`),
  ADD KEY `fk_entregador_detalhe_boletos1_idx` (`boletos_id`);

--
-- Índices para tabela `entregador_qtd`
--
ALTER TABLE `entregador_qtd`
  ADD PRIMARY KEY (`id`),
  ADD KEY `fk_entregador_qtd_entregadores1_idx` (`entregadores_id`),
  ADD KEY `fk_entregador_qtd_receber1_idx` (`receber_id`);

--
-- Índices para tabela `entregador_rota`
--
ALTER TABLE `entregador_rota`
  ADD PRIMARY KEY (`id`),
  ADD KEY `fk_entregador_rota_entregadores1_idx` (`entregadores_id`),
  ADD KEY `fk_entregador_rota_rotas1_idx` (`rotas_id`),
  ADD KEY `fk_entregador_rota_regioes1_idx` (`regioes_id`);

--
-- Índices para tabela `entregador_servicos`
--
ALTER TABLE `entregador_servicos`
  ADD PRIMARY KEY (`id`),
  ADD KEY `fk_entregador_servicos_entregadores1_idx` (`entregadores_id`),
  ADD KEY `fk_entregador_servicos_servicos1_idx` (`servicos_id`);

--
-- Índices para tabela `entregador_setores`
--
ALTER TABLE `entregador_setores`
  ADD PRIMARY KEY (`id`),
  ADD KEY `fk_entregador_setores_entregadores1_idx` (`entregadores_id`),
  ADD KEY `fk_entregador_setores_setores1_idx` (`setores_id`);

--
-- Índices para tabela `entrega_devolucao`
--
ALTER TABLE `entrega_devolucao`
  ADD PRIMARY KEY (`id`),
  ADD KEY `fk_entrega_devolucao_entregadores1_idx` (`entregadores_id`),
  ADD KEY `fk_entrega_devolucao_producao1_idx` (`producao_id`),
  ADD KEY `fk_entrega_devolucao_receber1_idx` (`receber_id`),
  ADD KEY `fk_entrega_devolucao_boletos1_idx` (`boletos_id`);

--
-- Índices para tabela `forma_pagamento`
--
ALTER TABLE `forma_pagamento`
  ADD PRIMARY KEY (`id`);

--
-- Índices para tabela `gaiolas`
--
ALTER TABLE `gaiolas`
  ADD PRIMARY KEY (`id`);

--
-- Índices para tabela `importacao`
--
ALTER TABLE `importacao`
  ADD PRIMARY KEY (`id`),
  ADD KEY `fk_importacao_notafiscal1_idx` (`notafiscal_id`);

--
-- Índices para tabela `notafiscal`
--
ALTER TABLE `notafiscal`
  ADD PRIMARY KEY (`id`);

--
-- Índices para tabela `ocorrencias`
--
ALTER TABLE `ocorrencias`
  ADD PRIMARY KEY (`id`);

--
-- Índices para tabela `parcelas`
--
ALTER TABLE `parcelas`
  ADD PRIMARY KEY (`id`);

--
-- Índices para tabela `producao`
--
ALTER TABLE `producao`
  ADD PRIMARY KEY (`id`),
  ADD KEY `fk_producao_entregadores1_idx` (`entregadores_id`),
  ADD KEY `fk_producao_receber1_idx` (`receber_id`),
  ADD KEY `fk_producao_regioes1_idx` (`regioes_id`),
  ADD KEY `fk_producao_usuarios1_idx` (`usuarios_id`),
  ADD KEY `fk_producao_rotas1_idx` (`rotas_id`),
  ADD KEY `fk_producao_setores1_idx` (`setores_id`),
  ADD KEY `fk_producao_servicos1_idx` (`servicos_id`);

--
-- Índices para tabela `produtos`
--
ALTER TABLE `produtos`
  ADD PRIMARY KEY (`id`),
  ADD KEY `fk_produtos_notafiscal1_idx` (`notafiscal_id`),
  ADD KEY `fk_produtos_destinatario1_idx` (`destinatario_id`);

--
-- Índices para tabela `receber`
--
ALTER TABLE `receber`
  ADD PRIMARY KEY (`id`),
  ADD KEY `fk_receber_clientes1_idx` (`clientes_id`),
  ADD KEY `fk_receber_gaiolas1_idx` (`gaiolas_id`),
  ADD KEY `fk_receber_usuarios1_idx` (`usuarios_id`),
  ADD KEY `fk_receber_servicos1_idx` (`servicos_id`),
  ADD KEY `fk_receber_setores1_idx` (`setores_id`);

--
-- Índices para tabela `regioes`
--
ALTER TABLE `regioes`
  ADD PRIMARY KEY (`id`);

--
-- Índices para tabela `registros`
--
ALTER TABLE `registros`
  ADD PRIMARY KEY (`id`),
  ADD KEY `fk_registros_usuarios1_idx` (`usuarios_id`),
  ADD KEY `fk_registros_producao1_idx` (`producao_id`);

--
-- Índices para tabela `retorno`
--
ALTER TABLE `retorno`
  ADD PRIMARY KEY (`id`),
  ADD KEY `fk_retorno_ocorrencias1_idx1` (`ocorrencias_id`),
  ADD KEY `fk_retorno_producao1_idx` (`producao_id`),
  ADD KEY `fk_retorno_entregadores1_idx1` (`entregadores_id`),
  ADD KEY `fk_retorno_tipo1_idx1` (`tipo_id`),
  ADD KEY `fk_retorno_boletos1_idx` (`boletos_id`);

--
-- Índices para tabela `retorno_gaiola`
--
ALTER TABLE `retorno_gaiola`
  ADD PRIMARY KEY (`id`),
  ADD KEY `fk_retorno_ocorrencias1_idx1` (`ocorrencias_id`),
  ADD KEY `fk_retorno_entregadores1_idx1` (`entregadores_id`),
  ADD KEY `fk_retorno_tipo1_idx1` (`tipo_id`),
  ADD KEY `fk_retorno_gaiola_producao1_idx` (`producao_id`);

--
-- Índices para tabela `rotas`
--
ALTER TABLE `rotas`
  ADD PRIMARY KEY (`id`);

--
-- Índices para tabela `servicos`
--
ALTER TABLE `servicos`
  ADD PRIMARY KEY (`id`);

--
-- Índices para tabela `setores`
--
ALTER TABLE `setores`
  ADD PRIMARY KEY (`id`);

--
-- Índices para tabela `status_detalhe`
--
ALTER TABLE `status_detalhe`
  ADD PRIMARY KEY (`id`);

--
-- Índices para tabela `tipo`
--
ALTER TABLE `tipo`
  ADD PRIMARY KEY (`id`);

--
-- Índices para tabela `usuarios`
--
ALTER TABLE `usuarios`
  ADD PRIMARY KEY (`id`);

--
-- Índices para tabela `veiculos`
--
ALTER TABLE `veiculos`
  ADD PRIMARY KEY (`id`);

--
-- AUTO_INCREMENT de tabelas despejadas
--

--
-- AUTO_INCREMENT de tabela `acessos`
--
ALTER TABLE `acessos`
  MODIFY `id` int(11) NOT NULL AUTO_INCREMENT, AUTO_INCREMENT=7;

--
-- AUTO_INCREMENT de tabela `backlog`
--
ALTER TABLE `backlog`
  MODIFY `id` int(11) NOT NULL AUTO_INCREMENT;

--
-- AUTO_INCREMENT de tabela `boletos`
--
ALTER TABLE `boletos`
  MODIFY `id` int(11) NOT NULL AUTO_INCREMENT, AUTO_INCREMENT=33839;

--
-- AUTO_INCREMENT de tabela `boleto_producao`
--
ALTER TABLE `boleto_producao`
  MODIFY `id` int(11) NOT NULL AUTO_INCREMENT, AUTO_INCREMENT=220;

--
-- AUTO_INCREMENT de tabela `cargos`
--
ALTER TABLE `cargos`
  MODIFY `id` int(11) NOT NULL AUTO_INCREMENT, AUTO_INCREMENT=13;

--
-- AUTO_INCREMENT de tabela `clientes`
--
ALTER TABLE `clientes`
  MODIFY `id` int(11) NOT NULL AUTO_INCREMENT, AUTO_INCREMENT=26;

--
-- AUTO_INCREMENT de tabela `combustivel`
--
ALTER TABLE `combustivel`
  MODIFY `id` int(11) NOT NULL AUTO_INCREMENT, AUTO_INCREMENT=777;

--
-- AUTO_INCREMENT de tabela `controlenvio`
--
ALTER TABLE `controlenvio`
  MODIFY `id` int(11) NOT NULL AUTO_INCREMENT, AUTO_INCREMENT=380;

--
-- AUTO_INCREMENT de tabela `destinatario`
--
ALTER TABLE `destinatario`
  MODIFY `id` int(11) NOT NULL AUTO_INCREMENT, AUTO_INCREMENT=431;

--
-- AUTO_INCREMENT de tabela `devolucao`
--
ALTER TABLE `devolucao`
  MODIFY `id` int(11) NOT NULL AUTO_INCREMENT, AUTO_INCREMENT=51;

--
-- AUTO_INCREMENT de tabela `entrega`
--
ALTER TABLE `entrega`
  MODIFY `id` int(11) NOT NULL AUTO_INCREMENT, AUTO_INCREMENT=176;

--
-- AUTO_INCREMENT de tabela `entregadores`
--
ALTER TABLE `entregadores`
  MODIFY `id` int(11) NOT NULL AUTO_INCREMENT, AUTO_INCREMENT=196;

--
-- AUTO_INCREMENT de tabela `entregador_detalhe`
--
ALTER TABLE `entregador_detalhe`
  MODIFY `id` int(11) NOT NULL AUTO_INCREMENT, AUTO_INCREMENT=227;

--
-- AUTO_INCREMENT de tabela `entregador_qtd`
--
ALTER TABLE `entregador_qtd`
  MODIFY `id` int(11) NOT NULL AUTO_INCREMENT, AUTO_INCREMENT=287;

--
-- AUTO_INCREMENT de tabela `entregador_rota`
--
ALTER TABLE `entregador_rota`
  MODIFY `id` int(11) NOT NULL AUTO_INCREMENT, AUTO_INCREMENT=2287;

--
-- AUTO_INCREMENT de tabela `entregador_servicos`
--
ALTER TABLE `entregador_servicos`
  MODIFY `id` int(11) NOT NULL AUTO_INCREMENT, AUTO_INCREMENT=688;

--
-- AUTO_INCREMENT de tabela `entregador_setores`
--
ALTER TABLE `entregador_setores`
  MODIFY `id` int(11) NOT NULL AUTO_INCREMENT, AUTO_INCREMENT=442;

--
-- AUTO_INCREMENT de tabela `entrega_devolucao`
--
ALTER TABLE `entrega_devolucao`
  MODIFY `id` int(11) NOT NULL AUTO_INCREMENT, AUTO_INCREMENT=200;

--
-- AUTO_INCREMENT de tabela `forma_pagamento`
--
ALTER TABLE `forma_pagamento`
  MODIFY `id` int(11) NOT NULL AUTO_INCREMENT, AUTO_INCREMENT=6;

--
-- AUTO_INCREMENT de tabela `gaiolas`
--
ALTER TABLE `gaiolas`
  MODIFY `id` int(11) NOT NULL AUTO_INCREMENT, AUTO_INCREMENT=121;

--
-- AUTO_INCREMENT de tabela `importacao`
--
ALTER TABLE `importacao`
  MODIFY `id` int(11) NOT NULL AUTO_INCREMENT, AUTO_INCREMENT=392;

--
-- AUTO_INCREMENT de tabela `notafiscal`
--
ALTER TABLE `notafiscal`
  MODIFY `id` int(11) NOT NULL AUTO_INCREMENT, AUTO_INCREMENT=452;

--
-- AUTO_INCREMENT de tabela `ocorrencias`
--
ALTER TABLE `ocorrencias`
  MODIFY `id` int(11) NOT NULL AUTO_INCREMENT, AUTO_INCREMENT=30;

--
-- AUTO_INCREMENT de tabela `parcelas`
--
ALTER TABLE `parcelas`
  MODIFY `id` int(11) NOT NULL AUTO_INCREMENT, AUTO_INCREMENT=18;

--
-- AUTO_INCREMENT de tabela `producao`
--
ALTER TABLE `producao`
  MODIFY `id` int(11) NOT NULL AUTO_INCREMENT, AUTO_INCREMENT=331;

--
-- AUTO_INCREMENT de tabela `produtos`
--
ALTER TABLE `produtos`
  MODIFY `id` int(11) NOT NULL AUTO_INCREMENT, AUTO_INCREMENT=3597;

--
-- AUTO_INCREMENT de tabela `receber`
--
ALTER TABLE `receber`
  MODIFY `id` int(11) NOT NULL AUTO_INCREMENT, AUTO_INCREMENT=1788;

--
-- AUTO_INCREMENT de tabela `regioes`
--
ALTER TABLE `regioes`
  MODIFY `id` int(11) NOT NULL AUTO_INCREMENT, AUTO_INCREMENT=82;

--
-- AUTO_INCREMENT de tabela `registros`
--
ALTER TABLE `registros`
  MODIFY `id` int(11) NOT NULL AUTO_INCREMENT, AUTO_INCREMENT=331;

--
-- AUTO_INCREMENT de tabela `retorno`
--
ALTER TABLE `retorno`
  MODIFY `id` int(11) NOT NULL AUTO_INCREMENT, AUTO_INCREMENT=2;

--
-- AUTO_INCREMENT de tabela `retorno_gaiola`
--
ALTER TABLE `retorno_gaiola`
  MODIFY `id` int(11) NOT NULL AUTO_INCREMENT, AUTO_INCREMENT=323;

--
-- AUTO_INCREMENT de tabela `rotas`
--
ALTER TABLE `rotas`
  MODIFY `id` int(11) NOT NULL AUTO_INCREMENT, AUTO_INCREMENT=696;

--
-- AUTO_INCREMENT de tabela `servicos`
--
ALTER TABLE `servicos`
  MODIFY `id` int(11) NOT NULL AUTO_INCREMENT, AUTO_INCREMENT=8;

--
-- AUTO_INCREMENT de tabela `setores`
--
ALTER TABLE `setores`
  MODIFY `id` int(11) NOT NULL AUTO_INCREMENT, AUTO_INCREMENT=4;

--
-- AUTO_INCREMENT de tabela `status_detalhe`
--
ALTER TABLE `status_detalhe`
  MODIFY `id` int(11) NOT NULL AUTO_INCREMENT, AUTO_INCREMENT=5;

--
-- AUTO_INCREMENT de tabela `tipo`
--
ALTER TABLE `tipo`
  MODIFY `id` int(11) NOT NULL AUTO_INCREMENT, AUTO_INCREMENT=3;

--
-- AUTO_INCREMENT de tabela `usuarios`
--
ALTER TABLE `usuarios`
  MODIFY `id` int(11) NOT NULL AUTO_INCREMENT, AUTO_INCREMENT=29;

--
-- AUTO_INCREMENT de tabela `veiculos`
--
ALTER TABLE `veiculos`
  MODIFY `id` int(11) NOT NULL AUTO_INCREMENT, AUTO_INCREMENT=7;

--
-- Restrições para despejos de tabelas
--

--
-- Limitadores para a tabela `boletos`
--
ALTER TABLE `boletos`
  ADD CONSTRAINT `fk_boletos_entregadores1` FOREIGN KEY (`entregadores_id`) REFERENCES `entregadores` (`id`) ON DELETE NO ACTION ON UPDATE NO ACTION;

--
-- Limitadores para a tabela `boleto_producao`
--
ALTER TABLE `boleto_producao`
  ADD CONSTRAINT `fk_boleto_producao_boletos1` FOREIGN KEY (`boletos_id`) REFERENCES `boletos` (`id`) ON DELETE CASCADE,
  ADD CONSTRAINT `fk_boleto_producao_entregadores1` FOREIGN KEY (`entregadores_id`) REFERENCES `entregadores` (`id`) ON DELETE CASCADE,
  ADD CONSTRAINT `fk_boleto_producao_ocorrencias1` FOREIGN KEY (`ocorrencias_id`) REFERENCES `ocorrencias` (`id`) ON DELETE CASCADE,
  ADD CONSTRAINT `fk_boleto_producao_receber1` FOREIGN KEY (`receber_id`) REFERENCES `receber` (`id`) ON DELETE CASCADE;

--
-- Limitadores para a tabela `combustivel`
--
ALTER TABLE `combustivel`
  ADD CONSTRAINT `fk_combustivel_entregadores1` FOREIGN KEY (`entregadores_id`) REFERENCES `entregadores` (`id`),
  ADD CONSTRAINT `fk_combustivel_usuarios1` FOREIGN KEY (`usuarios_id`) REFERENCES `usuarios` (`id`),
  ADD CONSTRAINT `fk_combustivel_veiculos1` FOREIGN KEY (`veiculos_id`) REFERENCES `veiculos` (`id`);

--
-- Limitadores para a tabela `destinatario`
--
ALTER TABLE `destinatario`
  ADD CONSTRAINT `fk_destinatario_notafiscal1` FOREIGN KEY (`notafiscal_id`) REFERENCES `notafiscal` (`id`) ON DELETE CASCADE ON UPDATE NO ACTION;

--
-- Limitadores para a tabela `entregador_detalhe`
--
ALTER TABLE `entregador_detalhe`
  ADD CONSTRAINT `fk_entregador_detalhe_boletos1` FOREIGN KEY (`boletos_id`) REFERENCES `boletos` (`id`) ON DELETE CASCADE ON UPDATE NO ACTION,
  ADD CONSTRAINT `fk_entregador_detalhe_entregadores1` FOREIGN KEY (`entregadores_id`) REFERENCES `entregadores` (`id`) ON DELETE CASCADE ON UPDATE NO ACTION,
  ADD CONSTRAINT `fk_entregador_detalhe_ocorrencias1` FOREIGN KEY (`ocorrencias_id`) REFERENCES `ocorrencias` (`id`) ON DELETE CASCADE ON UPDATE NO ACTION;

--
-- Limitadores para a tabela `entregador_qtd`
--
ALTER TABLE `entregador_qtd`
  ADD CONSTRAINT `fk_entregador_qtd_entregadores1` FOREIGN KEY (`entregadores_id`) REFERENCES `entregadores` (`id`) ON DELETE CASCADE ON UPDATE NO ACTION,
  ADD CONSTRAINT `fk_entregador_qtd_receber1` FOREIGN KEY (`receber_id`) REFERENCES `receber` (`id`) ON DELETE CASCADE ON UPDATE NO ACTION;

--
-- Limitadores para a tabela `importacao`
--
ALTER TABLE `importacao`
  ADD CONSTRAINT `fk_importacao_notafiscal1` FOREIGN KEY (`notafiscal_id`) REFERENCES `notafiscal` (`id`) ON DELETE CASCADE ON UPDATE NO ACTION;

--
-- Limitadores para a tabela `produtos`
--
ALTER TABLE `produtos`
  ADD CONSTRAINT `fk_produtos_destinatario1` FOREIGN KEY (`destinatario_id`) REFERENCES `destinatario` (`id`) ON DELETE CASCADE ON UPDATE NO ACTION,
  ADD CONSTRAINT `fk_produtos_notafiscal1` FOREIGN KEY (`notafiscal_id`) REFERENCES `notafiscal` (`id`) ON DELETE CASCADE ON UPDATE NO ACTION;
COMMIT;

/*!40101 SET CHARACTER_SET_CLIENT=@OLD_CHARACTER_SET_CLIENT */;
/*!40101 SET CHARACTER_SET_RESULTS=@OLD_CHARACTER_SET_RESULTS */;
/*!40101 SET COLLATION_CONNECTION=@OLD_COLLATION_CONNECTION */;
