CREATE DATABASE  IF NOT EXISTS `db_producao3` /*!40100 DEFAULT CHARACTER SET utf8mb4 */;
USE `db_producao3`;
-- MariaDB dump 10.18  Distrib 10.4.17-MariaDB, for Win64 (AMD64)
--
-- Host: 127.0.0.1    Database: db_producao3
-- ------------------------------------------------------
-- Server version	10.4.17-MariaDB

/*!40101 SET @OLD_CHARACTER_SET_CLIENT=@@CHARACTER_SET_CLIENT */;
/*!40101 SET @OLD_CHARACTER_SET_RESULTS=@@CHARACTER_SET_RESULTS */;
/*!40101 SET @OLD_COLLATION_CONNECTION=@@COLLATION_CONNECTION */;
/*!40101 SET NAMES utf8 */;
/*!40103 SET @OLD_TIME_ZONE=@@TIME_ZONE */;
/*!40103 SET TIME_ZONE='+00:00' */;
/*!40014 SET @OLD_UNIQUE_CHECKS=@@UNIQUE_CHECKS, UNIQUE_CHECKS=0 */;
/*!40014 SET @OLD_FOREIGN_KEY_CHECKS=@@FOREIGN_KEY_CHECKS, FOREIGN_KEY_CHECKS=0 */;
/*!40101 SET @OLD_SQL_MODE=@@SQL_MODE, SQL_MODE='NO_AUTO_VALUE_ON_ZERO' */;
/*!40111 SET @OLD_SQL_NOTES=@@SQL_NOTES, SQL_NOTES=0 */;

--
-- Table structure for table `acessos`
--

DROP TABLE IF EXISTS `acessos`;
/*!40101 SET @saved_cs_client     = @@character_set_client */;
/*!40101 SET character_set_client = utf8 */;
CREATE TABLE `acessos` (
  `id` int(11) NOT NULL AUTO_INCREMENT,
  `nivel` varchar(45) DEFAULT NULL,
  PRIMARY KEY (`id`)
) ENGINE=InnoDB AUTO_INCREMENT=7 DEFAULT CHARSET=utf8mb4;
/*!40101 SET character_set_client = @saved_cs_client */;

--
-- Dumping data for table `acessos`
--

LOCK TABLES `acessos` WRITE;
/*!40000 ALTER TABLE `acessos` DISABLE KEYS */;
INSERT INTO `acessos` VALUES (1,'admin'),(2,'Assitente Ecommece'),(3,'Coordenador'),(4,'Auxiliar'),(5,'Assitente Editorial'),(6,'Cliente');
/*!40000 ALTER TABLE `acessos` ENABLE KEYS */;
UNLOCK TABLES;

--
-- Table structure for table `backlog`
--

DROP TABLE IF EXISTS `backlog`;
/*!40101 SET @saved_cs_client     = @@character_set_client */;
/*!40101 SET character_set_client = utf8 */;
CREATE TABLE `backlog` (
  `id` int(11) NOT NULL AUTO_INCREMENT,
  `data` datetime DEFAULT current_timestamp(),
  `qtd` int(11) DEFAULT NULL,
  `status` int(11) DEFAULT NULL,
  `entregadores_id` int(11) NOT NULL,
  `ocorrencias_id` int(11) NOT NULL,
  `tipo_id` int(11) NOT NULL,
  `producao_id` int(11) NOT NULL,
  PRIMARY KEY (`id`),
  KEY `fk_retorno_ocorrencias1_idx1` (`ocorrencias_id`),
  KEY `fk_retorno_entregadores1_idx1` (`entregadores_id`),
  KEY `fk_retorno_tipo1_idx1` (`tipo_id`),
  KEY `fk_backlog_producao1_idx` (`producao_id`)
) ENGINE=InnoDB DEFAULT CHARSET=utf8mb4;
/*!40101 SET character_set_client = @saved_cs_client */;

--
-- Dumping data for table `backlog`
--

LOCK TABLES `backlog` WRITE;
/*!40000 ALTER TABLE `backlog` DISABLE KEYS */;
/*!40000 ALTER TABLE `backlog` ENABLE KEYS */;
UNLOCK TABLES;

--
-- Table structure for table `boleto_producao`
--

DROP TABLE IF EXISTS `boleto_producao`;
/*!40101 SET @saved_cs_client     = @@character_set_client */;
/*!40101 SET character_set_client = utf8 */;
CREATE TABLE `boleto_producao` (
  `id` int(11) NOT NULL AUTO_INCREMENT,
  `data` varchar(45) DEFAULT NULL,
  `codigo` varchar(45) DEFAULT NULL,
  `destinatario` varchar(225) DEFAULT NULL,
  `status` int(11) DEFAULT NULL,
  `boletos_id` int(11) NOT NULL,
  `ocorrencias_id` int(11) NOT NULL,
  `entregadores_id` int(11) NOT NULL,
  `receber_id` int(11) NOT NULL,
  PRIMARY KEY (`id`),
  KEY `fk_boleto_producao_boletos1_idx` (`boletos_id`),
  KEY `fk_boleto_producao_ocorrencias1_idx` (`ocorrencias_id`),
  KEY `fk_boleto_producao_entregadores1_idx` (`entregadores_id`),
  KEY `fk_boleto_producao_receber1_idx` (`receber_id`),
  CONSTRAINT `fk_boleto_producao_boletos1` FOREIGN KEY (`boletos_id`) REFERENCES `boletos` (`id`) ON DELETE CASCADE,
  CONSTRAINT `fk_boleto_producao_entregadores1` FOREIGN KEY (`entregadores_id`) REFERENCES `entregadores` (`id`) ON DELETE CASCADE,
  CONSTRAINT `fk_boleto_producao_ocorrencias1` FOREIGN KEY (`ocorrencias_id`) REFERENCES `ocorrencias` (`id`) ON DELETE CASCADE,
  CONSTRAINT `fk_boleto_producao_receber1` FOREIGN KEY (`receber_id`) REFERENCES `receber` (`id`) ON DELETE CASCADE
) ENGINE=InnoDB AUTO_INCREMENT=287 DEFAULT CHARSET=utf8mb4;
/*!40101 SET character_set_client = @saved_cs_client */;

--
-- Dumping data for table `boleto_producao`
--

LOCK TABLES `boleto_producao` WRITE;
/*!40000 ALTER TABLE `boleto_producao` DISABLE KEYS */;
INSERT INTO `boleto_producao` VALUES (247,'2023-08-11T11:08:24','21230809204187000381550010003848631154673454','',2,33882,29,198,1807),(250,'2023-08-11T11:09:10','21230809204187000381550010003848621667090497','',1,33886,29,200,1807),(251,'2023-08-10T11:19:27','21230809204187000381550010003848681966915050','',1,33887,29,198,1808),(252,'2023-08-11T11:19:27','21230809204187000381550010003848721001842933','',1,33888,29,198,1808),(253,'2023-08-11T11:19:27','21230809204187000381550010003848741611646148','',1,33889,29,198,1808),(254,'2023-08-11T11:19:27','21230809204187000381550010003848781315356849','',1,33890,29,198,1808),(255,'2023-08-11T15:08:12','21230809204187000381550010003848631154673454','',1,33882,29,198,1807),(257,'2023-08-11T11:09:10','21230809204187000381550010003848661932266941','',1,33885,29,201,1807),(258,'2023-08-11T11:19:27','21230809204187000381550010003848801798567112','',1,33892,29,158,1808),(259,'2023-08-11T11:19:27','21230809204187000381550010003848771757964138','',1,33893,29,200,1808),(260,'2023-08-11T11:19:27','21230809204187000381550010003848861098920646','',1,33894,29,200,1808),(261,'2023-08-11T11:19:27','21230809204187000381550010003848831149438925','',1,33895,29,200,1808),(262,'2023-08-11T11:19:27','21230809204187000381550010003848841038730498','',1,33896,29,200,1808),(263,'2023-08-11T11:19:27','21230809204187000381550010003848701153048445','',1,33897,29,197,1808),(264,'2023-08-11T11:19:27','21230809204187000381550010003848761388638602','',1,33898,29,197,1808),(265,'2023-08-11T11:19:27','21230809204187000381550010003848851242813263','',1,33901,29,197,1808),(266,'2023-08-11T11:19:27','21230809204187000381550010003848811847148405','',1,33902,29,83,1808),(268,'2023-08-12T09:08:07','21230809204187000381550010003848821119729746','',1,33891,29,198,1808),(273,'2023-08-12T09:08:36','21230809204187000381550010003848641904342642','',1,33883,29,198,1807),(274,'2023-08-18T11:19:27','21230809204187000381550010003848791466764048','',1,33906,29,73,1808),(275,'2023-08-18T11:19:27','21230809204187000381550010003848731955686046','',1,33907,29,73,1808),(276,'2023-08-11T11:19:27','21230809204187000381550010003848691011913943','',1,33908,29,73,1808),(281,'2023-08-15T14:18:51','21230809204187000381550010003848421752168869','',1,33916,29,202,1809),(282,'2023-08-12T09:08:49','21230809204187000381550010003848671282402983','',1,33884,29,201,1807);
/*!40000 ALTER TABLE `boleto_producao` ENABLE KEYS */;
UNLOCK TABLES;

--
-- Table structure for table `boletos`
--

DROP TABLE IF EXISTS `boletos`;
/*!40101 SET @saved_cs_client     = @@character_set_client */;
/*!40101 SET character_set_client = utf8 */;
CREATE TABLE `boletos` (
  `id` int(11) NOT NULL AUTO_INCREMENT,
  `data` timestamp NULL DEFAULT NULL,
  `coleta` timestamp NULL DEFAULT NULL,
  `data_inicio` date DEFAULT NULL,
  `data_fim` date DEFAULT NULL,
  `nota` varchar(45) DEFAULT NULL,
  `sequencia` int(11) DEFAULT NULL,
  `vencimento` timestamp NULL DEFAULT NULL,
  `codigo` varchar(45) DEFAULT NULL,
  `destinatario` varchar(100) DEFAULT NULL,
  `cliente` varchar(100) DEFAULT NULL,
  `cep` varchar(45) DEFAULT NULL,
  `endereco` varchar(255) DEFAULT NULL,
  `bairro` varchar(100) DEFAULT NULL,
  `numero` varchar(45) DEFAULT NULL,
  `logradouro` varchar(225) DEFAULT NULL,
  `municipio` varchar(100) DEFAULT NULL,
  `estado` varchar(100) DEFAULT NULL,
  `tipo` varchar(45) DEFAULT NULL,
  `status` varchar(45) DEFAULT NULL,
  `cpf` varchar(45) DEFAULT NULL,
  `telefone` varchar(45) DEFAULT NULL,
  `email` varchar(45) DEFAULT NULL,
  `obs` varchar(255) DEFAULT NULL,
  `receber_id` int(11) NOT NULL,
  `ocorrencias_id` int(11) NOT NULL,
  `entregadores_id` int(11) NOT NULL,
  `notafiscal_id` int(11) DEFAULT NULL,
  `destinatario_id` int(11) DEFAULT NULL,
  `remessa` varchar(100) NOT NULL,
  PRIMARY KEY (`id`),
  KEY `fk_boletos_receber1_idx` (`receber_id`),
  KEY `fk_boletos_ocorrencias1_idx` (`ocorrencias_id`),
  KEY `fk_boletos_entregadores1_idx` (`entregadores_id`),
  CONSTRAINT `fk_boletos_entregadores1` FOREIGN KEY (`entregadores_id`) REFERENCES `entregadores` (`id`) ON DELETE NO ACTION ON UPDATE NO ACTION
) ENGINE=InnoDB AUTO_INCREMENT=33922 DEFAULT CHARSET=utf8mb4;
/*!40101 SET character_set_client = @saved_cs_client */;

--
-- Dumping data for table `boletos`
--

LOCK TABLES `boletos` WRITE;
/*!40000 ALTER TABLE `boletos` DISABLE KEYS */;
INSERT INTO `boletos` VALUES (33865,'2023-08-19 13:08:18','2023-08-15 17:18:51','2023-08-08','2023-08-09','384847 - 1',32,'2023-08-09 03:00:00','21230809204187000381550010003848471939440437',NULL,'Jafra - Maranhao',NULL,NULL,NULL,NULL,NULL,NULL,NULL,'CAIXA','1',NULL,'9882241692','solangeoliveira24@gmail.com','',1805,29,73,491,468,''),(33866,'2023-08-19 13:08:56','2023-08-15 17:18:51','2023-08-08','2023-08-09','384837 - 1',33,'2023-08-09 03:00:00','21230809204187000381550010003848371503840164',NULL,'Jafra - Maranhao',NULL,NULL,NULL,NULL,NULL,NULL,NULL,'CAIXA','1',NULL,'9870222575','josyleiaalves03@gmail.com','',1805,29,201,486,463,''),(33867,'2023-08-19 13:08:04','2023-08-15 17:18:51','2023-08-08','2023-08-09','384845 - 1',31,'2023-08-09 03:00:00','21230809204187000381550010003848451263911447',NULL,'Jafra - Maranhao',NULL,NULL,NULL,NULL,NULL,NULL,NULL,'CAIXA','1',NULL,'9898145146','ritadeclaudia@gmail.com','',1805,29,73,490,467,''),(33868,'2023-08-11 12:08:52','2023-08-08 14:30:33','2023-08-08','2023-08-09','384851 - 1',3,'2023-08-09 03:00:00','21230809204187000381550010003848511464046414',NULL,'Jafra - Maranhao',NULL,NULL,NULL,NULL,NULL,NULL,NULL,'CAIXA','1',NULL,'9833017770','socorrinhojafra1@gmail.com','',1805,29,101,494,471,''),(33869,'2023-08-12 12:08:26','2023-08-08 14:36:10','2023-08-08','2023-08-09','384857 - 1',17,'2023-08-09 03:00:00','21230809204187000381550010003848571701746248',NULL,'Jafra - Maranhao',NULL,NULL,NULL,NULL,NULL,NULL,NULL,'CAIXA','1',NULL,'9887855580','pessoaanadosreis@gmail.com','',1805,29,136,498,475,''),(33870,'2023-08-17 12:08:14','2023-08-15 17:18:51','2023-08-08','2023-08-09','384843 - 1',30,'2023-08-09 03:00:00','21230809204187000381550010003848431003757460',NULL,'Jafra - Maranhao',NULL,NULL,NULL,NULL,NULL,NULL,NULL,'CAIXA','1',NULL,'9887022328','taniaconsultorajafra@gmail.com','',1805,29,201,489,466,''),(33871,'2023-08-11 19:08:17','2023-08-15 17:18:51','2023-08-08','2023-08-09','384841 - 1',11,'2023-08-09 03:00:00','21230809204187000381550010003848411815798654',NULL,'Jafra - Maranhao',NULL,NULL,NULL,NULL,NULL,NULL,NULL,'CAIXA','1',NULL,'98985504630','sliane653@gmail.com','',1805,29,103,487,464,''),(33874,'2023-08-11 19:08:00','2023-08-09 15:06:44','2023-08-09','2023-08-09','384848 - 1',10,'2023-08-09 03:00:00','21230809204187000381550010003848481129392343',NULL,'Jafra - Maranhao',NULL,NULL,NULL,NULL,NULL,NULL,NULL,'CAIXA','1',NULL,'9899065690','yvonete.lima@hotmail.com','',1805,29,103,492,469,''),(33875,'2023-08-09 19:08:45','2023-08-21 19:36:42','2023-08-08','2023-08-09','384854 - 1',1,'2023-08-09 03:00:00','21230809204187000381550010003848541889147639',NULL,'Jafra - Maranhao',NULL,NULL,NULL,NULL,NULL,NULL,NULL,'CAIXA','1',NULL,'98996216750','mgessianeribeiro@gmail.com','',1805,29,99,496,473,''),(33876,'2023-08-09 19:08:01','2023-08-08 19:42:08','2023-08-08','2023-08-09','384849 - 1',2,'2023-08-09 03:00:00','21230809204187000381550010003848491644179988',NULL,'Jafra - Maranhao',NULL,NULL,NULL,NULL,NULL,NULL,NULL,'CAIXA','1',NULL,'98991467171','jbr.santos@hotmail.com','',1805,29,99,493,470,''),(33877,'2023-08-11 12:08:48','2023-08-08 12:52:08','2023-08-08','2023-08-09','384861 - 1',4,'2023-08-09 03:00:00','21230809204187000381550010003848611468046644',NULL,'Jafra - Maranhao',NULL,NULL,NULL,NULL,NULL,NULL,NULL,'CAIXA','1',NULL,'98989072763','angelacarla27@hotmail.com','',1805,29,99,501,478,''),(33878,'2023-08-11 12:08:19','2023-08-08 12:52:08','2023-08-08','2023-08-09','384859 - 1',5,'2023-08-09 03:00:00','21230809204187000381550010003848591174104541',NULL,'Jafra - Maranhao',NULL,NULL,NULL,NULL,NULL,NULL,NULL,'CAIXA','1',NULL,'9887414845','franciscajafra067@hotmail.com','',1805,29,98,499,476,''),(33879,'2023-08-11 13:08:31','2023-08-08 13:12:20','2023-08-08','2023-08-09','384852 - 1',6,'2023-08-09 03:00:00','21230809204187000381550010003848521199331834',NULL,'Jafra - Maranhao',NULL,NULL,NULL,NULL,NULL,NULL,NULL,'CAIXA','1',NULL,'98987158859','aderaldajafrabrasil@hotmail.com','',1805,29,197,495,472,''),(33880,'2023-08-11 13:08:42','2023-08-08 13:12:20','2023-08-08','2023-08-09','384856 - 1',7,'2023-08-09 03:00:00','21230809204187000381550010003848561382054908',NULL,'Jafra - Maranhao',NULL,NULL,NULL,NULL,NULL,NULL,NULL,'CAIXA','1',NULL,'9888374996','fabienialdacir3320@gmail.com','',1805,29,197,497,474,''),(33881,'2023-08-11 13:08:54','2023-08-08 13:12:20','2023-08-08','2023-08-09','384860 - 1',8,'2023-08-09 03:00:00','21230809204187000381550010003848601887650292',NULL,'Jafra - Maranhao',NULL,NULL,NULL,NULL,NULL,NULL,NULL,'CAIXA','1',NULL,'98989138170','matheus_guimaraessantana@hotmail.com','',1805,29,197,500,477,''),(33882,'2023-08-12 12:08:18','2023-08-09 14:09:30','2023-08-09','2023-08-10','384863 - 1',17,'2023-08-10 03:00:00','21230809204187000381550010003848631154673454',NULL,'Jafra - Maranhao',NULL,NULL,NULL,NULL,NULL,NULL,NULL,'CAIXA','1',NULL,'9888770756','selmamariacolins.2018@gmail.com','',1807,29,198,503,480,''),(33883,'2023-08-19 13:08:54','2023-08-09 14:09:30','2023-08-09','2023-08-10','384864 - 1',34,'2023-08-10 03:00:00','21230809204187000381550010003848641904342642',NULL,'Jafra - Maranhao',NULL,NULL,NULL,NULL,NULL,NULL,NULL,'CAIXA','1',NULL,'9898351402','laura25sol@hotmail.com','',1807,29,198,504,481,''),(33884,'2023-08-21 20:08:38','2023-08-09 14:11:08','2023-08-09','2023-08-10','384867 - 1',43,'2023-08-10 03:00:00','21230809204187000381550010003848671282402983',NULL,'Jafra - Maranhao',NULL,NULL,NULL,NULL,NULL,NULL,NULL,'CAIXA','1',NULL,'9891118740','luiizaah@outlook.com','',1807,29,201,506,483,''),(33885,'2023-08-12 12:08:25','2023-08-09 14:11:08','2023-08-09','2023-08-10','384866 - 1',18,'2023-08-10 03:00:00','21230809204187000381550010003848661932266941',NULL,'Jafra - Maranhao',NULL,NULL,NULL,NULL,NULL,NULL,NULL,'CAIXA','1',NULL,'9888162921','iracemasoares198@gmail.com','',1807,29,201,505,482,''),(33886,'2023-08-11 19:08:00','2023-08-09 14:12:05','2023-08-09','2023-08-10','384862 - 1',12,'2023-08-10 03:00:00','21230809204187000381550010003848621667090497',NULL,'Jafra - Maranhao',NULL,NULL,NULL,NULL,NULL,NULL,NULL,'CAIXA','1',NULL,'9888325571','N.alva32@hotmail.com','',1807,29,200,502,479,''),(33887,'2023-08-12 12:08:34','2023-08-10 14:22:04','2023-08-10','2023-08-11','384868 - 1',13,'2023-08-11 03:00:00','21230809204187000381550010003848681966915050',NULL,'Jafra - Maranhao',NULL,NULL,NULL,NULL,NULL,NULL,NULL,'CAIXA','1',NULL,'9888381499','araujo_meire@yahoo.com.br','',1808,29,198,512,484,''),(33888,'2023-08-12 12:08:21','2023-08-10 14:22:04','2023-08-10','2023-08-11','384872 - 1',14,'2023-08-11 03:00:00','21230809204187000381550010003848721001842933',NULL,'Jafra - Maranhao',NULL,NULL,NULL,NULL,NULL,NULL,NULL,'CAIXA','1',NULL,'98982116143','maryteixeira.tex@gmail.com','',1808,29,198,515,487,''),(33889,'2023-08-12 12:08:44','2023-08-10 14:22:04','2023-08-10','2023-08-11','384874 - 1',15,'2023-08-11 03:00:00','21230809204187000381550010003848741611646148',NULL,'Jafra - Maranhao',NULL,NULL,NULL,NULL,NULL,NULL,NULL,'CAIXA','1',NULL,'9832767789','gracinethborralho1@gmail.com','',1808,29,198,517,489,''),(33890,'2023-08-12 12:08:02','2023-08-10 14:22:04','2023-08-10','2023-08-11','384878 - 1',16,'2023-08-11 03:00:00','21230809204187000381550010003848781315356849',NULL,'Jafra - Maranhao',NULL,NULL,NULL,NULL,NULL,NULL,NULL,'CAIXA','1',NULL,'988947072','patricialiana@gmail.com','',1808,29,198,520,492,''),(33891,'2023-08-17 12:08:12','2023-08-10 14:22:04','2023-08-10','2023-08-11','384882 - 1',29,'2023-08-11 03:00:00','21230809204187000381550010003848821119729746',NULL,'Jafra - Maranhao',NULL,NULL,NULL,NULL,NULL,NULL,NULL,'CAIXA','1',NULL,'9898135190','e_a306da1a06c4bfb373467aac547414f1@jafra.com','',1808,29,198,524,496,''),(33892,'2023-08-12 12:08:58','2023-08-10 14:24:40','2023-08-10','2023-08-11','384880 - 1',19,'2023-08-11 03:00:00','21230809204187000381550010003848801798567112',NULL,'Jafra - Maranhao',NULL,NULL,NULL,NULL,NULL,NULL,NULL,'CAIXA','1',NULL,'9887056794','juanicerocha55@gmail.com','',1808,29,158,522,494,''),(33893,'2023-08-12 12:08:58','2023-08-10 14:26:17','2023-08-10','2023-08-11','384877 - 1',20,'2023-08-11 03:00:00','21230809204187000381550010003848771757964138',NULL,'Jafra - Maranhao',NULL,NULL,NULL,NULL,NULL,NULL,NULL,'CAIXA','1',NULL,'98984232791','a984232791@gmail.com','',1808,29,200,519,491,''),(33894,'2023-08-12 12:08:10','2023-08-10 14:26:17','2023-08-10','2023-08-11','384886 - 1',21,'2023-08-11 03:00:00','21230809204187000381550010003848861098920646',NULL,'Jafra - Maranhao',NULL,NULL,NULL,NULL,NULL,NULL,NULL,'CAIXA','1',NULL,'9888081230','rosemaryalvess2020@gmail.com','',1808,29,200,528,500,''),(33895,'2023-08-12 12:08:20','2023-08-10 14:26:17','2023-08-10','2023-08-11','384883 - 1',22,'2023-08-11 03:00:00','21230809204187000381550010003848831149438925',NULL,'Jafra - Maranhao',NULL,NULL,NULL,NULL,NULL,NULL,NULL,'CAIXA','1',NULL,'98987384297','franciscamachadodeazevedo@outlook.com','',1808,29,200,525,497,''),(33896,'2023-08-12 12:08:31','2023-08-10 14:26:17','2023-08-10','2023-08-11','384884 - 1',23,'2023-08-11 03:00:00','21230809204187000381550010003848841038730498',NULL,'Jafra - Maranhao',NULL,NULL,NULL,NULL,NULL,NULL,NULL,'CAIXA','1',NULL,'9899752949','kerllyanep@gmail.com','',1808,29,200,526,498,''),(33897,'2023-08-16 14:08:15','2023-08-10 19:32:47','2023-08-10','2023-08-11','384870 - 1',24,'2023-08-11 03:00:00','21230809204187000381550010003848701153048445',NULL,'Jafra - Maranhao',NULL,NULL,NULL,NULL,NULL,NULL,NULL,'CAIXA','1',NULL,'9832241519','keslleybruzaca@hotmail.com','',1808,29,197,514,486,''),(33898,'2023-08-16 14:08:37','2023-08-10 19:32:47','2023-08-10','2023-08-11','384876 - 1',25,'2023-08-11 03:00:00','21230809204187000381550010003848761388638602',NULL,'Jafra - Maranhao',NULL,NULL,NULL,NULL,NULL,NULL,NULL,'CAIXA','1',NULL,'98985134230','lilikaoliveiradasilva@gmail.com','',1808,29,197,518,490,''),(33899,'2023-08-15 17:20:04','2023-08-14 13:55:52','2023-08-14','2023-08-15','384926 - 1',NULL,'2023-08-15 03:00:00','21230809204187000381550010003849261396010440',NULL,'Jafra - Maranhao',NULL,NULL,NULL,NULL,NULL,NULL,NULL,'CAIXA','4',NULL,NULL,NULL,NULL,1810,18,158,NULL,NULL,''),(33900,'2023-08-15 17:20:04','2023-08-14 13:55:52','2023-08-14','2023-08-15','384898 - 1',28,'2023-08-15 03:00:00','21230809204187000381550010003848981586824477',NULL,'Jafra - Maranhao',NULL,NULL,NULL,NULL,NULL,NULL,NULL,'CAIXA',NULL,NULL,'98982075281','terezinharicardodesousa@gmail.com','CLIENTE AUSENTE, E CASA FECHADA',1810,6,158,538,510,''),(33901,'2023-08-16 14:08:51','2023-08-10 19:48:33','2023-08-10','2023-08-11','384885 - 1',26,'2023-08-11 03:00:00','21230809204187000381550010003848851242813263',NULL,'Jafra - Maranhao',NULL,NULL,NULL,NULL,NULL,NULL,NULL,'CAIXA','1',NULL,'9991780032','marlenemarreiros50@gmail.com','',1808,29,197,527,499,''),(33902,'2023-08-16 14:08:15','2023-08-10 19:48:33','2023-08-10','2023-08-11','384881 - 1',27,'2023-08-11 03:00:00','21230809204187000381550010003848811847148405',NULL,'Jafra - Maranhao',NULL,NULL,NULL,NULL,NULL,NULL,NULL,'CAIXA','1',NULL,'98987071395','alexsandradfms@gmail.com','',1808,29,83,523,495,''),(33906,'2023-08-19 14:08:22','2023-08-10 14:04:01','2023-08-10','2023-08-11','384879 - 1',35,'2023-08-11 03:00:00','21230809204187000381550010003848791466764048',NULL,'Jafra - Maranhao',NULL,NULL,NULL,NULL,NULL,NULL,NULL,'CAIXA','1',NULL,'98984990904','vmillena54@gmail.com','',1808,29,73,521,493,'Remessa - 36768a12'),(33907,'2023-08-19 14:08:34','2023-08-10 14:04:01','2023-08-10','2023-08-11','384873 - 1',36,'2023-08-11 03:00:00','21230809204187000381550010003848731955686046',NULL,'Jafra - Maranhao',NULL,NULL,NULL,NULL,NULL,NULL,NULL,'CAIXA','1',NULL,'98992028182','iracemamoutinho13@gmail.com','',1808,29,73,516,488,'Remessa - 36768a12'),(33908,'2023-08-19 14:08:56','2023-08-10 14:04:01','2023-08-10','2023-08-11','384869 - 1',37,'2023-08-11 03:00:00','21230809204187000381550010003848691011913943',NULL,'Jafra - Maranhao',NULL,NULL,NULL,NULL,NULL,NULL,NULL,'CAIXA','1',NULL,'98986057822','nildajafra2020@hotmail.com','',1808,29,73,513,485,'Remessa - 36768a12'),(33916,'2023-08-21 17:08:10','2023-08-14 17:20:39','2023-08-14','2023-08-15','384842 - 1',42,'2023-08-15 03:00:00','21230809204187000381550010003848421752168869',NULL,'Jafra - Maranhao',NULL,NULL,NULL,NULL,NULL,NULL,NULL,'CAIXA','1',NULL,'9884597925','pt1046742@gmail.com','',1809,29,202,488,465,'Remessa - 1dfe56b8'),(33918,'2023-08-22 17:08:46','2023-08-22 17:17:21',NULL,NULL,'45536',46,'2023-08-22 17:16:23','123','MonteNegro Express',NULL,NULL,NULL,NULL,NULL,NULL,NULL,NULL,'BOLETOS','1',NULL,NULL,NULL,'',1821,29,145,NULL,635,'RM-940119'),(33919,'2023-08-22 17:08:41','2023-08-22 17:17:25',NULL,NULL,'45536',46,'2023-08-22 17:16:23','456','MonteNegro Express',NULL,NULL,NULL,NULL,NULL,NULL,NULL,NULL,'BOLETOS','1',NULL,NULL,NULL,'',1821,29,145,NULL,636,'RM-940119');
/*!40000 ALTER TABLE `boletos` ENABLE KEYS */;
UNLOCK TABLES;

--
-- Table structure for table `cargos`
--

DROP TABLE IF EXISTS `cargos`;
/*!40101 SET @saved_cs_client     = @@character_set_client */;
/*!40101 SET character_set_client = utf8 */;
CREATE TABLE `cargos` (
  `id` int(11) NOT NULL AUTO_INCREMENT,
  `nome` varchar(45) DEFAULT NULL,
  PRIMARY KEY (`id`)
) ENGINE=InnoDB AUTO_INCREMENT=13 DEFAULT CHARSET=utf8mb4;
/*!40101 SET character_set_client = @saved_cs_client */;

--
-- Dumping data for table `cargos`
--

LOCK TABLES `cargos` WRITE;
/*!40000 ALTER TABLE `cargos` DISABLE KEYS */;
INSERT INTO `cargos` VALUES (1,'Asssistente de Logística'),(2,'Coordenadora de Logística'),(3,'Asssistente de Logística'),(4,'Supervisor de Operações Logísticas Interior'),(5,'Encarregada de Expedição'),(6,'Assistente da qualidade'),(7,'Auxiliar de Logística E-commerce'),(8,'Diretora'),(9,'Assistente Financeiro'),(10,'Coordenadora de RH'),(11,'Auxiliar de Logística Editorial'),(12,'Cliente Externo');
/*!40000 ALTER TABLE `cargos` ENABLE KEYS */;
UNLOCK TABLES;

--
-- Table structure for table `clientes`
--

DROP TABLE IF EXISTS `clientes`;
/*!40101 SET @saved_cs_client     = @@character_set_client */;
/*!40101 SET character_set_client = utf8 */;
CREATE TABLE `clientes` (
  `id` int(11) NOT NULL AUTO_INCREMENT,
  `nome` varchar(100) DEFAULT NULL,
  `data` timestamp NULL DEFAULT current_timestamp(),
  `telefone` varchar(45) DEFAULT NULL,
  `email` varchar(45) DEFAULT NULL,
  `cnpj` varchar(45) DEFAULT NULL,
  `foto` varchar(45) DEFAULT NULL,
  `usuarios_id` int(11) NOT NULL,
  `setores_id` int(11) NOT NULL,
  PRIMARY KEY (`id`),
  KEY `fk_clientes_usuarios1_idx` (`usuarios_id`),
  KEY `fk_clientes_setores1_idx` (`setores_id`)
) ENGINE=InnoDB AUTO_INCREMENT=26 DEFAULT CHARSET=utf8mb4;
/*!40101 SET character_set_client = @saved_cs_client */;

--
-- Dumping data for table `clientes`
--

LOCK TABLES `clientes` WRITE;
/*!40000 ALTER TABLE `clientes` DISABLE KEYS */;
INSERT INTO `clientes` VALUES (7,'HAPVIDA','2021-07-03 00:04:14',NULL,NULL,NULL,NULL,7,3),(8,'GFL','2021-07-05 19:01:25',NULL,NULL,NULL,NULL,7,1),(9,'DBA','2021-07-05 19:25:30',NULL,NULL,NULL,NULL,7,1),(10,'NT LOG','2021-07-05 19:35:18',NULL,NULL,NULL,NULL,7,1),(14,'FLASH','2022-04-20 17:37:34',NULL,NULL,NULL,NULL,4,3),(15,'VITALMED','2022-04-20 17:38:00',NULL,NULL,NULL,NULL,4,3),(16,'ACM','2022-04-20 17:38:13',NULL,NULL,NULL,NULL,4,3),(17,'UNIMED','2022-04-20 17:38:26',NULL,NULL,NULL,NULL,4,3),(18,'HUMANA','2022-04-20 17:38:40',NULL,NULL,NULL,NULL,4,3),(19,'ODORATA','2022-04-20 17:38:54',NULL,NULL,NULL,NULL,4,3),(20,'ACOMAC','2022-04-20 17:39:09',NULL,NULL,NULL,NULL,4,3),(21,'SINTEMA','2022-04-20 17:39:21',NULL,NULL,NULL,NULL,4,3),(22,'MARY KAY','2022-04-20 17:39:40',NULL,NULL,NULL,NULL,4,3),(23,'UNIHOSP','2022-05-04 14:51:29',NULL,NULL,NULL,NULL,4,3),(24,'J&T','2022-11-03 11:50:52',NULL,NULL,NULL,NULL,23,1),(25,'JAFRA COSMÉTICOS','2023-07-06 11:50:52',NULL,NULL,NULL,'./imgs/jf.jpg',28,1);
/*!40000 ALTER TABLE `clientes` ENABLE KEYS */;
UNLOCK TABLES;

--
-- Table structure for table `combustivel`
--

DROP TABLE IF EXISTS `combustivel`;
/*!40101 SET @saved_cs_client     = @@character_set_client */;
/*!40101 SET character_set_client = utf8 */;
CREATE TABLE `combustivel` (
  `id` int(11) NOT NULL AUTO_INCREMENT,
  `data` datetime DEFAULT NULL,
  `placa` varchar(45) DEFAULT NULL,
  `valor` decimal(10,2) DEFAULT NULL,
  `entregadores_id` int(11) NOT NULL,
  `veiculos_id` int(11) NOT NULL,
  `usuarios_id` int(11) NOT NULL,
  PRIMARY KEY (`id`),
  KEY `fk_combustivel_entregadores1_idx` (`entregadores_id`),
  KEY `fk_combustivel_usuarios1_idx` (`usuarios_id`),
  KEY `fk_combustivel_veiculos1_idx` (`veiculos_id`),
  CONSTRAINT `fk_combustivel_entregadores1` FOREIGN KEY (`entregadores_id`) REFERENCES `entregadores` (`id`),
  CONSTRAINT `fk_combustivel_usuarios1` FOREIGN KEY (`usuarios_id`) REFERENCES `usuarios` (`id`),
  CONSTRAINT `fk_combustivel_veiculos1` FOREIGN KEY (`veiculos_id`) REFERENCES `veiculos` (`id`)
) ENGINE=InnoDB AUTO_INCREMENT=777 DEFAULT CHARSET=utf8mb4;
/*!40101 SET character_set_client = @saved_cs_client */;

--
-- Dumping data for table `combustivel`
--

LOCK TABLES `combustivel` WRITE;
/*!40000 ALTER TABLE `combustivel` DISABLE KEYS */;
INSERT INTO `combustivel` VALUES (7,'2022-08-10 12:46:48','',40.00,88,1,4),(8,'2022-08-23 12:47:47','',40.00,88,1,4),(9,'2022-08-31 13:00:38','',50.00,98,1,4),(10,'2022-08-30 13:01:38','',50.00,101,1,4),(11,'2022-08-01 13:03:58','',40.00,83,1,4),(12,'2022-08-15 13:04:55','',40.00,83,1,4),(13,'2022-08-29 13:06:19','',40.00,83,1,4),(14,'2022-08-02 13:13:28','ROE9J35',200.00,137,3,4),(15,'2022-08-04 13:14:15','ROE9J35',265.43,172,3,4),(16,'2022-08-08 13:19:20','ROE9J35',200.00,172,3,4),(17,'2022-08-09 13:22:38','ROE9J35',418.03,137,3,4),(18,'2022-08-11 13:27:03','ROE9J35',200.00,137,3,4),(19,'2022-08-14 13:29:03','ROE9J35',239.62,172,3,4),(20,'2022-08-17 13:31:10','ROE9J35',200.00,137,3,4),(21,'2022-08-18 13:32:18','ROE9J35',340.56,172,3,4),(22,'2022-08-23 13:34:11','ROE9J35',150.00,137,3,4),(23,'2022-08-03 13:36:49','',50.00,99,1,4),(24,'2022-08-10 13:37:29','',50.00,99,1,4),(25,'2022-08-17 13:39:58','',40.00,99,1,4),(26,'2022-08-25 13:41:59','',50.00,99,1,4),(27,'2022-08-08 13:42:46','OJG7B04',40.00,91,1,4),(28,'2022-08-15 13:46:29','OJG7B04',40.00,91,1,4),(29,'2022-08-01 13:47:42','',40.00,158,1,4),(30,'2022-08-03 13:49:00','',40.00,158,1,4),(31,'2022-08-06 13:50:22','',50.00,158,1,4),(32,'2022-08-10 13:52:37','',40.00,158,1,4),(33,'2022-08-12 14:03:57','',40.00,158,1,4),(34,'2022-08-19 14:14:32','',40.00,158,1,4),(35,'2022-08-20 14:16:25','PSY9127',40.00,158,1,4),(36,'2022-08-26 14:18:06','',40.00,158,1,4),(37,'2022-08-03 14:30:20','OXZ1436',200.00,137,6,4),(38,'2022-08-04 14:35:31','OXZ1436',382.51,137,6,4),(39,'2022-08-06 14:36:49','OXZ1436',340.02,137,6,4),(40,'2022-08-12 14:38:07','OXZ1436',200.00,137,6,4),(41,'2022-08-17 14:39:39','OXZ1436',477.05,137,6,4),(42,'2022-08-19 14:40:47','OXZ1436',281.39,137,6,4),(43,'2022-08-23 14:41:56','OXZ1436',150.00,137,6,4),(44,'2022-08-26 14:43:02','OXZ1436',442.22,137,6,4),(45,'2022-08-28 14:44:26','OXZ1436',185.01,172,6,4),(46,'2022-08-28 14:46:40','OXZ1436',220.05,172,6,4),(47,'2022-08-30 14:48:33','OXZ1436',100.00,137,6,4),(48,'2022-08-30 14:49:33','OXZ1436',373.33,137,6,4),(51,'2022-08-05 15:26:42','NXC9712',40.00,136,1,4),(52,'2022-08-02 15:28:01','OXS5114',40.00,136,1,4),(53,'2022-08-05 15:30:05','OXS5114',10.00,136,1,4),(54,'2022-08-11 15:32:19','NXC9712',40.00,136,1,4),(55,'2022-08-16 15:35:16','OXS5114',40.00,136,1,4),(56,'2022-08-17 15:40:02','OXS5114',40.00,136,1,4),(57,'2022-08-19 15:42:23','OXS5114',40.00,136,1,4),(58,'2022-08-24 15:44:49','OXS5114',40.00,136,1,4),(59,'2022-08-27 15:47:22','OXS5114',40.00,136,1,4),(60,'2022-08-31 15:48:09','OXS5114',40.00,136,1,4),(61,'2022-08-01 15:50:20','OWX8854',80.00,172,2,4),(62,'2022-08-03 16:01:11','OWX8854',80.00,133,2,4),(63,'2022-08-04 16:02:43','OWX8854',80.00,137,2,4),(64,'2022-08-04 16:03:45','OWX8854',80.00,133,2,4),(65,'2022-08-06 16:13:09','OWX8854',80.00,137,2,4),(66,'2022-08-06 16:15:46','OWX8854',80.00,133,2,4),(67,'2022-08-09 13:04:55','OWX8854',80.00,137,2,4),(68,'2022-08-15 13:14:57','OWX8854',80.00,133,2,4),(69,'2022-08-16 13:23:45','OWX8854',80.00,133,2,4),(70,'2022-08-18 13:27:42','OWX8854',80.00,133,2,4),(71,'2022-08-20 13:28:44','OWX8854',80.00,137,2,4),(72,'2022-08-23 13:37:42','OWX8854',80.00,172,2,4),(73,'2022-08-25 13:40:10','OWX8854',80.00,133,2,4),(74,'2022-08-26 13:46:59','OWX8854',80.00,137,2,4),(75,'2022-08-27 13:50:05','OWX8854',80.00,137,2,4),(76,'2022-08-30 13:52:24','OWX8854',80.00,133,2,4),(77,'2022-08-31 13:54:52','OWX8854',80.00,133,2,4),(78,'2022-08-01 13:55:47','PUC1154',80.00,150,2,4),(79,'2022-08-03 13:59:16','PUC1154',80.00,150,2,4),(80,'2022-08-04 14:10:18','PUC1154',80.00,172,2,4),(81,'2022-08-04 14:19:52','PUC1154',80.00,150,2,4),(82,'2022-08-06 14:51:00','PUC1154',80.00,150,2,4),(83,'2022-08-09 14:51:57','PUC1154',80.00,150,2,4),(84,'2022-08-11 14:53:52','PUC1154',80.00,150,2,4),(85,'2022-08-14 08:11:26','PUC1154',80.00,172,2,4),(86,'2022-08-15 08:16:19','PUC1154',80.00,150,2,4),(87,'2022-08-17 08:17:55','PUC1154',80.00,150,2,4),(88,'2022-11-07 09:53:30','',50.00,185,1,4),(89,'2022-11-08 09:54:10','PSP3028',40.00,182,1,4),(90,'2022-11-08 09:55:06','PSP3028',40.00,182,1,4),(91,'2022-11-08 09:56:08','ROE9J35',200.00,172,3,4),(94,'2022-11-07 10:11:03','',80.00,186,2,4),(95,'2022-11-07 10:11:28','NXC9712 ',40.00,174,1,4),(96,'2022-11-05 10:12:57','SW4',150.00,181,2,4),(98,'2022-11-08 10:19:50','OWX8854',80.00,133,6,4),(99,'2022-11-07 10:20:52','OWX8854',80.00,133,6,4),(100,'2022-11-07 10:22:07','PUC1154',80.00,150,6,4),(101,'2022-11-07 10:23:36','OXZ1436 ',350.05,137,6,4),(102,'2022-11-03 10:37:32','OWX8854',80.00,133,6,4),(103,'2022-11-03 10:38:35','PSY9127',40.00,158,1,4),(104,'2022-11-03 10:41:44','HPK9951',40.00,99,1,4),(105,'2022-11-03 10:43:12','NHK8075',40.00,182,1,4),(106,'2022-11-01 10:44:46','PSY9127',50.00,158,1,4),(107,'2022-11-12 10:48:12','OXS5114',40.00,136,1,4),(108,'2022-11-14 10:51:24','NXC9712',40.00,174,1,4),(109,'2022-11-14 10:52:53','ROE9J35',377.30,172,3,4),(110,'2022-11-14 10:54:46','PSP3028',40.00,182,1,4),(111,'2022-11-12 11:25:16','PST3492',40.00,83,1,4),(112,'2022-11-12 11:28:44','PSY9127',47.51,158,1,4),(113,'2022-11-03 11:31:24','ROJ3H45',120.00,88,2,4),(114,'2022-11-09 11:32:23','PSY9127',40.00,158,1,4),(115,'2022-11-09 11:33:28','OXS5114',40.00,136,1,4),(116,'2022-11-09 11:35:39','PUC1154',80.00,137,6,4),(117,'2022-10-28 11:37:50','OJG7B04 ',40.00,91,1,4),(118,'2022-11-10 11:41:11','HPK9951',40.00,99,1,4),(119,'2022-11-10 11:44:28','OJN2110 ',150.00,181,2,4),(120,'2022-11-10 11:46:32','PSM3A88',40.00,88,1,4),(121,'2022-11-10 11:48:03','OWX8854',80.00,137,6,4),(122,'2022-11-10 11:50:42','',100.00,186,2,4),(123,'2022-10-03 08:41:45','OJN2110 ',150.00,181,2,4),(124,'2022-10-11 09:14:46','OJN2110 ',150.00,181,2,4),(125,'2022-10-19 09:17:48','OJN2110 ',150.00,181,2,4),(126,'2022-10-26 09:19:57','OJN2110',100.00,181,2,4),(127,'2022-10-04 09:23:00','SW4',150.00,181,2,4),(128,'2022-10-07 09:25:38','SW4',150.00,181,2,4),(129,'2022-10-12 09:27:14','OJN2110 ',150.00,181,2,4),(131,'2022-10-15 09:58:08','sw4',150.00,181,2,4),(132,'2022-10-19 10:00:00','SW4',150.00,181,2,4),(133,'2022-10-23 10:01:27','SW4',150.00,181,2,4),(134,'2022-10-26 10:03:58','SW4',150.00,181,2,4),(135,'2022-10-29 10:06:37','SW4',150.00,181,2,4),(136,'2022-10-11 10:08:34','',80.00,186,2,4),(137,'2022-10-18 10:09:45','',100.00,186,2,4),(138,'2022-10-26 10:15:15','',80.00,186,2,4),(139,'2022-10-26 10:16:19','PSP3028',40.00,182,1,4),(140,'2022-10-14 10:19:20','PSP3028',50.00,182,1,4),(141,'2022-10-03 10:20:34','PSY9127',50.00,158,1,4),(142,'2022-10-19 10:22:45','PSY9127',50.00,158,1,4),(143,'2022-10-01 10:27:08','PSY9127',50.00,158,1,4),(144,'2022-10-15 10:28:58','PSY9127',50.00,158,1,4),(145,'2022-10-01 10:31:16','',50.00,150,1,4),(146,'2022-10-15 11:05:09','',50.00,150,1,4),(147,'2022-10-10 11:09:07','',50.00,185,1,4),(148,'2022-10-24 11:11:56','',50.00,185,1,4),(149,'2022-10-03 10:20:52','PSP3028',40.00,182,1,4),(150,'2022-10-05 10:53:58','PSP3028',40.00,182,1,4),(151,'2022-10-08 10:58:09','PSP3028',40.00,182,1,4),(152,'2022-10-11 11:01:16','PSP3028',40.00,182,1,4),(153,'2022-10-14 11:02:01','PSP3028',40.00,182,1,4),(154,'2022-10-19 11:03:17','PSP3028',40.00,182,1,4),(155,'2022-10-22 11:05:00','PSP3028',40.00,182,1,4),(156,'2022-10-24 11:08:12','PSP3028',40.00,182,1,4),(157,'2022-10-28 11:09:02','PSP3028',40.00,182,1,4),(158,'2022-10-06 11:09:46','HPK9951',40.00,99,1,4),(159,'2022-10-13 11:11:08','HPK9951',40.00,99,1,4),(160,'2022-10-19 11:12:22','HPK9951',40.00,99,1,4),(161,'2022-10-27 11:13:31','HPK9951',40.00,99,1,4),(162,'2022-10-01 08:13:31','OXS5114',40.00,136,1,4),(163,'2022-10-05 08:25:01','OXS5114',40.00,136,1,4),(164,'2022-10-13 08:38:02','OXS5114',40.00,136,1,4),(165,'2022-10-18 09:10:56','OXS5114',40.00,136,1,4),(166,'2022-10-20 09:25:10','OXS5114',40.00,136,1,4),(167,'2022-10-26 09:28:47','OXS5114',40.00,136,1,4),(168,'2022-10-31 09:30:14','OXS5114',40.00,136,1,4),(169,'2022-10-07 09:37:53','OJG7B04',40.00,91,1,4),(170,'2022-10-14 07:57:15','OJG7B04',40.00,91,1,4),(173,'2022-10-05 09:09:21','ROE9J35',100.00,172,3,4),(174,'2022-10-01 09:11:53','ROE9J35 ',127.93,172,3,4),(175,'2022-10-10 09:16:48','ROE9J35 ',150.00,137,3,4),(176,'2022-10-12 09:21:59','ROE9J35',240.28,172,3,4),(177,'2022-10-15 09:35:00','ROE9J35',369.62,137,3,4),(178,'2022-10-19 09:38:26','ROE9J35',200.00,137,3,4),(179,'2022-10-20 09:47:50','ROE9J35',280.00,172,3,4),(180,'2022-10-24 09:49:49','ROE9J35',203.02,172,3,4),(181,'2022-10-26 09:59:01','ROE9J35',296.20,172,3,4),(182,'2022-10-01 10:08:33','OXZ1436',100.00,137,6,4),(183,'2022-10-04 10:23:58','OXZ1436',405.66,137,6,4),(184,'2022-10-06 10:33:57','OXZ1436',324.70,137,6,4),(185,'2022-10-11 10:39:40','OXZ1436',150.00,137,6,4),(186,'2022-10-12 11:08:04','OXZ1436',338.06,137,6,4),(187,'2022-10-14 11:10:30','OXZ1436 ',305.60,137,6,4),(188,'2022-10-17 08:16:52','OXZ1436',100.05,137,6,4),(189,'2022-10-19 08:58:55','OXZ1436',318.69,137,6,4),(190,'2022-10-24 09:23:12','OXZ1436',385.04,137,6,4),(191,'2022-10-28 09:24:43','OXZ1436',100.00,137,6,4),(192,'2022-10-29 09:28:38','OXZ1436',200.00,137,6,4),(193,'2022-10-31 09:31:36','OXZ1436',100.00,137,6,4),(194,'2022-10-01 09:57:48','PUC1154',80.00,133,2,4),(195,'2022-10-06 10:24:57','PUC1154',80.00,150,2,4),(196,'2022-10-06 10:27:35','PUC1154',80.00,137,2,4),(197,'2022-10-12 10:33:32','PUC1154',80.00,172,2,4),(198,'2022-10-15 11:02:54','OWX8854',80.00,150,2,4),(199,'2022-10-21 11:26:47','PUC1154',80.00,150,2,4),(200,'2022-10-24 11:34:13','PUC1154',80.00,132,2,4),(201,'2022-10-25 11:47:15','PUC1154',80.00,150,2,4),(202,'2022-10-25 11:50:07','OWX8854',80.00,150,2,4),(203,'2022-10-26 11:56:57','PUC1154',50.00,172,2,4),(204,'2022-10-26 12:02:56','PUC1154',80.00,150,2,4),(205,'2022-10-31 12:03:56','PUC1154',80.00,150,2,4),(210,'2022-12-03 11:06:00','NMP1471',30.00,88,1,4),(211,'2022-12-26 11:06:20','NMP1471',40.00,88,1,4),(212,'2022-11-18 11:06:42','NMP1471',130.00,88,1,4),(213,'2022-12-01 11:10:09','PST3492',30.00,83,1,4),(214,'2022-12-09 11:10:50','PST3492',30.00,83,1,4),(215,'2022-12-16 11:11:17','PST3492',30.00,83,1,4),(216,'2022-12-28 11:11:39','PST3492',30.00,83,1,4),(218,'2022-10-04 08:34:48','OWX8854',80.00,150,2,4),(219,'2022-10-06 08:35:21','OWX8854',80.00,133,2,4),(220,'2022-10-07 08:36:27','OWX8854',80.00,133,2,4),(221,'2022-10-11 08:37:25','OWX8854',80.00,133,2,4),(222,'2022-10-11 08:12:47','OWX8854',80.00,150,2,4),(223,'2022-10-12 09:11:09','OWX8854',80.00,137,2,4),(224,'2022-10-14 09:16:41','OWX8854',80.00,133,2,4),(225,'2022-10-17 09:23:05','OWX8854',80.00,133,2,4),(226,'2022-10-18 08:21:05','OWX8854',80.00,133,2,4),(227,'2022-10-19 08:47:50','OWX8854',80.00,133,2,4),(228,'2022-10-26 08:48:39','OWX8854',80.00,133,2,4),(229,'2022-10-28 08:53:24','OWX8854',80.00,133,2,4),(230,'2022-10-29 08:57:19','OWX8854',80.00,133,2,4),(231,'2022-10-31 08:58:01','OWX8854',80.00,133,2,4),(234,'2022-10-13 09:13:02','NMP1794',80.00,150,6,4),(235,'2022-10-24 09:15:46','NMP1794',80.00,133,6,4),(236,'2022-10-01 09:28:21','PSY9127',40.00,158,1,4),(237,'2022-10-06 09:31:36','PSY9127',40.00,158,1,4),(238,'2022-10-14 09:44:38','PSY9127',40.00,158,1,4),(239,'2022-10-20 09:46:07','PSY9127',40.00,158,1,4),(240,'2022-10-26 09:47:50','PSY9127',40.00,158,1,4),(241,'2022-10-03 10:12:45','NXC9712',40.00,174,1,4),(242,'2022-10-06 10:13:46','NXC9712',40.00,174,1,4),(243,'2022-10-10 10:16:17','NXC9712',40.00,174,1,4),(244,'2022-10-13 10:22:02','NXC9712',40.00,174,1,4),(245,'2022-10-17 10:24:28','NXC9712',40.00,174,1,4),(246,'2022-10-20 10:26:24','NXC9712',40.00,174,1,4),(247,'2022-10-21 10:30:53','NXC9712',40.00,174,1,4),(248,'2022-10-24 10:33:20','NXC9712',40.00,174,1,4),(249,'2022-10-27 10:34:12','NXC9712',40.00,174,1,4),(250,'2022-10-31 10:37:20','NXC9712',40.00,174,1,4),(251,'2022-10-28 10:39:59','NXN7697',40.00,132,1,4),(252,'2022-08-25 10:41:38','NWW7263 ',40.00,102,1,4),(253,'2022-06-04 11:23:01','',50.00,150,1,4),(254,'2022-06-11 11:31:47','ACORDO',50.00,158,1,4),(255,'2022-06-13 11:36:54','ACORDO',50.00,158,1,4),(256,'2022-06-13 11:42:21','',50.00,185,1,4),(257,'2022-06-08 11:42:55','',40.00,181,1,4),(258,'2022-06-01 11:45:14','',40.00,158,1,4),(259,'2022-04-16 08:29:47','',50.00,181,1,4),(260,'2022-04-16 08:30:28','',50.00,181,1,4),(261,'2022-04-29 08:31:46','ACORDO',50.00,129,1,4),(262,'2022-04-04 08:32:29','ACORDO',50.00,185,1,4),(263,'2022-04-05 08:33:40','ACORDO',50.00,185,1,4),(264,'2022-09-02 08:34:27','OWX8854',80.00,150,2,4),(265,'2022-09-02 08:55:59','OWX8854',80.00,133,2,4),(266,'2022-09-05 09:21:13','OWX8854',80.00,133,2,4),(267,'2022-09-09 09:24:12','OWX8854',80.00,133,2,4),(268,'2022-09-09 09:28:43','OWX8854',80.00,137,2,4),(269,'2022-09-13 09:29:45','OWX8854',80.00,133,2,4),(270,'2022-09-16 09:31:19','OWX8854',80.00,172,2,4),(271,'2022-09-16 09:32:40','OWX8854',80.00,133,2,4),(272,'2022-09-14 09:33:56','OWX8854',80.00,133,2,4),(273,'2022-09-03 09:35:52','PUC1154',80.00,150,2,4),(274,'2022-09-05 09:39:01','OXZ1436',450.53,137,6,4),(275,'2022-09-06 10:15:59','OWX8854',80.00,172,2,4),(276,'2022-09-08 10:33:43','PUC1154',80.00,172,2,4),(277,'2022-09-10 10:35:16','PUC1154',80.00,150,2,4),(278,'2022-09-12 10:38:04','PUC1154',80.00,150,2,4),(279,'2023-09-14 10:41:40','PUC1154',80.00,150,2,4),(280,'2022-09-19 10:46:13','PUC1154',80.00,137,2,4),(281,'2022-09-21 11:34:45','PUC1154',80.00,137,2,4),(282,'2022-09-24 08:09:12','PUC1154',80.00,172,2,4),(283,'2022-09-26 08:12:18','PUC1154',80.00,181,2,4),(284,'2022-09-28 08:13:31','PUC1154',80.00,150,2,4),(285,'2022-09-29 08:14:23','PUC1154',80.00,150,2,4),(286,'2022-09-02 08:15:05','OXS5114',40.00,136,1,4),(288,'2022-09-12 08:59:49','OXS5114',40.00,136,1,4),(289,'2022-09-15 09:01:52','OXS5114',40.00,136,1,4),(290,'2022-09-21 09:12:19','OXS5114',40.00,136,1,4),(291,'2022-09-21 09:12:19','OXS5114',40.00,136,1,4),(292,'2022-09-27 09:13:24','OXS5114',40.00,136,1,4),(293,'2022-09-02 09:14:05','PSY9127',40.00,158,1,4),(295,'2022-09-06 09:21:51','PSY9127',50.00,158,1,4),(296,'2022-09-09 09:26:31','PSY9127',40.00,158,1,4),(297,'2022-09-14 09:28:38','PSY9127',40.00,158,1,4),(298,'2022-09-20 09:30:36','PSY9127',40.00,158,1,4),(299,'2022-09-22 09:37:37','PSY9127',40.00,158,1,4),(300,'2022-09-24 09:38:33','PSY9127',40.00,158,1,4),(301,'2022-09-02 09:39:26','OXZ1436',150.00,137,6,4),(302,'2022-09-09 09:45:50','OXZ1436',308.47,137,6,4),(303,'2022-09-13 09:47:45','OXZ1436',366.18,137,6,4),(304,'2022-09-13 09:49:46','OXZ1436',150.00,172,6,4),(305,'2022-09-17 09:53:17','OXZ1436',100.00,137,6,4),(306,'2022-09-19 10:31:29','OXZ1436',341.57,137,6,4),(307,'2022-09-21 10:47:03','OXZ1436',279.29,137,6,4),(308,'2022-09-26 10:53:32','OXZ1436',384.02,137,6,4),(309,'2022-09-30 11:03:51','OXZ1436',100.00,172,6,4),(313,'2022-09-02 11:38:24','ROE9J35',150.00,172,3,4),(314,'2022-09-08 11:42:14','ROE9J35',355.32,172,3,4),(315,'2022-09-12 11:48:07','ROE9J35',150.00,137,3,4),(316,'2022-09-13 11:52:19','ROE9J35',150.00,137,3,4),(317,'2022-09-16 11:54:45','ROE9J35',290.05,181,3,4),(318,'2022-09-20 11:59:58','ROE9J35',150.00,172,3,4),(319,'2022-09-22 08:59:25','ROE9J35',150.00,172,3,4),(320,'2022-09-24 10:07:12','ROE9J35',286.05,172,3,4),(321,'2022-09-27 10:09:08','ROE9J35',396.58,172,3,4),(322,'2022-09-30 10:10:14','ROE9J35',200.00,172,3,4),(323,'2022-09-19 10:10:58','NMP1794',80.00,133,6,4),(324,'2022-09-21 10:12:36','NMP1794',80.00,133,6,4),(325,'2022-09-24 10:15:06','NMP1794',80.00,133,6,4),(326,'2022-09-27 10:16:52','NMP1794',80.00,133,6,4),(327,'2022-09-28 10:18:03','NMP1794',80.00,133,6,4),(328,'2022-09-29 10:21:10','NMP1794',80.00,133,6,4),(329,'2022-09-01 10:21:51','PSP3028',30.00,182,1,4),(330,'2022-09-05 10:52:39','PSP3028',30.00,182,1,4),(331,'2022-09-09 11:11:50','PSP3028',40.00,182,1,4),(332,'2022-09-10 11:20:15','PSP3028',40.00,182,1,4),(333,'2022-09-15 11:28:44','PSP3028',40.00,182,1,4),(334,'2022-09-20 11:33:27','PSP3028',40.00,182,1,4),(335,'2022-09-24 11:34:05','PSP3028',40.00,182,1,4),(336,'2022-09-28 11:35:21','PSP3028',40.00,182,1,4),(337,'2022-09-29 11:36:25','PSP3028',40.00,174,1,4),(338,'2022-09-28 11:37:14','ACORDO',40.00,182,1,4),(339,'2022-09-20 11:38:11','ACORDO',40.00,182,1,4),(340,'2022-09-05 11:40:35','ACORDO',50.00,158,1,4),(341,'2022-09-19 11:43:34','ACORDO',50.00,158,1,4),(342,'2022-09-19 11:45:10','ACORDO',50.00,158,1,4),(343,'2022-09-05 11:47:03','ACORDO',50.00,185,1,4),(344,'2022-09-22 11:50:25','ACORDO',50.00,185,1,4),(345,'2022-09-03 11:51:17','ACORDO',50.00,150,1,4),(346,'2022-09-16 11:52:51','ACORDO',50.00,150,1,4),(347,'2022-08-02 11:54:08','NXC9712',40.00,181,1,4),(348,'2022-09-05 11:56:14','NXC9712',40.00,174,1,4),(349,'2022-09-09 11:57:28','NXC9712',40.00,174,1,4),(350,'2022-09-12 12:00:48','NXC9712',40.00,174,1,4),(351,'2022-09-16 12:02:46','NXC9712',40.00,174,1,4),(352,'2022-09-19 12:04:29','NXC9712',40.00,174,1,4),(353,'2022-09-23 12:05:16','NXC9712',40.00,174,1,4),(354,'2022-09-26 12:06:03','NXC9712',40.00,174,1,4),(355,'2022-09-09 12:06:50','OJN2110 ',100.00,181,2,4),(356,'2022-09-17 12:13:50','OJN2110 ',150.00,181,2,4),(357,'2022-09-24 12:14:46','OJN2110 ',150.00,181,2,4),(358,'2022-09-02 12:15:38','',80.00,186,2,4),(359,'2022-09-07 12:16:48','',100.00,186,2,4),(360,'2022-09-14 12:19:28','',80.00,186,2,4),(361,'2022-09-23 12:20:40','',80.00,186,2,4),(362,'2022-09-30 12:21:12','',100.00,186,2,4),(363,'2022-12-01 10:47:04','PST3492',30.00,83,1,4),(364,'2022-12-09 10:51:48','PST3492',30.00,83,1,4),(365,'2022-12-16 10:54:32','PST3492',30.00,83,1,4),(366,'2022-12-28 10:56:41','PST3492',30.00,83,1,4),(367,'2022-12-03 11:11:52','PSM3A88',30.00,88,1,4),(368,'2022-12-26 08:37:13','PSM3A88',40.00,88,1,4),(369,'2022-11-18 08:38:17','PSM3A88',130.00,88,1,4),(370,'2022-09-02 09:01:54','NXN7697',40.00,132,1,4),(371,'2022-09-29 09:15:12','NXN7697',30.00,132,1,4),(372,'2022-09-29 09:17:16','HPK9951',40.00,99,1,4),(373,'2022-09-16 09:18:14','HPK9951',40.00,99,1,4),(374,'2022-09-16 09:18:14','HPK9951',40.00,99,1,4),(375,'2022-09-09 09:22:48','HPK9951',50.00,99,1,4),(376,'2022-09-01 09:24:41','HPK9951',50.00,99,1,4),(377,'2022-09-02 09:26:34','OJG7B04',40.00,91,1,4),(378,'2022-09-19 09:27:20','OJG7B04',40.00,91,1,4),(379,'2022-08-26 11:27:51','OJG7B04',40.00,91,1,4),(380,'2022-09-30 11:29:12','OJG7B04',50.00,91,1,4),(381,'2023-01-22 13:50:33','ROE9J35',244.02,137,3,4),(382,'2022-05-30 13:54:02','',100.00,181,2,4),(383,'2022-05-27 14:13:09','NXH9839',60.00,98,1,4),(384,'2022-05-19 14:15:30','NWW7263 ',50.00,102,1,4),(385,'2022-05-20 14:17:34','PSM3A88',50.00,88,1,4),(386,'2022-05-30 15:05:36','PSM3A88',50.00,88,1,4),(387,'2022-05-25 15:06:36','PST3492',50.00,83,1,4),(389,'2022-05-30 15:15:50','PST3492',50.00,83,1,4),(390,'2022-05-15 15:16:28','PST3492',50.00,83,1,4),(399,'2022-12-16 15:47:26','UNIDAS',80.00,158,2,4),(400,'2022-12-17 15:48:28','UNIDAS',80.00,137,2,4),(401,'2022-12-20 16:10:38','UNIDAS',100.00,158,2,4),(402,'2022-12-22 16:39:11','UNIDAS',100.00,158,2,4),(403,'2022-12-26 16:42:10','UNIDAS',80.00,158,2,4),(404,'2022-12-28 16:43:46','UNIDAS',100.00,172,2,4),(405,'2022-12-30 16:44:42','UNIDAS',100.00,137,2,4),(406,'2022-12-31 16:46:04','UNIDAS',150.00,137,2,4),(407,'2022-12-12 13:28:56','UNIDAS',100.00,158,2,4),(408,'2022-12-09 14:24:46','UNIDAS',100.00,172,2,4),(409,'2023-02-07 14:35:16','UNIDAS',80.00,137,2,4),(410,'2022-12-15 14:38:12','UNIDAS',100.00,172,2,4),(411,'2022-12-29 14:56:34','UNIDAS',100.00,172,2,4),(412,'2022-12-07 14:58:24','UNIDAS',100.00,172,2,4),(413,'2022-12-16 15:13:04','NXC9712',40.00,174,1,4),(415,'2022-12-23 15:22:51','NXC9712',40.00,174,1,4),(416,'2022-12-20 15:27:44','NXC9712',40.00,174,1,4),(417,'2022-12-23 15:33:08','NXC9712',40.00,174,1,4),(418,'2022-12-30 15:59:30','NXC9712',40.00,174,2,4),(419,'2022-12-27 13:03:27','NXC9712',40.00,174,1,4),(420,'2022-12-12 13:45:40','NXC9712',40.00,174,1,4),(421,'2022-12-09 13:55:20','NXC9712',40.00,174,1,4),(422,'2022-12-01 13:56:49','NXC9712',40.00,174,1,4),(423,'2022-12-02 13:57:49','NXC9712',30.00,174,1,4),(424,'2022-12-06 13:58:40','NXC9712',40.00,174,1,4),(425,'2022-12-03 14:09:38','NXC9712',40.00,174,1,4),(426,'2022-12-20 12:01:32','ACORDO',40.00,182,1,4),(427,'2022-12-22 08:54:48','PSP3028',40.00,182,1,4),(428,'2022-12-26 09:03:41','PSP3028',40.00,182,1,4),(429,'2023-01-01 09:09:02','NMP1794',30.00,88,1,4),(430,'2023-01-19 09:09:52','NMP1794',40.00,88,1,4),(431,'2023-01-21 09:10:29','NMP1794',50.00,88,1,4),(432,'2023-01-26 09:11:11','NMP1794',30.00,88,1,4),(434,'2023-01-10 09:12:16','NMP1794',40.00,88,1,4),(435,'2023-01-14 09:12:48','NMP1794',40.00,88,1,4),(436,'2023-01-03 09:13:36','PST3492',30.00,83,1,4),(437,'2023-01-25 09:14:12','PST3492',40.00,83,1,4),(438,'2023-01-18 09:14:45','PST3492',40.00,83,1,4),(440,'2022-12-29 09:19:02','NMP1794',130.00,88,1,4),(441,'2022-12-27 10:20:42','PSP3028',40.00,182,1,4),(443,'2022-12-19 11:29:38','PSP3028',40.00,182,1,4),(444,'2022-12-14 11:30:06','PSP3028',40.00,182,1,4),(445,'2022-12-13 11:31:37','NHK8075',40.00,182,1,4),(446,'2022-12-10 11:36:10','PSP3028',40.00,182,1,4),(447,'2022-12-08 13:39:30','PSP3028',40.00,182,1,4),(448,'2022-12-01 13:41:18','PSP3028',40.00,182,1,4),(449,'2022-12-05 13:48:36','PSY9127',40.00,158,1,4),(450,'2023-01-06 14:07:53','PSY9127',40.00,158,1,4),(451,'2023-01-12 14:13:53','PSY9127',40.00,158,1,4),(452,'2022-01-19 14:19:47','PSY9127',40.00,158,1,4),(453,'2023-01-31 14:22:45','PSY9127',40.00,158,1,4),(454,'2023-01-03 14:53:16','NXC9712',40.00,174,1,4),(455,'2023-01-06 15:05:14','NXC9712',40.00,174,1,4),(456,'2023-01-10 15:07:55','NXC9712',40.00,174,1,4),(457,'2023-01-13 15:14:44','NXC9712',40.00,174,1,4),(458,'2023-01-17 15:20:47','NXC9712',40.00,174,1,4),(459,'2023-01-19 15:36:23','NXC9712',40.00,174,1,4),(460,'2023-01-19 15:36:23','NXC9712',40.00,174,1,4),(461,'2023-01-20 15:45:35','NXC9712',40.00,174,1,4),(462,'2023-01-21 15:49:19','NXC9712',40.00,174,1,4),(463,'2023-01-24 15:54:39','NXC9712',40.00,174,1,4),(464,'2023-01-27 16:00:12','NXC9712',40.00,174,1,4),(465,'2023-01-31 16:21:37','NXC9712',40.00,174,1,4),(466,'2023-01-03 16:26:50','OXZ1436',210.00,172,6,4),(467,'2023-01-05 16:38:07','OXZ1436',220.01,172,6,4),(468,'2023-01-05 11:04:17','OXZ1436',200.00,137,6,4),(469,'2023-01-09 11:10:13','OXZ1436',150.00,137,6,4),(470,'2023-01-11 11:18:40','OXZ1436',197.03,137,6,4),(471,'2023-01-13 11:32:38','OXZ1436',215.05,137,6,4),(472,'2023-01-20 11:33:32','OXZ1436',280.01,137,6,4),(473,'2023-01-22 11:37:25','OXZ1436',200.04,172,6,4),(474,'2023-01-24 11:47:27','OXZ1436',290.03,137,6,4),(475,'2023-01-25 11:51:26','OXZ1436',100.00,172,6,4),(476,'2023-01-26 11:52:18','OXZ1436',420.01,137,6,4),(477,'2023-01-28 11:53:21','OXZ1436',210.03,137,6,4),(478,'2023-01-28 11:53:21','OXZ1436',210.03,137,6,4),(479,'2023-01-14 11:54:09','ROE9J35',156.56,172,3,4),(480,'2023-01-18 13:15:10','ROE9J35',200.00,181,3,4),(481,'2023-01-22 13:21:34','ROE9J35',244.02,137,3,4),(482,'2023-01-30 13:36:13','ROE9J35',383.02,172,3,4),(483,'2023-01-31 13:43:45','ROE9J35',258.66,137,3,4),(484,'2023-01-06 14:08:19','OXS5114',40.00,136,1,4),(485,'2023-01-12 14:15:14','OXS5114',40.00,136,1,4),(486,'2023-01-23 13:13:21','OXS5114',40.00,136,1,4),(487,'2023-01-31 13:39:04','OXS5114',40.00,136,1,4),(488,'2023-01-27 13:50:59','OXS5114',40.00,136,1,4),(489,'2023-01-17 13:56:46','OXS5114',40.00,136,1,4),(490,'2023-01-20 13:57:40','OXS5114',40.00,136,1,4),(491,'2023-01-06 14:15:30','OJG7B04',40.00,91,1,4),(492,'2022-12-23 14:29:20','OJG7B04',40.00,91,1,4),(493,'2022-12-30 14:37:27','OJG7B04',40.00,91,1,4),(494,'2023-01-05 14:35:47','HPK9951',40.00,99,1,4),(495,'2023-01-13 14:36:44','HPK9951',40.00,99,1,4),(496,'2023-01-19 14:37:33','HPK9951',40.00,99,1,4),(497,'2023-01-26 14:40:26','HPK9951',40.00,99,1,4),(498,'2023-01-03 14:41:59','ACORDO',50.00,158,1,4),(499,'2023-01-20 14:44:16','ACORDO',50.00,158,1,4),(500,'2023-12-28 14:48:11','PSY9127',40.00,158,1,4),(501,'2022-12-10 11:04:06','PSY9127',40.00,158,1,4),(503,'2022-12-05 11:30:36','PSP3028',40.00,182,1,4),(504,'2022-12-05 11:40:57','PSP3028',40.00,182,1,4),(505,'2023-01-09 11:44:10','ACORDO',50.00,185,1,4),(506,'2023-01-17 13:10:44','ACORDO',50.00,158,1,4),(507,'2023-01-10 15:32:58','ACORDO',40.00,190,1,4),(508,'2023-01-17 15:33:43','ACORDO',20.00,102,1,4),(509,'2023-01-30 15:34:54','ACORDO',50.00,185,1,4),(510,'2023-01-17 15:36:04','ACORDO',20.00,101,1,4),(511,'2023-01-17 15:37:02','ACORDO',20.00,100,1,4),(512,'2023-01-28 15:39:35','ACORDO',40.00,182,1,4),(513,'2023-01-03 15:42:00','ACORDO',40.00,182,1,4),(514,'2023-01-21 15:42:37','ACORDO',50.00,150,1,4),(515,'2023-01-06 15:43:22','ACORDO',50.00,158,1,4),(516,'2022-12-17 15:43:58','OXZ1436',370.10,137,6,4),(517,'2022-12-22 15:46:18','OXZ1436',200.00,172,6,4),(518,'2022-12-22 16:15:41','OXZ1436',280.04,137,6,4),(519,'2022-12-31 14:13:37','OXZ1436',400.34,137,6,4),(520,'2022-12-27 14:14:49','OXZ1436',340.02,137,6,4),(521,'2022-12-29 14:16:05','OXZ1436',250.04,137,6,4),(522,'2022-12-13 14:16:57','OXZ1436',200.00,137,6,4),(523,'2022-12-09 14:17:48','OXZ1436',300.11,137,6,4),(525,'2022-12-07 14:23:50','OXZ1436',300.05,137,6,4),(526,'2022-12-02 14:25:23','OXZ1436',280.04,137,6,4),(527,'2022-12-05 14:25:53','OXZ1436',300.05,137,6,4),(528,'2022-12-01 14:26:47','OXZ1436',200.00,137,6,4),(529,'2022-12-16 14:35:25','OWX8854',80.00,133,2,4),(530,'2022-12-19 14:38:12','OWX8854',80.00,133,2,4),(531,'2022-12-20 14:38:46','OWX8854',80.00,133,2,4),(532,'2022-12-21 14:40:02','OWX8854',80.00,133,2,4),(533,'2022-12-22 14:40:54','OWX8854',80.00,133,2,4),(534,'2022-12-26 14:42:07','OWX8854',80.00,133,2,4),(535,'2022-12-29 14:43:26','OWX8854',100.00,133,2,4),(536,'2022-12-31 14:45:00','OWX8854',150.00,133,2,4),(537,'2022-12-13 14:46:18','OWX8854',80.00,133,2,4),(538,'2022-12-27 14:48:59','OWX8854',80.00,133,2,4),(539,'2022-12-27 14:48:59','OWX8854',80.00,133,2,4),(540,'2022-12-28 14:50:26','OWX8854',80.00,133,2,4),(541,'2022-12-29 14:52:23','OWX8854',100.00,133,2,4),(542,'2022-12-15 14:54:11','OWX8854',80.00,133,2,4),(543,'2022-12-10 14:54:40','OWX8854',100.00,133,2,4),(544,'2022-12-09 15:01:06','OWX8854',80.00,133,2,4),(545,'2022-12-08 15:02:07','OWX8854',80.00,133,2,4),(546,'2022-12-06 15:03:38','OWX8854',80.00,133,2,4),(547,'2022-12-01 15:04:13','OWX8854',80.00,133,2,4),(548,'2022-12-02 15:07:32','OWX8854',100.00,137,2,4),(549,'2022-12-05 15:09:06','OWX8854',80.00,133,2,4),(550,'2022-12-02 15:10:15','OWX8854',80.00,133,2,4),(551,'2022-12-16 15:25:17','OXS5114',40.00,136,1,4),(552,'2022-12-20 15:25:54','OXS5114',40.00,136,1,4),(553,'2022-12-23 15:26:59','OXS5114',40.00,136,1,4),(554,'2022-12-30 15:29:18','OXS5114',40.00,136,1,4),(555,'2022-12-31 15:29:59','OXS5114',40.00,136,1,4),(556,'2022-12-13 15:30:48','OXS5114',40.00,136,1,4),(557,'2022-12-09 15:31:36','OXS5114',40.00,136,1,4),(558,'2022-12-01 15:32:40','OXS5114',40.00,136,1,4),(559,'2022-12-05 15:33:20','OXS5114',40.00,136,1,4),(560,'2023-03-14 09:09:49','PUC1154',70.00,158,2,4),(561,'2023-03-13 09:20:57','ROE9J35',100.00,172,3,4),(562,'2023-03-22 09:20:59','CARRO TEO ',70.00,158,2,4),(563,'2023-03-22 09:31:39','NXC6160',30.00,100,1,4),(564,'2023-03-14 09:31:39','OJN2110',60.00,191,2,4),(565,'2023-04-01 09:32:54','NXC9712',40.00,174,1,4),(566,'2023-03-11 09:32:54','OWX8854',60.00,133,2,4),(567,'2025-03-25 09:35:24','OWX8854',70.00,133,2,4),(568,'2023-03-30 09:36:12','CARRO TEO ',80.00,158,2,4),(569,'2023-03-30 09:40:16','ROE9J35',150.00,137,3,4),(570,'2023-03-29 09:48:07','CARRO TEO ',80.00,158,2,4),(571,'2023-03-01 09:52:16','PUC1154',212.55,172,2,4),(572,'2023-03-11 09:34:22','OXS5114',30.00,136,1,4),(573,'2023-03-31 09:57:54','SW4',150.00,181,2,4),(574,'2023-03-21 10:01:27','ROE9J35',250.00,137,3,4),(575,'2023-03-14 10:01:07','OWX8854',20.00,133,2,4),(576,'2023-03-28 10:02:08','SW4',150.00,181,2,4),(577,'2023-03-14 10:02:54','OXS5114',20.00,136,1,4),(578,'2023-03-28 10:02:56','OXZ1436',150.00,172,2,4),(579,'2023-03-16 10:04:04','OXS5114',30.00,136,1,4),(580,'2023-03-15 10:04:52','OXS5114',50.00,133,2,4),(581,'2023-03-27 10:04:43','PSY9127',40.00,192,1,4),(582,'2023-03-17 10:06:44','OWX8854',30.00,133,2,4),(583,'2023-03-28 10:07:30','NXC9712',40.00,174,1,4),(584,'2023-03-21 10:09:41','NXH9839',30.00,98,1,4),(585,'2023-03-29 10:11:21','PST3492',30.00,83,1,4),(586,'2023-03-29 10:13:27','NXC9712',40.00,174,1,4),(587,'2023-03-09 11:23:54','OXS5114',30.00,136,1,4),(588,'2023-03-02 11:24:34','PSY9127',20.00,158,1,4),(589,'2023-03-13 11:25:13','OWX8854',50.00,133,2,4),(590,'2023-03-10 11:26:02','PSU2B13',50.00,185,1,4),(591,'2023-03-01 11:27:09','PUC1154',50.00,150,2,4),(592,'2023-03-01 11:27:59','OXS5114',20.00,136,1,4),(593,'2023-02-28 11:29:24','PUC1154',50.00,150,2,4),(594,'2023-02-28 11:31:01','OXS5114',20.00,136,1,4),(595,'2023-02-28 11:31:28','OWX8854',50.01,133,2,4),(596,'2023-02-28 11:32:04','OJN2110',50.00,191,2,4),(597,'2023-03-06 11:35:06','OWX8854',50.00,133,2,4),(598,'2023-03-06 11:36:20','OWX8854',70.00,133,2,4),(599,'2023-03-03 11:36:57','CARRO TEO',50.00,158,1,4),(600,'2023-03-02 11:39:22','OWX8854',60.00,133,2,4),(601,'2023-03-01 11:40:15','PALIO',60.03,172,2,4),(602,'2023-03-02 11:41:52','PALIO',80.04,172,2,4),(603,'2023-03-08 11:48:26','OWX8854',50.00,133,2,4),(604,'2023-03-29 10:14:15','OJN2110 ',100.00,191,2,4),(605,'2023-03-02 11:49:12','OWX8854',60.04,133,2,4),(606,'2023-03-06 11:51:46','OXS5114',20.00,136,1,4),(607,'2023-03-30 11:57:40','PUC1154',80.00,193,2,4),(608,'2023-03-30 11:59:04','HPK9951',40.00,99,1,4),(609,'2023-03-30 12:00:20','OXZ1436',150.00,172,6,4),(610,'2023-03-28 12:05:20','OWX8854',80.00,133,2,4),(611,'0023-03-30 12:08:53','PSU2B13',50.00,185,1,4),(612,'2023-03-29 12:09:48','OXZ1436',300.04,137,6,4),(613,'2023-03-30 12:13:58','NHK8075',40.00,182,1,4),(614,'2023-03-27 12:16:38','PTC5E65',50.00,101,1,4),(615,'2023-03-29 12:17:55','CARRO TEO ',80.00,158,2,4),(616,'2023-03-29 13:50:49','PSY9127',40.00,192,1,4),(617,'2023-03-26 13:51:50','OXZ1436',195.03,137,6,4),(618,'2023-03-23 13:53:25','OXZ1436',350.01,137,6,4),(619,'2023-03-23 13:56:34','PST3492',30.00,83,1,4),(620,'2023-03-23 14:03:17','HPK9951',40.00,99,1,4),(621,'2023-03-29 14:04:11','PUC1154',80.00,193,2,4),(622,'2023-03-24 14:04:58','OJN2110 ',170.00,191,2,4),(623,'2023-03-23 14:05:56','ACORDO',50.00,133,1,4),(624,'2023-03-24 14:08:36','OXS5114',40.00,136,1,4),(625,'2023-03-23 14:10:27','NHK8075',40.00,182,1,4),(626,'2023-03-24 14:12:25','ROE9J35',150.00,172,3,4),(627,'2023-03-24 14:29:16','OJG7B04',40.00,91,1,4),(628,'2023-03-25 14:31:38','NXC9712',40.00,174,1,4),(629,'2023-03-20 14:32:39','PUC1154',70.00,192,2,4),(630,'2023-03-23 14:34:39','SW4',150.00,181,2,4),(631,'2023-03-23 14:36:30','OWX8854',80.00,133,2,4),(632,'2023-03-23 14:39:11','CARRO TEO ',80.00,158,2,4),(633,'2023-03-28 14:41:11','CARRO TEO ',80.00,193,2,4),(634,'2023-03-27 14:58:13','OWX8854',70.00,133,2,4),(635,'2023-03-28 14:59:34','OXS5114',40.00,136,1,4),(636,'2023-03-18 15:00:26','OWX8854',70.00,133,2,4),(637,'2023-03-18 15:01:46','OXZ1436',100.00,137,6,4),(638,'2023-03-18 15:14:02','OXS5114',40.00,136,1,4),(639,'2023-03-18 15:23:52','PSY9127',40.00,158,1,4),(640,'2023-02-16 15:23:43','ACORDO',50.00,133,1,4),(641,'2023-03-19 15:24:46','OJN2110 ',100.00,191,2,4),(642,'2023-03-20 15:25:27','NHK8075',40.00,182,1,4),(643,'2023-02-16 15:35:05','PSY9127',40.00,158,1,4),(644,'2023-02-17 15:35:31','NWW7263',30.00,102,1,4),(645,'2023-02-16 15:36:35','ACORDO',50.00,185,1,4),(646,'2023-02-17 15:37:00','PUC1154',80.00,150,2,4),(647,'2023-02-16 15:37:48','N IDENTIFICADO',40.00,181,1,4),(648,'2023-02-16 15:39:43','NXC9712',40.00,174,1,4),(649,'2023-02-16 15:40:19','OXS5114',40.00,136,1,4),(650,'2023-02-16 15:40:55','PUC1154',100.00,133,2,4),(651,'2023-02-16 15:41:43','LOURENÇO',30.00,136,1,4),(652,'2023-02-16 15:43:44','OJG7B04',40.00,91,1,4),(653,'2023-02-08 15:44:51','OJG7B04',40.00,91,1,4),(654,'2023-03-20 15:45:42','PUC1154',70.00,133,2,4),(656,'2023-03-02 15:46:36','HPK9951',40.05,99,1,4),(658,'2023-02-27 15:47:32','NMP1471',20.00,88,1,4),(659,'2023-03-21 15:48:21','PUC1154',70.00,158,2,4),(660,'2023-03-17 15:48:30','NMP1471',30.00,88,1,4),(661,'2023-03-21 15:49:00','NXC9712',40.00,174,1,4),(662,'2023-03-21 15:49:00','NXC9712',40.00,174,1,4),(663,'2023-03-21 15:51:09','SW4',150.00,181,2,4),(664,'2023-03-20 15:53:09','OXZ1436',200.00,137,6,4),(665,'2023-03-22 15:53:37','OXS5114',40.00,136,1,4),(666,'2023-02-06 15:57:15','OXZ1436',310.05,137,2,4),(667,'2023-03-21 15:54:51','PSY9127',50.00,158,1,4),(668,'2023-02-04 15:58:16','OWX8854',80.00,133,2,4),(669,'2023-03-21 15:58:23','PUC1154',70.00,133,2,4),(670,'2023-02-15 15:58:56','PALIO',100.00,133,2,4),(671,'2023-02-15 15:59:35','OWX8854',232.94,172,2,4),(672,'2023-02-14 16:00:08','OXS5114',40.00,136,1,4),(673,'2023-02-15 16:00:38','OWX8854',100.00,172,2,4),(674,'2023-02-14 16:01:06','N IDENTIFICADO',80.00,181,2,4),(675,'2023-02-14 16:02:05','PUC1154',80.00,150,2,4),(676,'2023-02-14 16:03:01','PSP3028',40.00,182,1,4),(677,'2023-02-13 16:03:38','PST3492',30.00,83,1,4),(678,'2023-02-14 16:04:16','OWX8854',80.00,133,2,4),(679,'2023-02-14 16:04:39','NXC9712',40.00,174,1,4),(680,'2023-02-14 16:05:13','OXZ1436',240.04,137,2,4),(681,'2023-02-13 16:05:51','NMP1471',30.00,88,1,4),(682,'2023-02-13 16:16:26','FHG4E33',150.00,181,2,4),(683,'2023-02-13 16:18:23','ACORDO',50.00,133,1,4),(684,'2023-02-10 16:18:57','N IDENTIFICADO',80.00,181,2,4),(685,'2023-02-03 16:20:35','OJG7B04',40.00,91,1,4),(686,'2023-02-12 16:21:27','OXZ1436',190.00,137,2,4),(687,'2023-02-12 16:22:04','OJN2110',150.00,191,2,4),(688,'2023-02-10 16:22:50','N IDENTIFICADO',40.00,181,1,4),(689,'2023-02-10 16:23:21','OXZ1436',210.05,137,2,4),(690,'2023-02-08 16:23:51','OWX8854',80.00,133,2,4),(691,'2023-02-09 16:24:17','PSY9127',40.00,158,1,4),(692,'2023-02-09 16:24:52','PALIO',80.00,181,2,4),(693,'2023-02-09 16:25:26','PUC1154',80.00,150,2,4),(694,'2023-02-09 16:25:55','HPK9951',40.00,99,1,4),(695,'2023-02-09 16:26:54','FHG4E33',150.00,181,2,4),(696,'2023-02-09 16:27:22','OXZ1436',200.00,137,2,4),(697,'2023-01-26 16:27:52','OJG7B04',40.00,91,1,4),(698,'2023-02-09 16:28:36','NXC9712',40.00,174,1,4),(699,'2023-02-06 16:29:10','OWX8854',80.00,133,2,4),(700,'2023-02-08 16:30:11','PSP3028',40.00,182,1,4),(701,'2023-02-07 16:30:45','NMP1471',40.00,88,1,4),(702,'2023-02-07 16:32:12','PST3492',30.00,83,1,4),(703,'2023-02-08 16:32:46','PUC1154',80.00,150,2,4),(704,'2023-02-08 16:33:21','OXS5114',40.00,136,1,4),(705,'2023-02-07 16:33:59','PSP3028',30.00,182,1,4),(706,'2023-02-07 16:34:30','PUC1154',80.00,150,2,4),(707,'2023-02-06 16:35:05','OXZ1436',345.02,137,2,4),(708,'2023-02-07 16:35:44','NXC9712',40.00,174,1,4),(709,'2023-02-06 16:36:27','FHG4E33',150.00,181,2,4),(710,'2023-02-03 16:37:16','PSY9127',40.00,158,1,4),(711,'2023-02-06 16:38:12','ROE9J35',296.70,137,3,4),(712,'2023-02-24 16:38:56','PUC1154',80.00,150,2,4),(713,'2023-02-03 16:39:28','ACORDO',50.00,150,1,4),(714,'2023-02-03 16:40:21','ROE9J35',310.05,137,3,4),(715,'2023-02-03 16:41:12','NXC9712',40.00,174,1,4),(716,'2023-02-03 16:41:45','OXZ1436',150.00,172,2,4),(717,'2023-02-02 16:42:16','ACORDO',40.00,133,1,4),(718,'2023-02-03 16:42:45','PSY9127',80.00,158,1,4),(719,'2023-02-03 16:43:09','OXS5114',40.00,136,1,4),(720,'2023-02-03 16:43:51','OWX8854',80.00,150,2,4),(721,'2023-02-02 16:44:19','PALIO',80.00,186,2,4),(722,'2023-02-02 16:44:49','OJN2110',200.00,191,2,4),(723,'2023-02-02 16:45:24','FHG4E33',150.00,181,2,4),(724,'2023-02-02 16:45:58','NMP1471',30.00,88,1,4),(725,'2023-02-02 16:46:31','HPK9951',40.00,99,1,4),(726,'2023-02-01 16:48:47','PSY9127',80.00,158,1,4),(727,'2023-02-02 16:49:12','PUC1154',80.00,150,2,4),(728,'2023-02-01 16:51:12','NXH9839',30.00,98,1,4),(729,'2023-01-31 08:29:59','PST3492',30.00,83,1,4),(730,'2023-02-01 08:32:47','OWX8854',80.00,172,2,4),(731,'2023-02-01 08:34:04','PUC1154',80.00,150,2,4),(732,'2023-01-31 08:34:44','PSP3028',40.00,182,1,4),(733,'2023-01-17 08:35:31','OJG7B04',40.00,91,1,4),(734,'2023-02-22 14:14:08','OJN2110',100.00,191,2,4),(735,'2023-03-29 14:14:30','',25.00,103,1,4),(736,'2023-03-27 14:15:07','',25.00,103,1,4),(737,'2023-03-30 11:30:38','OWX8854',80.00,133,2,4),(738,'2023-04-15 11:32:17','PSP3028',40.00,182,1,4),(739,'2023-04-15 11:33:48','CARRO TEO ',80.00,193,2,4),(740,'2023-04-15 11:34:34','OWX8854',80.00,133,2,4),(741,'2023-04-15 11:35:18','',40.00,181,1,4),(742,'2023-04-15 11:38:38','HPK9951',40.00,99,1,4),(743,'2023-04-14 11:42:25','OJG7B04',40.00,91,1,4),(744,'2023-04-14 11:44:15','OWX8854',80.00,133,2,4),(745,'2023-04-14 11:45:13','OXZ1436',280.03,172,6,4),(746,'2023-04-14 11:49:09','CARRO TEO ',80.00,181,2,4),(747,'2023-04-13 11:55:34','OXZ1436',215.04,172,6,4),(748,'2023-04-13 12:00:07','PSY9127',80.00,158,1,4),(749,'2023-04-13 12:07:06','OXS5114',40.00,136,1,4),(750,'2023-04-13 12:13:26','NXC9712',40.00,174,1,4),(751,'2023-04-13 12:13:55','CARRO TEO ',80.00,193,2,4),(752,'2023-04-12 12:16:03','SW4',150.00,181,2,4),(753,'2023-04-11 12:19:01','PSY9127',50.00,158,1,4),(754,'2023-04-12 12:20:02','PUC1154',80.00,193,2,4),(756,'2023-04-12 12:33:07','RVO0H49',40.00,172,2,4),(757,'2023-04-11 12:42:55','NXN7697',40.00,132,1,4),(758,'2023-04-12 13:54:03','PSY9127',40.00,192,1,4),(759,'2023-04-14 13:55:17','RVO0H49',80.00,181,2,4),(760,'2023-04-12 13:58:40','PST3492',30.00,83,1,4),(762,'2023-04-11 14:02:19','OXZ1436',200.02,137,6,4),(763,'2023-04-11 14:18:57','PUC1154',80.00,193,2,4),(764,'2023-04-11 14:24:47','PUC1154',50.00,193,2,4),(765,'2023-04-10 14:25:28','OJN2110 ',150.00,191,2,4),(766,'2023-04-10 14:30:46','PUC1154',80.00,193,2,4),(768,'2023-04-10 14:34:51','PSY9127',50.00,133,1,4),(769,'2023-04-11 14:55:08','CARRO TEO ',80.00,158,2,4),(770,'2023-04-12 14:55:58','CARRO TEO ',80.00,158,2,4),(771,'2023-04-05 14:57:01','CARRO TEO ',80.00,158,2,4),(772,'2023-04-10 15:03:38','NXC9712',40.00,174,1,4),(773,'2023-04-10 15:10:14','PSY9127',40.00,192,1,4),(774,'2023-04-10 15:15:26','PSP3028',40.00,182,1,4),(775,'2023-03-08 15:15:59','OXZ1436',272.03,137,6,4),(776,'2023-04-05 15:28:35','OJG7B04',40.00,91,1,4);
/*!40000 ALTER TABLE `combustivel` ENABLE KEYS */;
UNLOCK TABLES;

--
-- Table structure for table `controlenvio`
--

DROP TABLE IF EXISTS `controlenvio`;
/*!40101 SET @saved_cs_client     = @@character_set_client */;
/*!40101 SET character_set_client = utf8 */;
CREATE TABLE `controlenvio` (
  `id` int(11) NOT NULL AUTO_INCREMENT,
  `data` timestamp NULL DEFAULT NULL,
  `coleta` timestamp NULL DEFAULT NULL,
  `notafiscal` varchar(225) DEFAULT NULL,
  `serie` varchar(45) DEFAULT NULL,
  `consultora` varchar(45) DEFAULT NULL,
  `status` varchar(45) DEFAULT NULL,
  `notafiscal_id` int(11) NOT NULL,
  `ocorrencias_id` int(11) NOT NULL,
  `destinatario_id` int(11) NOT NULL,
  `entregadores_id` int(11) NOT NULL,
  PRIMARY KEY (`id`),
  KEY `fk_controlenvio_notafiscal1_idx` (`notafiscal_id`),
  KEY `fk_controlenvio_ocorrencias1_idx` (`ocorrencias_id`),
  KEY `fk_controlenvio_destinatario1_idx` (`destinatario_id`),
  KEY `fk_controlenvio_entregadores1_idx` (`entregadores_id`)
) ENGINE=InnoDB AUTO_INCREMENT=690 DEFAULT CHARSET=utf8mb4;
/*!40101 SET character_set_client = @saved_cs_client */;

--
-- Dumping data for table `controlenvio`
--

LOCK TABLES `controlenvio` WRITE;
/*!40000 ALTER TABLE `controlenvio` DISABLE KEYS */;
INSERT INTO `controlenvio` VALUES (414,'2023-08-09 14:03:00',NULL,'384837','1','Josileia Alves Cantanhede Azevedo','1',486,29,463,195),(415,'2023-08-09 14:03:00',NULL,'384841','1','Liane  Santos Patricio','1',487,29,464,195),(416,'2023-08-09 14:03:00',NULL,'384842','1','Vivian Cristina Tavares Sousa','1',488,29,465,195),(417,'2023-08-09 14:03:00',NULL,'384843','1','Tania Maria De Jesus Da Silva','1',489,29,466,195),(418,'2023-08-09 14:03:00',NULL,'384845','1','Rita De Claudia  Frazao Do Santos','1',490,29,467,195),(419,'2023-08-09 14:03:00',NULL,'384847','1','Solange Bezerra De Oliveira','1',491,29,468,195),(420,'2023-08-09 14:03:00',NULL,'384848','1','Maria Ivonete Alves De Alburquerque','1',492,29,469,195),(421,'2023-08-09 14:03:00',NULL,'384849','1','Joana Dos Santos','1',493,29,470,195),(422,'2023-08-09 14:03:00',NULL,'384851','1','Maria Do Socorro Guimaraes Correa','1',494,29,471,195),(423,'2023-08-09 14:03:00',NULL,'384852','1','Maria Alderalda Araujo Neves','1',495,29,472,195),(424,'2023-08-09 14:03:00',NULL,'384854','1','Maria Do Socorro Da Conceicao','1',496,29,473,195),(425,'2023-08-09 14:03:00',NULL,'384856','1','Fabiene Paixao Audassy','1',497,29,474,195),(426,'2023-08-09 14:03:00',NULL,'384857','1','Ana Dos Reis Pessoa Ferreira','1',498,29,475,195),(427,'2023-08-09 14:03:00',NULL,'384859','1','Francisca Pereira Barbosa','1',499,29,476,195),(428,'2023-08-09 14:03:00',NULL,'384860','1','Telma Maria Guimaraes Santana','1',500,29,477,195),(429,'2023-08-09 14:03:00',NULL,'384861','1','Angela Carla Da Silva Frazao','1',501,29,478,195),(430,'2023-08-09 20:30:53',NULL,'384862','1','Marinalva Sobral Silva','1',502,29,479,195),(431,'2023-08-09 20:30:53',NULL,'384863','1','Maria Selma Colins','1',503,29,480,195),(432,'2023-08-09 20:30:53',NULL,'384864','1','Raimunda Izabel Maia','1',504,29,481,195),(433,'2023-08-09 20:30:53',NULL,'384866','1','Iracema Das Neves Soares','1',505,29,482,195),(434,'2023-08-09 20:30:53',NULL,'384867','1','Maria Luiza Maranhao Fonseca','1',506,29,483,195),(435,'2023-08-11 14:09:10',NULL,'384862','1','Marinalva Sobral Silva','1',507,29,479,195),(436,'2023-08-11 14:09:10',NULL,'384863','1','Maria Selma Colins','1',508,29,480,195),(437,'2023-08-11 14:09:10',NULL,'384864','1','Raimunda Izabel Maia','1',509,29,481,195),(438,'2023-08-11 14:09:10',NULL,'384866','1','Iracema Das Neves Soares','1',510,29,482,195),(439,'2023-08-11 14:09:10',NULL,'384867','1','Maria Luiza Maranhao Fonseca','1',511,29,483,195),(440,'2023-08-11 14:19:27',NULL,'384868','1','Meireistelma Pereira De Araujo','1',512,29,484,195),(441,'2023-08-11 14:19:27',NULL,'384869','1','Maria Nilda Do Nascimento Barbosa','1',513,29,485,195),(442,'2023-08-11 14:19:27',NULL,'384870','1','Keslley Firmino Bruzaca Mello','1',514,29,486,195),(443,'2023-08-11 14:19:27',NULL,'384872','1','Maria Da Conceicao Da Silva Teixeira','1',515,29,487,195),(444,'2023-08-11 14:19:27',NULL,'384873','1','Iracema Cristina Ribeiro Lemos Moutinho','1',516,29,488,195),(445,'2023-08-11 14:19:27',NULL,'384874','1','Gracineth Sousa Da Cruz Borralho','1',517,29,489,195),(446,'2023-08-11 14:19:27',NULL,'384876','1','Eliane Oliveira  Da Silva','1',518,29,490,195),(447,'2023-08-11 14:19:27',NULL,'384877','1','Francilene  Alves Gusmao','1',519,29,491,195),(448,'2023-08-11 14:19:27',NULL,'384878','1','Patricia Liana Mondego De Azevedo','1',520,29,492,195),(449,'2023-08-11 14:19:27',NULL,'384879','1','Millena Vitoria Ferrreira Sampaio','1',521,29,493,195),(450,'2023-08-11 14:19:27',NULL,'384880','1','Joanice Nicacio Rocha','1',522,29,494,195),(451,'2023-08-11 14:19:27',NULL,'384881','1','Alex Sandra De Fatima Mendes Da Silva','1',523,29,495,195),(452,'2023-08-11 14:19:27',NULL,'384882','1','Danilo Sodre Costa','1',524,29,496,195),(453,'2023-08-11 14:19:27',NULL,'384883','1','Francisca Machado De Azevedo','1',525,29,497,195),(454,'2023-08-11 14:19:27',NULL,'384884','1','Kerlyane Pereira Araujo','1',526,29,498,195),(455,'2023-08-11 14:19:27',NULL,'384885','1','Marlene Marreiros Da Silva','1',527,29,499,195),(456,'2023-08-11 14:19:27',NULL,'384886','1','Rosemary Alves','1',528,29,500,195),(457,'2023-08-15 17:18:51',NULL,'384888','1','Ivanilde Lima Rocha Rocha','1',529,29,501,195),(458,'2023-08-15 17:18:51',NULL,'384890','1','Rozire Monteiro De Sousa','1',530,29,502,195),(459,'2023-08-15 17:18:51',NULL,'384891','1','Rosicleia De Castro Araujo','1',531,29,503,195),(460,'2023-08-15 17:18:51',NULL,'384892','1','Emanoel Roberto Da Silva','1',532,29,504,195),(461,'2023-08-15 17:18:51',NULL,'384893','1','Keiliane Sa','1',533,29,505,195),(462,'2023-08-15 17:18:51',NULL,'384894','1','Fabricia Dos Santos Ferreira Cardoso','1',534,29,506,195),(463,'2023-08-15 17:20:04',NULL,'384895','1','Lindalva Marreiros Souza','1',535,29,507,195),(464,'2023-08-15 17:20:04',NULL,'384896','1','Filomena Bastos Rodrigues','1',536,29,508,195),(465,'2023-08-15 17:20:04',NULL,'384897','1','Marise Yara Dos Santos Gomes','1',537,29,509,195),(466,'2023-08-15 17:20:04',NULL,'384898','1','Terezinha Ricardo De Sousa','1',538,29,510,195),(467,'2023-08-15 17:20:04',NULL,'384899','1','Ana Dalva Vaz Gomes','1',539,29,511,195),(468,'2023-08-15 17:20:04',NULL,'384902','1','Josileide Pereira Sodre','1',540,29,512,195),(469,'2023-08-15 17:20:04',NULL,'384903','1','Francinete Pereira Goncalves','1',541,29,513,195),(470,'2023-08-15 17:20:04',NULL,'384905','1','Ezequiel De Sousa Nascimento','1',542,29,514,195),(471,'2023-08-15 17:20:04',NULL,'384906','1','Sebastiana Rodrigues Soares','1',543,29,515,195),(472,'2023-08-15 17:20:04',NULL,'384907','1','Rozenir  Cantanhede Araujo','1',544,29,516,195),(473,'2023-08-15 17:20:04',NULL,'384908','1','Francineide Farias Da Silva Amaro','1',545,29,517,195),(474,'2023-08-15 17:20:04',NULL,'384909','1','Angela Martins Da Costa','1',546,29,518,195),(475,'2023-08-15 17:20:04',NULL,'384910','1','Valdivino De Oliveira','1',547,29,519,195),(476,'2023-08-15 17:20:04',NULL,'384911','1','Rosineia Silva Lessa','1',548,29,520,195),(477,'2023-08-15 17:20:04',NULL,'384912','1','Eliana Maciel Ferreira','1',549,29,521,195),(478,'2023-08-15 17:20:04',NULL,'384913','1','Luiza Rosa Correa Barbosa','1',550,29,522,195),(479,'2023-08-15 17:20:04',NULL,'384915','1','Ana Zelia Coelho Barbosa','1',551,29,523,195),(480,'2023-08-15 17:20:04',NULL,'384916','1','Raimunda Gomes','1',552,29,524,195),(481,'2023-08-15 17:20:04',NULL,'384917','1','Keila Rasiele De Sousa Da Silva','1',553,29,525,195),(482,'2023-08-15 17:20:04',NULL,'384918','1','Damiana De Jesus Pinheiro','1',554,29,526,195),(483,'2023-08-15 17:20:04',NULL,'384919','1','Maria Jose Silva','1',555,29,527,195),(484,'2023-08-15 17:20:04',NULL,'384922','1','Maria Da Silva Oliveira','1',556,29,528,195),(485,'2023-08-15 17:20:04',NULL,'384923','1','Clesio Raimundo Ferreira Marreiros','1',557,29,529,195),(486,'2023-08-15 17:20:04',NULL,'384925','1','Maria Isabel  Pinheiro Serra','1',558,29,530,195),(487,'2023-08-15 17:20:04',NULL,'384926','1','Maria Ivonete Alves De Alburquerque','1',559,29,469,195),(488,'2023-08-15 17:20:04',NULL,'384931','1','Silvia Regina Sousa De Jesus','1',560,29,531,195),(489,'2023-08-15 17:20:04',NULL,'384932','1','Maria Eliane Monteiro Da Silva','1',561,29,532,195),(490,'2023-08-15 17:20:04',NULL,'384934','1','Maria Rosagela Marques Diniz','1',562,29,533,195),(491,'2023-08-15 17:20:04',NULL,'384935','1','Maria Dalva Santos Ferreira','1',563,29,534,195),(492,'2023-08-15 17:20:04',NULL,'384936','1','Josana Estesia Ferreira Tourinho','1',564,29,535,195),(493,'2023-08-15 17:20:04',NULL,'384937','1','Maria Crislane Silva','1',565,29,536,195),(494,'2023-08-15 17:20:04',NULL,'384939','1','Maria Augusta  Alves Pereira','1',566,29,537,195),(495,'2023-08-15 17:20:04',NULL,'384941','1','Edivaldo Gomes Andrade','1',567,29,538,195),(496,'2023-08-15 17:20:04',NULL,'384942','1','Maria  Eusilene Torres Pacheco','1',568,29,539,195),(497,'2023-08-15 17:20:04',NULL,'384943','1','Ana Regina Salomao Da Silva','1',569,29,540,195),(498,'2023-08-15 17:20:04',NULL,'384944','1','Antonio Carlos Amorim','1',570,29,541,195),(499,'2023-08-15 17:20:04',NULL,'384945','1','Maria Alberina Carneiro Reis','1',571,29,542,195),(500,'2023-08-15 17:20:04',NULL,'384947','1','Iarlene Carneiro Cerejo Chaves','1',572,29,543,195),(501,'2023-08-18 12:10:31',NULL,'384895','1','Lindalva Marreiros Souza','1',573,29,507,195),(502,'2023-08-18 12:10:31',NULL,'384896','1','Filomena Bastos Rodrigues','1',574,29,508,195),(503,'2023-08-18 12:10:31',NULL,'384897','1','Marise Yara Dos Santos Gomes','1',575,29,509,195),(504,'2023-08-18 12:10:31',NULL,'384898','1','Terezinha Ricardo De Sousa','1',576,29,510,195),(505,'2023-08-18 12:10:31',NULL,'384899','1','Ana Dalva Vaz Gomes','1',577,29,511,195),(506,'2023-08-18 12:10:31',NULL,'384902','1','Josileide Pereira Sodre','1',578,29,512,195),(507,'2023-08-18 12:10:31',NULL,'384903','1','Francinete Pereira Goncalves','1',579,29,513,195),(508,'2023-08-18 12:10:31',NULL,'384905','1','Ezequiel De Sousa Nascimento','1',580,29,514,195),(509,'2023-08-18 12:10:31',NULL,'384906','1','Sebastiana Rodrigues Soares','1',581,29,515,195),(510,'2023-08-18 12:10:31',NULL,'384907','1','Rozenir  Cantanhede Araujo','1',582,29,516,195),(511,'2023-08-18 12:10:31',NULL,'384909','1','Angela Martins Da Costa','1',583,29,518,195),(512,'2023-08-18 12:10:31',NULL,'384910','1','Valdivino De Oliveira','1',584,29,519,195),(513,'2023-08-18 12:10:31',NULL,'384911','1','Rosineia Silva Lessa','1',585,29,520,195),(514,'2023-08-18 12:10:31',NULL,'384912','1','Eliana Maciel Ferreira','1',586,29,521,195),(515,'2023-08-18 12:10:31',NULL,'384913','1','Luiza Rosa Correa Barbosa','1',587,29,522,195),(516,'2023-08-18 12:10:31',NULL,'384915','1','Ana Zelia Coelho Barbosa','1',588,29,523,195),(517,'2023-08-18 12:10:31',NULL,'384916','1','Raimunda Gomes','1',589,29,524,195),(518,'2023-08-18 12:10:31',NULL,'384917','1','Keila Rasiele De Sousa Da Silva','1',590,29,525,195),(519,'2023-08-18 12:10:31',NULL,'384918','1','Damiana De Jesus Pinheiro','1',591,29,526,195),(520,'2023-08-18 12:10:31',NULL,'384919','1','Maria Jose Silva','1',592,29,527,195),(521,'2023-08-18 12:10:31',NULL,'384922','1','Maria Da Silva Oliveira','1',593,29,528,195),(522,'2023-08-18 12:10:31',NULL,'384923','1','Clesio Raimundo Ferreira Marreiros','1',594,29,529,195),(523,'2023-08-18 12:10:31',NULL,'384925','1','Maria Isabel  Pinheiro Serra','1',595,29,530,195),(524,'2023-08-18 12:10:31',NULL,'384926','1','Maria Ivonete Alves De Alburquerque','1',596,29,469,195),(525,'2023-08-18 12:10:31',NULL,'384931','1','Silvia Regina Sousa De Jesus','1',597,29,531,195),(526,'2023-08-18 12:10:31',NULL,'384932','1','Maria Eliane Monteiro Da Silva','1',598,29,532,195),(527,'2023-08-18 12:10:31',NULL,'384934','1','Maria Rosagela Marques Diniz','1',599,29,533,195),(528,'2023-08-18 12:10:31',NULL,'384935','1','Maria Dalva Santos Ferreira','1',600,29,534,195),(529,'2023-08-18 12:10:31',NULL,'384936','1','Josana Estesia Ferreira Tourinho','1',601,29,535,195),(530,'2023-08-18 12:10:31',NULL,'384937','1','Maria Crislane Silva','1',602,29,536,195),(531,'2023-08-18 12:10:31',NULL,'384939','1','Maria Augusta  Alves Pereira','1',603,29,537,195),(532,'2023-08-18 12:10:31',NULL,'384941','1','Edivaldo Gomes Andrade','1',604,29,538,195),(533,'2023-08-18 12:10:31',NULL,'384942','1','Maria  Eusilene Torres Pacheco','1',605,29,539,195),(534,'2023-08-18 12:10:31',NULL,'384943','1','Ana Regina Salomao Da Silva','1',606,29,540,195),(535,'2023-08-18 12:10:31',NULL,'384944','1','Antonio Carlos Amorim','1',607,29,541,195),(536,'2023-08-18 12:10:31',NULL,'384945','1','Maria Alberina Carneiro Reis','1',608,29,542,195),(537,'2023-08-18 12:10:31',NULL,'384947','1','Iarlene Carneiro Cerejo Chaves','1',609,29,543,195),(538,'2023-08-18 12:17:05',NULL,'384948','1','Geise Carvalho Dos Santos','1',610,29,544,195),(539,'2023-08-18 12:17:05',NULL,'384949','1','Tamires Da Silva Dos Santos','1',611,29,545,195),(540,'2023-08-18 12:17:05',NULL,'384950','1','Almira Sotero De Paiva','1',612,29,546,195),(541,'2023-08-18 12:17:05',NULL,'384951','1','Felicidade De Maria De Almeida Rodrigues','1',613,29,547,195),(542,'2023-08-18 12:17:05',NULL,'384952','1','Adriano Bacelar Silva','1',614,29,548,195),(543,'2023-08-18 12:17:05',NULL,'384953','1','Maria Eudes Mendes Monteiro','1',615,29,549,195),(544,'2023-08-18 12:17:05',NULL,'384954','1','Maria Celeste Dos Anjos Bezerra','1',616,29,550,195),(545,'2023-08-18 12:17:05',NULL,'384956','1','Aldeide Correa Sousa','1',617,29,551,195),(546,'2023-08-18 12:17:05',NULL,'384957','1','Elisa Maria Garcia Amaral','1',618,29,552,195),(547,'2023-08-18 12:17:05',NULL,'384958','1','Rosiete Veloso Viegas','1',619,29,553,195),(548,'2023-08-18 12:17:05',NULL,'384960','1','Maria Vitoria Cabral Caldas','1',620,29,554,195),(549,'2023-08-18 12:17:05',NULL,'384962','1','Maria Lucia De Oliveira Carvalho','1',621,29,555,195),(550,'2023-08-18 12:17:05',NULL,'384963','1','Alzenira Rocha De Oliveira','1',622,29,556,195),(551,'2023-08-18 12:17:05',NULL,'384964','1','Raimunda Silva Da Conceicao','1',623,29,557,195),(552,'2023-08-18 12:17:05',NULL,'384965','1','Maria De Fatima Ferreira Pires','1',624,29,558,195),(553,'2023-08-18 12:17:05',NULL,'384968','1','Francisco Fonseca Freitas','1',625,29,559,195),(554,'2023-08-18 12:17:05',NULL,'384969','1','Ana Lourdes De Souza Martins','1',626,29,560,195),(555,'2023-08-18 12:17:05',NULL,'384972','1','Marcia Cristina Carvalho Araujo','1',627,29,561,195),(556,'2023-08-18 12:17:05',NULL,'384973','1','Mary Lucy Viana Da Silva','1',628,29,562,195),(557,'2023-08-18 12:17:05',NULL,'384974','1','Maria Da Paz Martins Bandeira','1',629,29,563,195),(558,'2023-08-18 12:17:05',NULL,'384976','1','Taliene Dos Santos Barbosa','1',630,29,564,195),(559,'2023-08-18 12:17:05',NULL,'384979','1','Josiane Rodrigues Da Silva','1',631,29,565,195),(560,'2023-08-18 12:17:05',NULL,'384980','1','Kalline Oliveira Ferreira','1',632,29,566,195),(561,'2023-08-18 12:17:05',NULL,'384986','1','Silveria Caldas Silva','1',633,29,567,195),(562,'2023-08-18 12:17:05',NULL,'384988','1','Vilenir Rosale Leite De Sa','1',634,29,568,195),(563,'2023-08-18 12:17:05',NULL,'384989','1','Egnaldo Nicacio Rocha','1',635,29,569,195),(564,'2023-08-18 14:30:41',NULL,'384948','1','Geise Carvalho Dos Santos','1',636,29,544,195),(565,'2023-08-18 14:30:41',NULL,'384949','1','Tamires Da Silva Dos Santos','1',637,29,545,195),(566,'2023-08-18 14:30:41',NULL,'384950','1','Almira Sotero De Paiva','1',638,29,546,195),(567,'2023-08-18 14:30:41',NULL,'384951','1','Felicidade De Maria De Almeida Rodrigues','1',639,29,547,195),(568,'2023-08-18 14:30:41',NULL,'384952','1','Adriano Bacelar Silva','1',640,29,548,195),(569,'2023-08-18 14:30:41',NULL,'384953','1','Maria Eudes Mendes Monteiro','1',641,29,549,195),(570,'2023-08-18 14:30:41',NULL,'384954','1','Maria Celeste Dos Anjos Bezerra','1',642,29,550,195),(571,'2023-08-18 14:30:41',NULL,'384956','1','Aldeide Correa Sousa','1',643,29,551,195),(572,'2023-08-18 14:30:41',NULL,'384957','1','Elisa Maria Garcia Amaral','1',644,29,552,195),(573,'2023-08-18 14:30:41',NULL,'384958','1','Rosiete Veloso Viegas','1',645,29,553,195),(574,'2023-08-18 14:30:41',NULL,'384960','1','Maria Vitoria Cabral Caldas','1',646,29,554,195),(575,'2023-08-18 14:30:41',NULL,'384962','1','Maria Lucia De Oliveira Carvalho','1',647,29,555,195),(576,'2023-08-18 14:30:41',NULL,'384963','1','Alzenira Rocha De Oliveira','1',648,29,556,195),(577,'2023-08-18 14:30:41',NULL,'384964','1','Raimunda Silva Da Conceicao','1',649,29,557,195),(578,'2023-08-18 14:30:41',NULL,'384965','1','Maria De Fatima Ferreira Pires','1',650,29,558,195),(579,'2023-08-18 14:30:41',NULL,'384968','1','Francisco Fonseca Freitas','1',651,29,559,195),(580,'2023-08-18 14:30:41',NULL,'384969','1','Ana Lourdes De Souza Martins','1',652,29,560,195),(581,'2023-08-18 14:30:41',NULL,'384972','1','Marcia Cristina Carvalho Araujo','1',653,29,561,195),(582,'2023-08-18 14:30:41',NULL,'384973','1','Mary Lucy Viana Da Silva','1',654,29,562,195),(583,'2023-08-18 14:30:41',NULL,'384974','1','Maria Da Paz Martins Bandeira','1',655,29,563,195),(584,'2023-08-18 14:30:41',NULL,'384976','1','Taliene Dos Santos Barbosa','1',656,29,564,195),(585,'2023-08-18 14:30:41',NULL,'384979','1','Josiane Rodrigues Da Silva','1',657,29,565,195),(586,'2023-08-18 14:30:41',NULL,'384980','1','Kalline Oliveira Ferreira','1',658,29,566,195),(587,'2023-08-18 14:30:41',NULL,'384986','1','Silveria Caldas Silva','1',659,29,567,195),(588,'2023-08-18 14:30:41',NULL,'384988','1','Vilenir Rosale Leite De Sa','1',660,29,568,195),(589,'2023-08-18 14:30:41',NULL,'384989','1','Egnaldo Nicacio Rocha','1',661,29,569,195),(590,'2023-08-18 17:46:33',NULL,'384990','1','Maria Jose Ferreira Soares','1',662,29,570,195),(591,'2023-08-18 17:46:33',NULL,'384991','1','Sandra Regina Ferreira Cutrim','1',663,29,571,195),(592,'2023-08-18 17:46:33',NULL,'384992','1','Terezinha Ricardo De Sousa','1',664,29,510,195),(593,'2023-08-18 17:46:33',NULL,'384998','1','Eliete Da Conceicao Costa','1',665,29,572,195),(594,'2023-08-18 17:46:33',NULL,'384999','1','Edileusa Stefanny Ferreira Silva','1',666,29,573,195),(595,'2023-08-18 17:46:33',NULL,'385000','1','Maria De Lourdes Farias Araujo','1',667,29,574,195),(596,'2023-08-18 17:46:33',NULL,'385003','1','Luzia De Fatima Meireles Melonio','1',668,29,575,195),(597,'2023-08-18 17:46:33',NULL,'385006','1','Carmelita Lisboa De Sousa','1',669,29,576,195),(598,'2023-08-18 17:46:33',NULL,'385007','1','Franciane Da Silva Santos','1',670,29,577,195),(599,'2023-08-18 17:46:33',NULL,'385008','1','Silvaneti Pereira Da Silva','1',671,29,578,195),(600,'2023-08-18 17:46:33',NULL,'385009','1','Ronilde De Jesus Araujo Santos','1',672,29,579,195),(601,'2023-08-18 17:46:33',NULL,'385010','1','Tatiany Santos Saminez','1',673,29,580,195),(602,'2023-08-18 17:46:33',NULL,'385011','1','Ivonete Severa Matias','1',674,29,581,195),(603,'2023-08-18 17:46:33',NULL,'385012','1','Rafaella Sampaio Pinheiro','1',675,29,582,195),(604,'2023-08-18 17:46:33',NULL,'385013','1','Nana Sara Silva Lindoso','1',676,29,583,195),(605,'2023-08-18 17:46:33',NULL,'385014','1','Auricelia Serra','1',677,29,584,195),(606,'2023-08-18 17:46:33',NULL,'385015','1','Maria Da Conceicao  Rodrigues Lobato','1',678,29,585,195),(607,'2023-08-18 17:46:33',NULL,'385018','1','Cleidiana Paiva Farias','1',679,29,586,195),(608,'2023-08-18 17:46:33',NULL,'385020','1','Odilia Pereira Do Carmo','1',680,29,587,195),(609,'2023-08-18 17:46:33',NULL,'385021','1','Adryelle De Sousa Meireles','1',681,29,588,195),(610,'2023-08-18 17:46:33',NULL,'385022','1','Tereza Madalena Nunes Silva','1',682,29,589,195),(611,'2023-08-18 20:28:03',NULL,'385019','1','Domingas Raimunda Camara Ferreira','1',683,29,590,195),(612,'2023-08-18 20:28:03',NULL,'385023','1','Francisca Afonso Lima De Freitas','1',684,29,591,195),(613,'2023-08-18 20:28:03',NULL,'385024','1','Joselma Sousa Matos','1',685,29,592,195),(614,'2023-08-18 20:28:03',NULL,'385025','1','Maria Das Gracas Silva Camara','1',686,29,593,195),(615,'2023-08-18 20:28:03',NULL,'385026','1','Keila Karla Lemos Soares','1',687,29,594,195),(616,'2023-08-18 20:28:03',NULL,'385027','1','Maria Do Socorro Da Costa Cunha','1',688,29,595,195),(617,'2023-08-18 20:28:03',NULL,'385028','1','Andreia Silva Reis','1',689,29,596,195),(618,'2023-08-18 20:28:03',NULL,'385030','1','Loumari Neves Ribeiro','1',690,29,597,195),(619,'2023-08-18 20:28:03',NULL,'385032','1','Maria Vitoria Garcia Franco','1',691,29,598,195),(620,'2023-08-18 20:28:03',NULL,'385035','1','Karla Rejane Mendes Da Silva','1',692,29,599,195),(621,'2023-08-18 20:28:03',NULL,'385036','1','Elani Maria Guilhon Campos','1',693,29,600,195),(622,'2023-08-18 20:28:03',NULL,'385037','1','Maria Jose De Souza Alves Marinho','1',694,29,601,195),(623,'2023-08-18 20:28:03',NULL,'385038','1','Dorivane Gomes Lima','1',695,29,602,195),(624,'2023-08-18 20:28:03',NULL,'385039','1','Renan Dos Santos De Almeida','1',696,29,603,195),(625,'2023-08-18 20:28:03',NULL,'385040','1','Rosemary De Medeiros  Ribeiros Silva','1',697,29,604,195),(626,'2023-08-18 20:28:03',NULL,'385041','1','Rosania Paulina De Sousa','1',698,29,605,195),(627,'2023-08-18 20:28:03',NULL,'385042','1','Genilde Ribeiro Fonseca','1',699,29,606,195),(628,'2023-08-18 20:28:03',NULL,'385043','1','Maria Antonia Sousa Silva','1',700,29,607,195),(629,'2023-08-21 19:36:42',NULL,'384837','1','Josileia Alves Cantanhede Azevedo','1',701,29,463,195),(630,'2023-08-21 19:36:42',NULL,'384841','1','Liane  Santos Patricio','1',702,29,464,195),(631,'2023-08-21 19:36:42',NULL,'384842','1','Vivian Cristina Tavares Sousa','1',703,29,465,195),(632,'2023-08-21 19:36:42',NULL,'384843','1','Tania Maria De Jesus Da Silva','1',704,29,466,195),(633,'2023-08-21 19:36:42',NULL,'384845','1','Rita De Claudia  Frazao Do Santos','1',705,29,467,195),(634,'2023-08-21 19:36:42',NULL,'384847','1','Solange Bezerra De Oliveira','1',706,29,468,195),(635,'2023-08-21 19:36:42',NULL,'384848','1','Maria Ivonete Alves De Alburquerque','1',707,29,608,195),(636,'2023-08-21 19:36:42',NULL,'384849','1','Joana Dos Santos','1',708,29,470,195),(637,'2023-08-21 19:36:42',NULL,'384851','1','Maria Do Socorro Guimaraes Correa','1',709,29,471,195),(638,'2023-08-21 19:36:42',NULL,'384852','1','Maria Alderalda Araujo Neves','1',710,29,472,195),(639,'2023-08-21 19:36:42',NULL,'384854','1','Maria Do Socorro Da Conceicao','1',711,29,473,195),(640,'2023-08-21 19:36:42',NULL,'384856','1','Fabiene Paixao Audassy','1',712,29,474,195),(641,'2023-08-21 19:36:42',NULL,'384857','1','Ana Dos Reis Pessoa Ferreira','1',713,29,475,195),(642,'2023-08-21 19:36:42',NULL,'384859','1','Francisca Pereira Barbosa','1',714,29,476,195),(643,'2023-08-21 19:36:42',NULL,'384860','1','Telma Maria Guimaraes Santana','1',715,29,477,195),(644,'2023-08-21 19:36:42',NULL,'384861','1','Angela Carla Da Silva Frazao','1',716,29,478,195),(645,'2023-08-21 20:57:13',NULL,'385033','1','Raimunda Cristiane Costa Aguiar','1',717,29,609,195),(646,'2023-08-21 20:57:13',NULL,'385047','1','Maria Neide Rocha De Oliveira','1',718,29,610,195),(647,'2023-08-21 20:57:13',NULL,'385050','1','Mercia Maria Melo Da Silva','1',719,29,611,195),(648,'2023-08-21 20:57:13',NULL,'385052','1','Raimunda Maria Texeira Ribeiro','1',720,29,612,195),(649,'2023-08-21 20:57:13',NULL,'385054','1','Ana Lourdes De Souza Martins','1',721,29,560,195),(650,'2023-08-21 20:57:13',NULL,'385055','1','Marizeth Matos Pereira','1',722,29,613,195),(651,'2023-08-21 20:57:13',NULL,'385056','1','Neci De Sousa Da Costa','1',723,29,614,195),(652,'2023-08-21 20:57:13',NULL,'385057','1','Aldicelia Lins Paiva Da Silva','1',724,29,615,195),(653,'2023-08-21 20:57:13',NULL,'385058','1','Silma Ferreira Andrade Da Silva','1',725,29,616,195),(654,'2023-08-21 20:57:13',NULL,'385059','1','Silma Ferreira Andrade Da Silva','1',726,29,616,195),(655,'2023-08-21 20:57:13',NULL,'385061','1','Andressa Mayara Alves Macedo','1',727,29,617,195),(656,'2023-08-21 20:57:13',NULL,'385063','1','Antonia De Oliveira Rocha','1',728,29,618,195),(657,'2023-08-21 20:57:13',NULL,'385064','1','Leidinalva Dos Santos Silva','1',729,29,619,195),(658,'2023-08-21 20:57:13',NULL,'385065','1','Girlene Reis Da Silva Serra','1',730,29,620,195),(659,'2023-08-21 20:57:13',NULL,'385066','1','Marly Moraes De Oliveira','1',731,29,621,195),(660,'2023-08-21 20:57:13',NULL,'385068','1','Ana Regina Marques Dos Santos','1',732,29,622,195),(661,'2023-08-21 20:57:13',NULL,'385069','1','Maria Do Rosario Silva Araujo','1',733,29,623,195),(662,'2023-08-21 20:57:13',NULL,'385070','1','Adelaide Aprigio Dos Santos','1',734,29,624,195),(663,'2023-08-21 20:57:13',NULL,'385071','1','Ana Rosa Costa Santos','1',735,29,625,195),(664,'2023-08-21 20:57:13',NULL,'385072','1','Claudio Murilo Sodre Laune','1',736,29,626,195),(665,'2023-08-21 20:57:13',NULL,'385073','1','Glancia Santos De Melo','1',737,29,627,195),(666,'2023-08-21 20:57:13',NULL,'385074','1','Maria Auxiliadora Batista Saraiva','1',738,29,628,195),(667,'2023-08-21 20:57:13',NULL,'385075','1','Tatiana Pereira Dos Santos','1',739,29,629,195),(668,'2023-08-21 20:57:13',NULL,'385076','1','Daise Pereira De Araujo','1',740,29,630,195),(669,'2023-08-22 12:36:03',NULL,'529461','1','Jesuina De Lurdes Broglio Galleote','1',741,29,631,195),(670,'2023-08-22 12:36:03',NULL,'371034','1','Pedro Pereira Carneiro Filho','1',742,29,632,195),(671,'2023-08-22 13:12:22',NULL,'529461','1','Jesuina De Lurdes Broglio Galleote','1',743,29,633,195),(672,'2023-08-22 13:12:22',NULL,'371034','1','Pedro Pereira Carneiro Filho','1',744,29,634,195),(673,'2023-08-22 17:18:05',NULL,'384141','1','Dilane Rosa De Freitas','1',747,29,637,195),(674,'2023-08-22 17:18:05',NULL,'384142','1','Telma Maria Ferreira','1',748,29,638,195),(675,'2023-08-22 18:20:46',NULL,'529461','1','Jesuina De Lurdes Broglio Galleote','1',749,29,639,195),(676,'2023-08-22 18:20:46',NULL,'371034','1','Pedro Pereira Carneiro Filho','1',750,29,640,195),(677,'2023-08-22 18:55:13',NULL,'529461','1','Jesuina De Lurdes Broglio Galleote','1',751,29,641,195),(678,'2023-08-22 18:55:13',NULL,'371034','1','Pedro Pereira Carneiro Filho','1',752,29,642,195),(679,'2023-08-22 18:59:32',NULL,'529461','1','Jesuina De Lurdes Broglio Galleote','1',753,29,643,195),(680,'2023-08-22 18:59:32',NULL,'371034','1','Pedro Pereira Carneiro Filho','1',754,29,644,195),(681,'2023-08-22 19:00:55',NULL,'529461','1','Jesuina De Lurdes Broglio Galleote','1',755,29,645,195),(682,'2023-08-22 19:00:55',NULL,'371034','1','Pedro Pereira Carneiro Filho','1',756,29,646,195),(683,'2023-08-22 19:15:21',NULL,'529461','1','Jesuina De Lurdes Broglio Galleote','1',757,29,647,195),(684,'2023-08-22 19:15:21',NULL,'371034','1','Pedro Pereira Carneiro Filho','1',758,29,648,195),(685,'2023-08-22 19:16:09',NULL,'529461','1','Jesuina De Lurdes Broglio Galleote','1',759,29,649,195),(686,'2023-08-22 19:16:09',NULL,'371034','1','Pedro Pereira Carneiro Filho','1',760,29,650,195),(687,'2023-08-22 19:24:52',NULL,'529461','1','Jesuina De Lurdes Broglio Galleote','1',761,29,651,195),(688,'2023-08-22 19:27:52',NULL,'529461','1','Jesuina De Lurdes Broglio Galleote','1',762,29,652,195),(689,'2023-08-22 20:06:56',NULL,'529461','1','Jesuina De Lurdes Broglio Galleote','1',763,29,653,195);
/*!40000 ALTER TABLE `controlenvio` ENABLE KEYS */;
UNLOCK TABLES;

--
-- Table structure for table `destinatario`
--

DROP TABLE IF EXISTS `destinatario`;
/*!40101 SET @saved_cs_client     = @@character_set_client */;
/*!40101 SET character_set_client = utf8 */;
CREATE TABLE `destinatario` (
  `id` int(11) NOT NULL AUTO_INCREMENT,
  `cpf` varchar(45) DEFAULT NULL,
  `nome` varchar(225) DEFAULT NULL,
  `logradouro` varchar(225) DEFAULT NULL,
  `numero` varchar(45) DEFAULT NULL,
  `bairro` varchar(255) DEFAULT NULL,
  `municipio` varchar(255) DEFAULT NULL,
  `uf` varchar(45) DEFAULT NULL,
  `cep` varchar(45) DEFAULT NULL,
  `pais` varchar(45) DEFAULT NULL,
  `telefone` varchar(45) DEFAULT NULL,
  `email` varchar(45) DEFAULT NULL,
  `notafiscal_id` int(11) NOT NULL,
  `complemento` varchar(45) DEFAULT NULL,
  `telefone2` varchar(45) DEFAULT NULL,
  `flag` int(11) DEFAULT NULL,
  PRIMARY KEY (`id`),
  KEY `fk_destinatario_notafiscal1_idx` (`notafiscal_id`),
  CONSTRAINT `fk_destinatario_notafiscal1` FOREIGN KEY (`notafiscal_id`) REFERENCES `notafiscal` (`id`) ON DELETE CASCADE ON UPDATE NO ACTION
) ENGINE=InnoDB AUTO_INCREMENT=654 DEFAULT CHARSET=utf8mb4;
/*!40101 SET character_set_client = @saved_cs_client */;

--
-- Dumping data for table `destinatario`
--

LOCK TABLES `destinatario` WRITE;
/*!40000 ALTER TABLE `destinatario` DISABLE KEYS */;
INSERT INTO `destinatario` VALUES (463,'77169557304','Josileia Alves Cantanhede Azevedo','Avenida Avenida Gapara','11','Cidade Nova','Sao Luis','MA','65083430','Brasil','9870222575','josyleiaalves03@gmail.com',486,NULL,NULL,NULL),(464,'60981123392','Liane  Santos Patricio','Rua Santa Teresa','8','Jaracaty','Sao Luis','MA','65076840','Brasil','98985504630','sliane653@gmail.com',487,NULL,NULL,NULL),(465,'62040905340','Vivian Cristina Tavares Sousa','Rua 201 Se (unidade 201)','03','Cidade Operaria','Sao Luis','MA','65058222','Brasil','9884597925','pt1046742@gmail.com',488,NULL,NULL,NULL),(466,'65476425349','Tania Maria De Jesus Da Silva','Rua Rua Nove De Marco','568','Nova Republica','Sao Luis','MA','65090554','Brasil','9887022328','taniaconsultorajafra@gmail.com',489,NULL,NULL,NULL),(467,'55065180300','Rita De Claudia  Frazao Do Santos','Rua Rua Clarinda Ferreira','37','Sa Viana','Sao Luis','MA','65080080','Brasil','9898145146','ritadeclaudia@gmail.com',490,NULL,NULL,NULL),(468,'33221316372','Solange Bezerra De Oliveira','Rua Rua Malasia','8','Anjo Da Guarda','Sao Luis','MA','65085299','Brasil','9882241692','solangeoliveira24@gmail.com',491,NULL,NULL,NULL),(470,'28823095387','Joana Dos Santos','Rua Rua Seis','28','Parque Sabia','Sao Luis','MA','65056201','Brasil','98991467171','jbr.santos@hotmail.com',493,NULL,NULL,NULL),(471,'08867631349','Maria Do Socorro Guimaraes Correa','Rua Dois ( Antiga Manoel Coelho Alencar )','136','PLANALTO ANIL','Sao Luis','MA','65060762','Brasil','9833017770','socorrinhojafra1@gmail.com',494,NULL,NULL,NULL),(472,'78776880320','Maria Alderalda Araujo Neves','Rua Rua Tres','443','Vila Sarney Filho I','Sao Jose de Ribamar','MA','65110000','Brasil','98987158859','aderaldajafrabrasil@hotmail.com',495,NULL,NULL,NULL),(473,'25772953320','Maria Do Socorro Da Conceicao','Epitacio Cafeteira','65','Vila Brasil','Sao Luis','MA','65056562','Brasil','98996216750','mgessianeribeiro@gmail.com',496,NULL,NULL,NULL),(474,'14912562300','Fabiene Paixao Audassy','Rua 117 - Quadra 89','03','Maiobao','Paco do Lumiar','MA','65130000','Brasil','9888374996','fabienialdacir3320@gmail.com',497,NULL,NULL,NULL),(475,'99757516368','Ana Dos Reis Pessoa Ferreira','Condominio Alfa Vile','118','Aracagi','Paco do Lumiar','MA','65130000','Brasil','9887855580','pessoaanadosreis@gmail.com',498,NULL,NULL,NULL),(476,'47154829320','Francisca Pereira Barbosa','Da Carnauba','5','Cohab Sacavem','Sao Luis','MA','65043630','Brasil','9887414845','franciscajafra067@hotmail.com',499,NULL,NULL,NULL),(477,'74794809387','Telma Maria Guimaraes Santana','Rua Av 4','1','Maiobao','Paco do Lumiar','MA','65130000','Brasil','98989138170','matheus_guimaraessantana@hotmail.com',500,NULL,NULL,NULL),(478,'86949764391','Angela Carla Da Silva Frazao','Rua Rua Quarenta E Oito','6','Sao Raimundo','Sao Luis','MA','65057758','Brasil','98989072763','angelacarla27@hotmail.com',501,NULL,NULL,NULL),(479,'87327465391','Marinalva Sobral Silva','Projetada S N','101','Turu','Sao Luis','MA','65066902','Brasil','9888325571','N.alva32@hotmail.com',502,NULL,NULL,NULL),(480,'30433444304','Maria Selma Colins','Rua Josemar Pinheiro','44','Sao Bernardo','Sao Luis','MA','65055780','Brasil','9888770756','selmamariacolins.2018@gmail.com',503,NULL,NULL,NULL),(481,'93574002300','Raimunda Izabel Maia','Rua Da Alegria','48','Vila Janaina','Sao Luis','MA','65058866','Brasil','9898351402','laura25sol@hotmail.com',504,NULL,NULL,NULL),(482,'37713620320','Iracema Das Neves Soares','Rua Rua Presidencial','50','Residencial Paraiso','Sao Luis','MA','65081761','Brasil','9888162921','iracemasoares198@gmail.com',505,NULL,NULL,NULL),(483,'61484255305','Maria Luiza Maranhao Fonseca','Travessa Raimundo Castro','9b','Cidade Nova','Sao Luis','MA','65083348','Brasil','9891118740','luiizaah@outlook.com',506,NULL,NULL,NULL),(484,'07517807315','Meireistelma Pereira De Araujo','Rua Rua Onze','17','Cohatrac Ii','Sao Luis','MA','65053810','Brasil','9888381499','araujo_meire@yahoo.com.br',512,NULL,NULL,NULL),(485,'60277811309','Maria Nilda Do Nascimento Barbosa','Rua Principal','20','Vila Mauro Fecury I','Sao Luis','MA','65082617','Brasil','98986057822','nildajafra2020@hotmail.com',513,NULL,NULL,NULL),(486,'96579145315','Keslley Firmino Bruzaca Mello','Rua Rua 13 De Maio','198','Centro','Sao Jose de Ribamar','MA','65110000','Brasil','9832241519','keslleybruzaca@hotmail.com',514,NULL,NULL,NULL),(487,'60380576333','Maria Da Conceicao Da Silva Teixeira','Rua Vinte E Um De Abril','38','Sao Bernardo','Sao Luis','MA','65056320','Brasil','98982116143','maryteixeira.tex@gmail.com',515,NULL,NULL,NULL),(488,'00452257379','Iracema Cristina Ribeiro Lemos Moutinho','Rua Dom Luis','6','Vila Isabel (anjo Da Guarda)','Sao Luis','MA','65082103','Brasil','98992028182','iracemamoutinho13@gmail.com',516,NULL,NULL,NULL),(489,'63857065320','Gracineth Sousa Da Cruz Borralho','Rua Quarenta E Nove','14','Sao Raimundo','Sao Luis','MA','65057739','Brasil','9832767789','gracinethborralho1@gmail.com',517,NULL,NULL,NULL),(490,'70569100330','Eliane Oliveira  Da Silva','Rua Archileu De Oliveira','14','Turiuba Vii','Sao Jose de Ribamar','MA','65110000','Brasil','98985134230','lilikaoliveiradasilva@gmail.com',518,NULL,NULL,NULL),(491,'55711189387','Francilene  Alves Gusmao','Canudos','03','Parque Vitoria','Sao Luis','MA','65067645','Brasil','98984232791','a984232791@gmail.com',519,NULL,NULL,NULL),(492,'67315380353','Patricia Liana Mondego De Azevedo','Rua 09 (unidade 201)','39','Cidade Operaria','Sao Luis','MA','65058231','Brasil','988947072','patricialiana@gmail.com',520,NULL,NULL,NULL),(493,'60934469300','Millena Vitoria Ferrreira Sampaio','Rua Dom Luis','52','Vila Sao Luis','Sao Luis','MA','65082577','Brasil','98984990904','vmillena54@gmail.com',521,NULL,NULL,NULL),(494,'60835912361','Joanice Nicacio Rocha','Rua Riachuelo','115','Joao Paulo','Sao Luis','MA','65040060','Brasil','9887056794','juanicerocha55@gmail.com',522,NULL,NULL,NULL),(495,'42773865391','Alex Sandra De Fatima Mendes Da Silva','Condominio Ipem Angelim','S/n','Angelim','Sao Luis','MA','65063030','Brasil','98987071395','alexsandradfms@gmail.com',523,NULL,NULL,NULL),(496,'03686938308','Danilo Sodre Costa','Estrada Estrada De Ribamar','302','Forquilha','Sao Luis','MA','65054005','Brasil','9898135190','e_a306da1a06c4bfb373467aac547414f1@jafra.com',524,NULL,NULL,NULL),(497,'37587382372','Francisca Machado De Azevedo','Avenida Avenida Sol Nascente','6','Sol E Mar','Sao Luis','MA','65068212','Brasil','98987384297','franciscamachadodeazevedo@outlook.com',525,NULL,NULL,NULL),(498,'02736237374','Kerlyane Pereira Araujo','Rua Rua Do Sol','15','Piramide','Paco do Lumiar','MA','65130000','Brasil','9899752949','kerllyanep@gmail.com',526,NULL,NULL,NULL),(499,'51643405349','Marlene Marreiros Da Silva','Avenida Avenida Principal','51','Cinturao Verde','Sao Luis','MA','65090225','Brasil','9991780032','marlenemarreiros50@gmail.com',527,NULL,NULL,NULL),(500,'28124316368','Rosemary Alves','Travessa Travessa Maria Alice','56','Divineia','Sao Luis','MA','65068096','Brasil','9888081230','rosemaryalvess2020@gmail.com',528,NULL,NULL,NULL),(501,'99023520300','Ivanilde Lima Rocha Rocha','Rua Rua Dos Pargos','382','Vila Marizia','Raposa','MA','65138000','Brasil','9899727805','ivanildelima02@gmail.com',529,NULL,NULL,NULL),(502,'73977519387','Rozire Monteiro De Sousa','Rua Rua G','40','Vila Vitoria','Sao Luis','MA','65059848','Brasil','98987728883','extracalcado@hotmail.com',530,NULL,NULL,NULL),(503,'02942793341','Rosicleia De Castro Araujo','Rua Rua Do Sol','131','Vila Sao Luis','Sao Luis','MA','65082545','Brasil','9898214157','rosicleiaaraujo86@gmail.com',531,NULL,NULL,NULL),(504,'28397231404','Emanoel Roberto Da Silva','Rua Rua Aririzal','33','Jardim Eldorado','Sao Luis','MA','65067190','Brasil','98988066270','eroberto25@hotmail.com',532,NULL,NULL,NULL),(505,'01301334340','Keiliane Sa','Rua Aquiles Lisboa','20','Sa Viana','Sao Luis','MA','65080020','Brasil','9898754924','contato.keiliane@gmail.com',533,NULL,NULL,NULL),(506,'02713579325','Fabricia Dos Santos Ferreira Cardoso','Rua Rua Nova Esperanca','112 A','Pedrinhas','Sao Luis','MA','65092693','Brasil','9898561129','ff5246642@gmail.com',534,NULL,NULL,NULL),(508,'47457120300','Filomena Bastos Rodrigues','Conjunto Alameda 2','33','Jardim America','Sao Luis','MA','65058295','Brasil','98988215705','filomenajafra@hotmail.com',536,NULL,NULL,NULL),(509,'95477357304','Marise Yara Dos Santos Gomes','Rua Estrada Do Cajueiro Cond Village Laranjeiras','0','Cajueiro','Sao Jose de Ribamar','MA','65110000','Brasil','98988425661','mariseg@bol.com.br',537,NULL,NULL,NULL),(510,'96027355387','Terezinha Ricardo De Sousa','Rua Bom Jesus','37','Ilhinha','Sao Luis','MA','65076600','Brasil','98982075281','terezinharicardodesousa@gmail.com',538,NULL,NULL,NULL),(511,'48920207372','Ana Dalva Vaz Gomes','Rua Rua Andorinhas','6','Ponta Do Farol','Sao Luis','MA','65075050','Brasil','9831810145','anadalva.jafra@hotmail.com',539,NULL,NULL,NULL),(512,'37577123315','Josileide Pereira Sodre','Quarenta E Seis','02','Santa Barbara','Sao Luis','MA','65057762','Brasil','9881764152','Josileide007@outlook.com',540,NULL,NULL,NULL),(513,'44481713372','Francinete Pereira Goncalves','Rua Maranguape','0','Maiobinha','Sao Luis','MA','65052390','Brasil','98988336114','francinete.goncalves@hotmail.com',541,NULL,NULL,NULL),(514,'61829988301','Ezequiel De Sousa Nascimento','Rua Caxias (res Vl Dos Mestres)','23','BAIRRO Cidade Operaria','Sao Luis','MA','65058208','Brasil','98999735185','eezequieldesousa1996@gmail.com',542,NULL,NULL,NULL),(515,'83116940363','Sebastiana Rodrigues Soares','Rua Do Limoeiro','33','Alto Do Turu 1','Sao Jose de Ribamar','MA','65110000','Brasil','98989087818','sebastianarodrigues993@gmail.com',543,NULL,NULL,NULL),(516,'05559063371','Rozenir  Cantanhede Araujo','Rua Da Vitoria (vl Pianco)','19','Vila Embratel','Sao Luis','MA','65081650','Brasil','98987895917','rosyaraujo550@gmail.com',544,NULL,NULL,NULL),(517,'78665825304','Francineide Farias Da Silva Amaro','Avenida Avenida Maria Alice','01','Olho D&acute;agua','Sao Luis','MA','65068095','Brasil','98999059745','neidynha125@hotmail.com',545,NULL,NULL,NULL),(518,'00335502393','Angela Martins Da Costa','Rua Rua Seis','23','Sao Raimundo','Sao Luis','MA','65057771','Brasil','9883075746','elemkamila10@gmail.com',546,NULL,NULL,NULL),(519,'43162371368','Valdivino De Oliveira','Rua Rua Alberto Franco','29 A','Vila Dos Nobres','Sao Luis','MA','65044782','Brasil','9887447155','valdivino.silas@hotmail.com',547,NULL,NULL,NULL),(520,'69776270344','Rosineia Silva Lessa','Rua Rua Trinta E Dois','6','Sao Raimundo','Sao Luis','MA','65057775','Brasil','98988643493','lessarosineia@yahoo.com',548,NULL,NULL,NULL),(521,'74261215349','Eliana Maciel Ferreira','Rua Alameda 7','7','Parana 3','Paco do Lumiar','MA','65130000','Brasil','98988443823','elianaferreiramaciel@hotmail.com',549,NULL,NULL,NULL),(522,'35482940306','Luiza Rosa Correa Barbosa','Avenida Avenida 203','34','Cidade Operaria','Sao Luis','MA','65058181','Brasil','98988196887','luizarosa52@outlook.com',550,NULL,NULL,NULL),(523,'12477559320','Ana Zelia Coelho Barbosa','Rua Onze','12','Rio Anil','Sao Luis','MA','65061710','Brasil','9884963436','anazeliacb58@gmail.com',551,NULL,NULL,NULL),(524,'52909840387','Raimunda Gomes','Rua Rua Aderson Lago','11','Vila Janaina','Sao Luis','MA','65058864','Brasil','98982588232','raimundinhagomes1@outlook.com',552,NULL,NULL,NULL),(525,'04490288360','Keila Rasiele De Sousa Da Silva','Rua Rua Projetada','S/n','Maiobao','Paco do Lumiar','MA','65130000','Brasil','9899112696','keilarasiele@bol.com.br',553,NULL,NULL,NULL),(526,'04403043348','Damiana De Jesus Pinheiro','Avenida Sarney Filho','3','Vila Janaina','Sao Luis','MA','65058825','Brasil','9882916445','kuquinhaco91@gmail.com',554,NULL,NULL,NULL),(527,'64595986149','Maria Jose Silva','Rua Rua Magnetita','26','Coroado','Sao Luis','MA','65042735','Brasil','9832437785','mjosesilva786@gmail.com',555,NULL,NULL,NULL),(528,'40698203372','Maria Da Silva Oliveira','Rua Rua Do Cajueiro','116','Vila Luizao','Sao Luis','MA','65068651','Brasil','9898732350','maria.oliveirajafra@bol.com.br',556,NULL,NULL,NULL),(529,'72393149368','Clesio Raimundo Ferreira Marreiros','Rua Vinte E Quatro De Agosto','345','Liberdade','Sao Luis','MA','65035770','Brasil','98984352752','marreiros2@gmail.com',557,NULL,NULL,NULL),(530,'66121639334','Maria Isabel  Pinheiro Serra','Rua A','71','Vila Do Povo','Paco do Lumiar','MA','65130000','Brasil','9887057310','isabelmaria28858@gmail.com',558,NULL,NULL,NULL),(531,'77334426304','Silvia Regina Sousa De Jesus','Rua Vinte E Cinco De Maio','12','Vila Embratel','Sao Luis','MA','65081295','Brasil','98988645024','silviareginajafra@hotmail.com',560,NULL,NULL,NULL),(532,'00904581330','Maria Eliane Monteiro Da Silva','Rua Cinco','56','Cohatrac Ii','Sao Luis','MA','65054310','Brasil','9984590698','m_eliane2018@hotmail.com',561,NULL,NULL,NULL),(533,'02126076342','Maria Rosagela Marques Diniz','Rua Bom Jesus','19','Vila Janaina','Sao Luis','MA','65058870','Brasil','9899902781','rosamarques2415@gmail.com',562,NULL,NULL,NULL),(534,'48336777334','Maria Dalva Santos Ferreira','Rua Rua Sao Sebastiao','14b','Sarney Filho','Sao Jose de Ribamar','MA','65110000','Brasil','98991958751','dalvafarmacia2019@gmail.com',563,NULL,NULL,NULL),(535,'22897640359','Josana Estesia Ferreira Tourinho','Rua Rua Cinco','18','Planalto Anil I','Sao Luis','MA','65050847','Brasil','9832384701','josanatourinho@hotmail.com',564,NULL,NULL,NULL),(536,'06232030303','Maria Crislane Silva','Avenida 2,quadra C','08','Residencial Orquidia','Paco do Lumiar','MA','65130000','Brasil','9884536326','smariacrislanesilva@gmail.com',565,NULL,NULL,NULL),(537,'29209609387','Maria Augusta  Alves Pereira','Rua Garcas','1','Renascenca','Sao Luis','MA','65075170','Brasil','1125539123','pereiraemartins@terra.com.br',566,NULL,NULL,NULL),(538,'63688352300','Edivaldo Gomes Andrade','Rua: Tres Quadra:108  Bloco A Casa','06','Cidade Olimpica','Sao Luis','MA','65058484','Brasil','98987136515','hellenandrade101017@gmail.com',567,NULL,NULL,NULL),(539,'48883581334','Maria  Eusilene Torres Pacheco','Rua Dom Pedro','03','Cidade Nova','Sao Jose de Ribamar','MA','65110000','Brasil','98991488052','eusilenetpacheco@gmail.com',568,NULL,NULL,NULL),(540,'83408290334','Ana Regina Salomao Da Silva','Rua Das Orquideas','12','Pedrinhas','Sao Luis','MA','65092694','Brasil','9884825231','anareginasalomaodasilvasalomao@gmail.com',569,NULL,NULL,NULL),(541,'33615179315','Antonio Carlos Amorim','Travessa Da Rua Cinco','57','VILA ITAMAR II','Sao Luis','MA','65090058','Brasil','98998427924','antoniocarlosamor825@gmail.com',570,NULL,NULL,NULL),(542,'03382840367','Maria Alberina Carneiro Reis','Rua Treze De Maio','27','Tibiri','Sao Luis','MA','65095235','Brasil','98985351608','Alberinacarneiro11@gmailcom',571,NULL,NULL,NULL),(543,'46730648368','Iarlene Carneiro Cerejo Chaves','Rua 30 Quadra 22','90','Cohatrac','Sao Jose de Ribamar','MA','65110000','Brasil','98981214969','serejo.dk@gmail.com',572,NULL,NULL,NULL),(544,'83325140378','Geise Carvalho Dos Santos','Avenida Edson Brandao','S/n','Cutim Anil','Sao Luis','MA','65045380','Brasil','9832387508','geisecar@hotmail.com',610,NULL,NULL,NULL),(545,'05549653303','Tamires Da Silva Dos Santos','Rua P Qd 38','13','Pindai','Sao Jose de Ribamar','MA','65110000','Brasil','98999627007','ayllaisabelly77@gmail.com.com',611,NULL,NULL,NULL),(546,'23125985404','Almira Sotero De Paiva','Rua Rua Aririzal','304','Jardim Eldorado','Sao Luis','MA','65067190','Brasil','9832365281','almirajafra@hotmail.com',612,NULL,NULL,NULL),(547,'55703534372','Felicidade De Maria De Almeida Rodrigues','Santa Maria (vl Industrial)','32','Maracana','Sao Luis','MA','65090760','Brasil','9887667782','felicidademaria108@gmail.com',613,NULL,NULL,NULL),(548,'00658867393','Adriano Bacelar Silva','Primeiro De Maio','06','Vila Itamar','Sao Luis','MA','65090007','Brasil','98999717702','adrianobarcelasilva@gmail.com',614,NULL,NULL,NULL),(549,'68912358391','Maria Eudes Mendes Monteiro','Rua Rua Quatro','7','Cidade Olimpica','Sao Luis','MA','65058486','Brasil','9884735463','eudesmaria927@gmail.com',615,NULL,NULL,NULL),(550,'06485731334','Maria Celeste Dos Anjos Bezerra','Avenida Avenida Sao Luis Rei De Franca','3287','Turu','Sao Luis','MA','65065470','Brasil','98996056666','mca.bezerra@hotmail.com',616,NULL,NULL,NULL),(551,'76284077300','Aldeide Correa Sousa','Rua Rua Nova Aurora','299','Aurora','Sao Luis','MA','65060400','Brasil','98988445118','aldeidesousa1293@gmail.com',617,NULL,NULL,NULL),(552,'02637978309','Elisa Maria Garcia Amaral','Rua Riachuelo','115','Joao Paulo','Sao Luis','MA','65040060','Brasil','98984407476','Elisamgjafra@gmail.com',618,NULL,NULL,NULL),(553,'02945491370','Rosiete Veloso Viegas','Sao Raimundo','10','Vila Vicente Fialho','Sao Luis','MA','65073630','Brasil','9887898437','rosyviegas1255@gmail.com',619,NULL,NULL,NULL),(554,'60518691314','Maria Vitoria Cabral Caldas','Condominio Marechal Rondon','5','Outeiro Da Cruz','Sao Luis','MA','65045820','Brasil','9892262089','Vitoriacabral676@gmail.com',620,NULL,NULL,NULL),(555,'30343216353','Maria Lucia De Oliveira Carvalho','Via Local 201','01','Parque Vitoria','Sao Luis','MA','65068754','Brasil','9881470229','luciacarvalho59@gmail.com',621,NULL,NULL,NULL),(556,'65718763372','Alzenira Rocha De Oliveira','Rua Nice Lobao','20 A','Vila Apaco','Sao Luis','MA','65058679','Brasil','9892271400','alzenirarocha@hotmail.com',622,NULL,NULL,NULL),(557,'01546200339','Raimunda Silva Da Conceicao','Rua Rua Coronel Riod','23','Vila Riod','Sao Luis','MA','65058341','Brasil','98986036435','raimundasilva-@hotmail.com',623,NULL,NULL,NULL),(558,'02340905370','Maria De Fatima Ferreira Pires','Rua Rua Moises Cutrim','28','Vila Conceicao (calhau)','Sao Luis','MA','65071868','Brasil','9881220276','maria06ferreira@hotmail.com',624,NULL,NULL,NULL),(559,'05660301363','Francisco Fonseca Freitas','Rua Dois','02','Cohabiano 10','Paco do Lumiar','MA','65130000','Brasil','9881947062','franciscofonseca@hotmail.com',625,NULL,NULL,NULL),(560,'22611924368','Ana Lourdes De Souza Martins','Condominio Condominio Ipem Angelim','0','Angelim','Sao Luis','MA','65063030','Brasil','98999055738','anal6008@outlook.com.br',626,NULL,NULL,NULL),(561,'40587401320','Marcia Cristina Carvalho Araujo','Condominio Condominio Vila Esmeralda','01','Forquilha','Sao Luis','MA','65052730','Brasil','98987095414','marcia.cc1@outlook.com',627,NULL,NULL,NULL),(562,'13721534387','Mary Lucy Viana Da Silva','Rua Rua Sao Miguel','6','Planalto Aurora','Sao Luis','MA','65064200','Brasil','9832443326','mary.lucy.silva@terra.com.br',628,NULL,NULL,NULL),(563,'25767380368','Maria Da Paz Martins Bandeira','Rua M','S/n','Maranhao Novo','Sao Luis','MA','65061460','Brasil','98988582937','MARIAPAZBANDEIRA1@GMAIL.COM',629,NULL,NULL,NULL),(564,'61741939348','Taliene Dos Santos Barbosa','Travessa Santo Antonio','7- A','Vila Mauro Fecury I','Sao Luis','MA','65082649','Brasil','9889104457','thalyenneb@gmail.com',630,NULL,NULL,NULL),(565,'02177976367','Josiane Rodrigues Da Silva','Rua 02','8','Maiobao','Paco do Lumiar','MA','65130000','Brasil','9888522261','josianers2009@hotmail.com',631,NULL,NULL,NULL),(566,'01983028355','Kalline Oliveira Ferreira','Estrada Cajoeiro','S/n','Paco Do Lumiar','Paco do Lumiar','MA','65130000','Brasil','9888058516','kallinefrazao@gmail.com',632,NULL,NULL,NULL),(567,'61114926329','Silveria Caldas Silva','Rua Gemeos Quadra H8','01','Recanto dos Signos','Sao Luis','MA','65058418','Brasil','9892172317','silveria.caldas50@gmail.com',633,NULL,NULL,NULL),(568,'27006492300','Vilenir Rosale Leite De Sa','Rua Rua Tapajos','34','Bares','Sao Luis','MA','65041620','Brasil','98999928230','rosaleite2@gmail.com',634,NULL,NULL,NULL),(569,'02320253394','Egnaldo Nicacio Rocha','Rua Riachuelo','115','Joao Paulo','Sao Luis','MA','65040060','Brasil','988440746','rochaegnaldo00@gmail.com',635,NULL,NULL,NULL),(570,'00492172323','Maria Jose Ferreira Soares','Rua Cinco','56','Cohatrac Ii','Sao Luis','MA','65054310','Brasil','9887782030','mariajoseferreirasoares@outlook.com.br',662,NULL,NULL,NULL),(571,'63959690304','Sandra Regina Ferreira Cutrim','Estrada De Ribamar Recanto Verde Iv','S/n','Paraiso Das Rosas','Sao Jose de Ribamar','MA','65110000','Brasil','98988016340','sandrareginafc70@gmail.com',663,NULL,NULL,NULL),(573,'61013589335','Edileusa Stefanny Ferreira Silva','Avenida Avenida Brasil','172','Coroadinho','Sao Luis','MA','65044370','Brasil','9898711872','edileusajafra2019@hotmail.com',666,NULL,NULL,NULL),(574,'28728815300','Maria De Lourdes Farias Araujo','Rua Rua Quatro','40','Jardim Sao Cristovao Ii','Sao Luis','MA','65055337','Brasil','98988222413','lourdesfariasjafra@hotmail.com',667,NULL,NULL,NULL),(575,'30415993334','Luzia De Fatima Meireles Melonio','Rua Rua Uniao Belo','13b','Vila Bacanga','Sao Luis','MA','65080590','Brasil','9832281001','luzia200511@outlook.com',668,NULL,NULL,NULL),(576,'19684690363','Carmelita Lisboa De Sousa','Rua Rua Nova Aurora','152','Aurora','Sao Luis','MA','65060400','Brasil','9832585199','carmelitalisboa2@gmail.com',669,NULL,NULL,NULL),(577,'47497904272','Franciane Da Silva Santos','Nove','33','Sao Francisco','Sao Luis','MA','65076690','Brasil','98988770567','francianesantos2016@utlook.com',670,NULL,NULL,NULL),(578,'81937164349','Silvaneti Pereira Da Silva','Rua Das Flores','114','Cruzeiro Do Anil','Sao Luis','MA','65060170','Brasil','09898981188576','silvanetsilva@yahoo.com.br',671,NULL,NULL,NULL),(579,'79494064372','Ronilde De Jesus Araujo Santos','Rua 01,quadra 06','107','Residencial Jose Reinaldo Tavares','Sao Luis','MA','65059421','Brasil','9898840461','roniarasantos200@gmail.com',672,NULL,NULL,NULL),(580,'05775807367','Tatiany Santos Saminez','Rua Do Fio','11','Vila Primavera','Sao Luis','MA','65043869','Brasil','9886011627','tatinhaaworld@gmail.com',673,NULL,NULL,NULL),(581,'77882431320','Ivonete Severa Matias','Avmoises Cotrim','10','Calhau','Sao Luis','MA','65071411','Brasil','9887514202','Ivonete04ma@gmail.com',674,NULL,NULL,NULL),(582,'02876214300','Rafaella Sampaio Pinheiro','Rua Alto Da Vitoria','21','Coroadinho','Sao Luis','MA','65044400','Brasil','9888957909','rafaellamaster@gmail.com',675,NULL,NULL,NULL),(583,'60301162310','Nana Sara Silva Lindoso','Travessa Santa Florencia','03','Tirirical','Sao Luis','MA','65055249','Brasil','9881991510','nana_melki18@hotmail.com',676,NULL,NULL,NULL),(584,'03242098358','Auricelia Serra','Rua Domingos Dutra','9','Cidade Nova','Sao Luis','MA','65083304','Brasil','98985280648','auriceliaserra36@gmail.com',677,NULL,NULL,NULL),(586,'00546436358','Cleidiana Paiva Farias','Rua Rua Trinta E Dois','6','Sao Raimundo','Sao Luis','MA','65057775','Brasil','98988643493','cleidianapaiva@yahoo.com',679,NULL,NULL,NULL),(587,'00161719341','Odilia Pereira Do Carmo','Rua Rua Seis','12','Vila Itamar Ii','Sao Luis','MA','65090060','Brasil','98988070927','odilia.pc2018@outlook.com',680,NULL,NULL,NULL),(589,'52904440330','Tereza Madalena Nunes Silva','Avenida Avenida Paraiso','1','Residencial Paraiso','Sao Luis','MA','65081700','Brasil','98988699648','terezamada72@gmail.com',682,NULL,NULL,NULL),(590,'29171326391','Domingas Raimunda Camara Ferreira','Avenida Avenida Alessandra Caldas','10','Santa Efigenia','Sao Luis','MA','65058703','Brasil','98988293664','raimunda.domingas.12@gmail.com',683,NULL,NULL,NULL),(591,'27226115387','Francisca Afonso Lima De Freitas','Rua Rua Santa Isabel','16','Santa Efigenia','Sao Luis','MA','65058710','Brasil','98982916445','ticaafonso-@hotmail.com',684,NULL,NULL,NULL),(592,'04188384379','Joselma Sousa Matos','Rua J Camara','181','J Camara I','Sao Jose de Ribamar','MA','65110000','Brasil','9832244432','joselmamatos894@gmail.com',685,NULL,NULL,NULL),(594,'02465046330','Keila Karla Lemos Soares','Rua Rua Trinta E Dois','6','Sao Raimundo','Sao Luis','MA','65057775','Brasil','98988643493','soarekeila@yahoo.com',687,NULL,NULL,NULL),(595,'72734086387','Maria Do Socorro Da Costa Cunha','Rua Rua Santa Luzia','10','Vila Janaina','Sao Luis','MA','65058872','Brasil','9885009215','mariacunha2000@hotmail.com',688,NULL,NULL,NULL),(597,'77947258368','Loumari Neves Ribeiro','Rua Rua Nova','203','Turu','Sao Luis','MA','65066350','Brasil','98988198286','loumarineves10@gmail.com',690,NULL,NULL,NULL),(600,'29197902349','Elani Maria Guilhon Campos','Rua Rua Jaqueira','33','Vila Lobao','Sao Luis','MA','65045863','Brasil','98987716499','elanimaria2018@hotmail.com',693,NULL,NULL,NULL),(601,'93888910315','Maria Jose De Souza Alves Marinho','Rua Airton Senna','105','VILA LUIZaO','Sao Luis','MA','65068589','Brasil','1781009691','mariajose.mjose@outlook.com',694,NULL,NULL,NULL),(603,'61350372340','Renan Dos Santos De Almeida','Seis','28','Parque Sabia','Sao Luis','MA','65056201','Brasil','9832441162','renanzito.almeida@gmail.com',696,NULL,NULL,NULL),(604,'67643833320','Rosemary De Medeiros  Ribeiros Silva','Rua Sao Jose','41','Turu','Sao Luis','MA','65066380','Brasil','98987104883','rosemarinha@hotmail.com',697,NULL,NULL,NULL),(605,'40467490325','Rosania Paulina De Sousa','Rua Quarenta E Quatro','22','Sao Raimundo','Sao Luis','MA','65057761','Brasil','98987038074','paulinarosania@gmail.com',698,NULL,NULL,NULL),(608,'63783061334','Maria Ivonete Alves De Alburquerque','Avenida Rio Anil','18','Sao Francisco Illinha','Sao Luis','MA','65076657','Brasil','9899065690','yvonete.lima@hotmail.com',707,NULL,NULL,NULL),(609,'49458612349','Raimunda Cristiane Costa Aguiar','Rua Rua Sao Jose','29','Vila Bacanga','Sao Luis','MA','65080860','Brasil','1125539123','cris.svo07@hotmail.com',717,NULL,NULL,NULL),(610,'25098896304','Maria Neide Rocha De Oliveira','Rua Rua Nice Lobao','20','Vila Apaco','Sao Luis','MA','65058679','Brasil','9899839510','neiderochajafra@gmail.com',718,NULL,NULL,NULL),(611,'51613352387','Mercia Maria Melo Da Silva','Conjunto Conjunto Jardim Alvorada','24','Cohatrac','Sao Luis','MA','65052100','Brasil','98988100541','mercia280943@outlook.com',719,NULL,NULL,NULL),(612,'96526777368','Raimunda Maria Texeira Ribeiro','Rua 03','59','Cidade Operaria','Sao Luis','MA','65058075','Brasil','98992138766','mariathiago618@gmail.com',720,NULL,NULL,NULL),(613,'91388945304','Marizeth Matos Pereira','Rua Treze','26','Rio Anil','Sao Luis','MA','65061730','Brasil','98981257940','marizethpereira@hotmail.com',722,NULL,NULL,NULL),(614,'05025504813','Neci De Sousa Da Costa','Avenida Avenida Aluizio Azevedo','59','Cohab Anil I','Sao Luis','MA','65050140','Brasil','9832690675','necisousa01@gmail.com',723,NULL,NULL,NULL),(615,'37888030459','Aldicelia Lins Paiva Da Silva','Rua Rua Aririzal','1','Cohama','Sao Luis','MA','65067197','Brasil','98988066270','celialins.jafra@gmail.com',724,NULL,NULL,NULL),(616,'69848408304','Silma Ferreira Andrade Da Silva','Estrada Da Vitoria','42','Tirirical','Sao Luis','MA','65056330','Brasil','9832588297','silmaandrade61@hotmail.com',725,NULL,NULL,NULL),(617,'60535503377','Andressa Mayara Alves Macedo','Rua Rua Quatro','127','Vila Sarney Filho','Sao Jose de Ribamar','MA','65110000','Brasil','9885315867','andressa.mayara10@hotmail.com',727,NULL,NULL,NULL),(618,'25601016372','Antonia De Oliveira Rocha','Avenida Paraiso','123','Jardim Tropical','Sao Jose de Ribamar','MA','65110000','Brasil','1125539123','antoniarochaoliveira@outlook.com',728,NULL,NULL,NULL),(619,'92245250320','Leidinalva Dos Santos Silva','Jerusalem','05','Vila Brasil','Sao Luis','MA','65056540','Brasil','98999010902','boticarionalva@gmail.com',729,NULL,NULL,NULL),(620,'03700396376','Girlene Reis Da Silva Serra','Rua Rua Do Chafariz','S/n','Vila Maranhao','Sao Luis','MA','65091230','Brasil','9884713635','kelinnyserra@gmail.com',730,NULL,NULL,NULL),(621,'97628727387','Marly Moraes De Oliveira','Rua Nova','5','Tijupa Queimado','Sao Jose de Ribamar','MA','65110000','Brasil','98985677493','marlymoraes99@gmail.com',731,NULL,NULL,NULL),(622,'24939048349','Ana Regina Marques Dos Santos','Rua Das Goiabeiras','26','Novo Miritiua','Sao Jose de Ribamar','MA','65110000','Brasil','9885402591','anareginamsantosbbl@hotmail.com',732,NULL,NULL,NULL),(623,'32508255300','Maria Do Rosario Silva Araujo','Rua Rua A','12','Conjunto Residencial Parana 01','Paco do Lumiar','MA','65130000','Brasil','9832375707','rosariosilva01@hotmail.com',733,NULL,NULL,NULL),(624,'03301492371','Adelaide Aprigio Dos Santos','Rua Nova','17','Rio Grande','Sao Luis','MA','65091772','Brasil','9891373622','adelaidesanttos33@gmail.com',734,NULL,NULL,NULL),(625,'47203340325','Ana Rosa Costa Santos','Rua Rua 13','10','Cidade Operaria','Sao Luis','MA','65058009','Brasil','98988444126','a.anarosacosta@bol.com.br',735,NULL,NULL,NULL),(626,'03684991384','Claudio Murilo Sodre Laune','Estrada Estrada De Ribamar','Sn','Forquilha','Sao Luis','MA','65054005','Brasil','98988067564','murillo-lolo13_@hotmail.com',736,NULL,NULL,NULL),(627,'27020316840','Glancia Santos De Melo','Rua Do Bacuri','11','Centro','Governador Newton Bello','MA','65363000','Brasil','9884646554','glanciavitoriano@gmail.com',737,NULL,NULL,NULL),(628,'26007975304','Maria Auxiliadora Batista Saraiva','Avenida Engenheiro Emiliano Macieira','2000','Maracana','Sao Luis','MA','65095602','Brasil','98983042853','dora.saraiva@gmail.com',738,NULL,NULL,NULL),(629,'66430550320','Tatiana Pereira Dos Santos','Rua Rua Suriname','7','Anjo Da Guarda','Sao Luis','MA','65085242','Brasil','98982977787','larislaynemodas@gmail.com',739,NULL,NULL,NULL),(630,'01486657303','Daise Pereira De Araujo','Rua Rua Onze','17','Cohatrac Ii','Sao Luis','MA','65053810','Brasil','9832382909','daise_araujo@msn.com',740,NULL,NULL,NULL);
/*!40000 ALTER TABLE `destinatario` ENABLE KEYS */;
UNLOCK TABLES;

--
-- Table structure for table `devolucao`
--

DROP TABLE IF EXISTS `devolucao`;
/*!40101 SET @saved_cs_client     = @@character_set_client */;
/*!40101 SET character_set_client = utf8 */;
CREATE TABLE `devolucao` (
  `id` int(11) NOT NULL AUTO_INCREMENT,
  `data` timestamp NULL DEFAULT NULL,
  `qtd` int(11) DEFAULT NULL,
  `entregadores_id` int(11) NOT NULL,
  `producao_id` int(11) NOT NULL,
  `ocorrencias_id` int(11) NOT NULL,
  `boletos_id` int(11) NOT NULL,
  PRIMARY KEY (`id`),
  KEY `fk_devolucao_entregadores1_idx` (`entregadores_id`),
  KEY `fk_devolucao_producao1_idx` (`producao_id`),
  KEY `fk_devolucao_ocorrencias1_idx` (`ocorrencias_id`),
  KEY `fk_devolucao_boletos1_idx` (`boletos_id`)
) ENGINE=InnoDB AUTO_INCREMENT=62 DEFAULT CHARSET=utf8mb4;
/*!40101 SET character_set_client = @saved_cs_client */;

--
-- Dumping data for table `devolucao`
--

LOCK TABLES `devolucao` WRITE;
/*!40000 ALTER TABLE `devolucao` DISABLE KEYS */;
INSERT INTO `devolucao` VALUES (60,'2023-08-11 14:08:24',1,198,366,12,33882),(61,'2023-08-15 17:20:04',1,158,374,6,33900);
/*!40000 ALTER TABLE `devolucao` ENABLE KEYS */;
UNLOCK TABLES;

--
-- Table structure for table `entrega`
--

DROP TABLE IF EXISTS `entrega`;
/*!40101 SET @saved_cs_client     = @@character_set_client */;
/*!40101 SET character_set_client = utf8 */;
CREATE TABLE `entrega` (
  `id` int(11) NOT NULL AUTO_INCREMENT,
  `data` date DEFAULT NULL,
  `qtd` varchar(45) DEFAULT NULL,
  `producao_id` int(11) NOT NULL,
  `entregadores_id` int(11) NOT NULL,
  `boletos_id` int(11) NOT NULL,
  PRIMARY KEY (`id`),
  KEY `fk_entrega_producao1_idx` (`producao_id`),
  KEY `fk_entrega_entregadores1_idx` (`entregadores_id`),
  KEY `fk_entrega_boletos1_idx` (`boletos_id`)
) ENGINE=InnoDB AUTO_INCREMENT=232 DEFAULT CHARSET=utf8mb4;
/*!40101 SET character_set_client = @saved_cs_client */;

--
-- Dumping data for table `entrega`
--

LOCK TABLES `entrega` WRITE;
/*!40000 ALTER TABLE `entrega` DISABLE KEYS */;
INSERT INTO `entrega` VALUES (185,'2023-08-09','1',360,99,33875),(186,'2023-08-09','1',360,99,33876),(187,'2023-08-09','1',353,101,33868),(188,'2023-08-09','1',357,98,33872),(189,'2023-08-09','1',360,99,33877),(190,'2023-08-09','1',357,98,33878),(191,'2023-08-09','1',362,197,33879),(192,'2023-08-09','1',362,197,33880),(193,'2023-08-09','1',362,197,33881),(194,'2023-08-09','1',356,103,33874),(195,'2023-08-09','1',356,103,33871),(196,'2023-08-11','1',368,200,33886),(197,'2023-08-10','1',369,198,33887),(198,'2023-08-11','1',369,198,33888),(199,'2023-08-11','1',369,198,33889),(200,'2023-08-11','1',369,198,33890),(201,'2023-08-11','1',366,198,33882),(202,'2023-08-11','1',354,136,33869),(203,'2023-08-11','1',367,201,33885),(204,'2023-08-11','1',370,158,33892),(205,'2023-08-11','1',371,200,33893),(206,'2023-08-11','1',371,200,33894),(207,'2023-08-11','1',371,200,33895),(208,'2023-08-11','1',371,200,33896),(209,'2023-08-11','1',372,197,33897),(210,'2023-08-11','1',372,197,33898),(211,'2023-08-11','1',372,197,33901),(212,'2023-08-11','1',373,83,33902),(213,'2023-08-12','1',369,198,33891),(214,'2023-08-11','1',355,174,33870),(215,'2023-08-11','1',352,73,33867),(216,'2023-08-11','1',352,73,33865),(217,'2023-08-19','1',352,73,33866),(218,'2023-08-12','1',366,198,33883),(219,'2023-08-18','1',378,73,33906),(220,'2023-08-18','1',378,73,33907),(221,'2023-08-11','1',378,73,33908),(222,'2023-08-18','1',379,83,33909),(223,'2023-08-18','1',379,83,33910),(224,'2023-08-18','1',379,83,33911),(225,'2023-08-18','1',380,97,33912),(226,'2023-08-15','1',386,202,33916),(227,'2023-08-12','1',367,201,33884),(228,'2023-08-22','1',389,145,33919),(229,'2023-08-22','1',389,145,33918),(230,'2023-08-22','1',390,145,33921),(231,'2023-08-22','1',390,145,33920);
/*!40000 ALTER TABLE `entrega` ENABLE KEYS */;
UNLOCK TABLES;

--
-- Table structure for table `entrega_devolucao`
--

DROP TABLE IF EXISTS `entrega_devolucao`;
/*!40101 SET @saved_cs_client     = @@character_set_client */;
/*!40101 SET character_set_client = utf8 */;
CREATE TABLE `entrega_devolucao` (
  `id` int(11) NOT NULL AUTO_INCREMENT,
  `data` timestamp NULL DEFAULT NULL,
  `entrega` int(11) DEFAULT NULL,
  `devolucao` int(11) DEFAULT NULL,
  `entregadores_id` int(11) NOT NULL,
  `producao_id` int(11) NOT NULL,
  `receber_id` int(11) NOT NULL,
  `boletos_id` int(11) NOT NULL,
  PRIMARY KEY (`id`),
  KEY `fk_entrega_devolucao_entregadores1_idx` (`entregadores_id`),
  KEY `fk_entrega_devolucao_producao1_idx` (`producao_id`),
  KEY `fk_entrega_devolucao_receber1_idx` (`receber_id`),
  KEY `fk_entrega_devolucao_boletos1_idx` (`boletos_id`)
) ENGINE=InnoDB AUTO_INCREMENT=267 DEFAULT CHARSET=utf8mb4;
/*!40101 SET character_set_client = @saved_cs_client */;

--
-- Dumping data for table `entrega_devolucao`
--

LOCK TABLES `entrega_devolucao` WRITE;
/*!40000 ALTER TABLE `entrega_devolucao` DISABLE KEYS */;
INSERT INTO `entrega_devolucao` VALUES (218,'2023-08-09 14:03:00',1,0,99,360,1805,33875),(219,'2023-08-09 14:03:00',1,0,99,360,1805,33876),(220,'2023-08-09 14:03:00',1,0,101,353,1805,33868),(221,'2023-08-09 14:03:00',1,0,98,357,1805,33872),(222,'2023-08-09 14:03:00',1,0,99,360,1805,33877),(223,'2023-08-09 14:03:00',1,0,98,357,1805,33878),(224,'2023-08-09 14:03:00',1,0,197,362,1805,33879),(225,'2023-08-09 14:03:00',1,0,197,362,1805,33880),(226,'2023-08-09 14:03:00',1,0,197,362,1805,33881),(227,'2023-08-11 14:08:24',0,1,198,366,1807,33882),(228,'2023-08-09 14:03:00',1,0,103,356,1805,33874),(229,'2023-08-09 14:03:00',1,0,103,356,1805,33871),(230,'2023-08-11 14:09:10',1,0,200,368,1807,33886),(231,'2023-08-10 14:19:27',1,0,198,369,1808,33887),(232,'2023-08-11 14:19:27',1,0,198,369,1808,33888),(233,'2023-08-11 14:19:27',1,0,198,369,1808,33889),(234,'2023-08-11 14:19:27',1,0,198,369,1808,33890),(235,'2023-08-11 18:08:12',1,0,198,366,1807,33882),(236,'2023-08-11 12:08:55',1,0,136,354,1805,33869),(237,'2023-08-11 14:09:10',1,0,201,367,1807,33885),(238,'2023-08-11 14:19:27',1,0,158,370,1808,33892),(239,'2023-08-11 14:19:27',1,0,200,371,1808,33893),(240,'2023-08-11 14:19:27',1,0,200,371,1808,33894),(241,'2023-08-11 14:19:27',1,0,200,371,1808,33895),(242,'2023-08-11 14:19:27',1,0,200,371,1808,33896),(243,'2023-08-11 14:19:27',1,0,197,372,1808,33897),(244,'2023-08-11 14:19:27',1,0,197,372,1808,33898),(245,'2023-08-11 14:19:27',1,0,197,372,1808,33901),(246,'2023-08-11 14:19:27',1,0,83,373,1808,33902),(247,'2023-08-15 17:20:04',0,1,158,374,1810,33900),(248,'2023-08-12 12:08:07',1,0,198,369,1808,33891),(249,'2023-08-11 12:08:20',1,0,174,355,1805,33870),(250,'2023-08-11 12:08:36',1,0,73,352,1805,33867),(251,'2023-08-11 12:08:59',1,0,73,352,1805,33865),(252,'2023-08-19 13:08:56',1,0,73,352,1805,33866),(253,'2023-08-12 12:08:36',1,0,198,366,1807,33883),(254,'2023-08-18 14:19:27',1,0,73,378,1808,33906),(255,'2023-08-18 14:19:27',1,0,73,378,1808,33907),(256,'2023-08-11 14:19:27',1,0,73,378,1808,33908),(257,'2023-08-18 20:28:03',1,0,83,379,1815,33909),(258,'2023-08-18 20:28:03',1,0,83,379,1815,33910),(259,'2023-08-18 20:28:03',1,0,83,379,1815,33911),(260,'2023-08-18 20:28:03',1,0,97,380,1815,33912),(261,'2023-08-15 17:18:51',1,0,202,386,1809,33916),(262,'2023-08-12 12:08:49',1,0,201,367,1807,33884),(263,'2023-08-22 17:16:23',1,0,145,389,1821,33919),(264,'2023-08-22 17:16:23',1,0,145,389,1821,33918),(265,'2023-08-22 19:00:55',1,0,145,390,1826,33921),(266,'2023-08-22 19:00:55',1,0,145,390,1826,33920);
/*!40000 ALTER TABLE `entrega_devolucao` ENABLE KEYS */;
UNLOCK TABLES;

--
-- Table structure for table `entregador_detalhe`
--

DROP TABLE IF EXISTS `entregador_detalhe`;
/*!40101 SET @saved_cs_client     = @@character_set_client */;
/*!40101 SET character_set_client = utf8 */;
CREATE TABLE `entregador_detalhe` (
  `id` int(11) NOT NULL AUTO_INCREMENT,
  `data` timestamp NULL DEFAULT NULL,
  `status` int(11) DEFAULT NULL,
  `obs` varchar(255) DEFAULT NULL,
  `ocorrencias_id` int(11) NOT NULL,
  `entregadores_id` int(11) NOT NULL,
  `boletos_id` int(11) NOT NULL,
  `usuarios_id` int(11) NOT NULL,
  PRIMARY KEY (`id`),
  KEY `fk_entregador_detalhe_ocorrencias1_idx` (`ocorrencias_id`),
  KEY `fk_entregador_detalhe_entregadores1_idx` (`entregadores_id`),
  KEY `fk_entregador_detalhe_boletos1_idx` (`boletos_id`),
  KEY `fk_entregador_detalhe_usuarios1_idx` (`usuarios_id`),
  CONSTRAINT `fk_entregador_detalhe_boletos1` FOREIGN KEY (`boletos_id`) REFERENCES `boletos` (`id`) ON DELETE CASCADE ON UPDATE NO ACTION,
  CONSTRAINT `fk_entregador_detalhe_entregadores1` FOREIGN KEY (`entregadores_id`) REFERENCES `entregadores` (`id`) ON DELETE CASCADE ON UPDATE NO ACTION,
  CONSTRAINT `fk_entregador_detalhe_ocorrencias1` FOREIGN KEY (`ocorrencias_id`) REFERENCES `ocorrencias` (`id`) ON DELETE CASCADE ON UPDATE NO ACTION,
  CONSTRAINT `fk_entregador_detalhe_usuarios1` FOREIGN KEY (`usuarios_id`) REFERENCES `usuarios` (`id`) ON DELETE CASCADE ON UPDATE NO ACTION
) ENGINE=InnoDB AUTO_INCREMENT=407 DEFAULT CHARSET=utf8mb4;
/*!40101 SET character_set_client = @saved_cs_client */;

--
-- Dumping data for table `entregador_detalhe`
--

LOCK TABLES `entregador_detalhe` WRITE;
/*!40000 ALTER TABLE `entregador_detalhe` DISABLE KEYS */;
INSERT INTO `entregador_detalhe` VALUES (285,'2023-08-09 14:03:00',2,'Nenhuma ...',18,73,33865,0),(286,'2023-08-09 14:03:00',2,'Nenhuma ...',18,73,33866,0),(287,'2023-08-09 14:03:00',2,'Nenhuma ...',18,73,33867,0),(288,'2023-08-09 14:08:48',5,'',29,73,33865,0),(289,'2023-08-09 14:08:00',2,'',29,73,33865,0),(290,'2023-08-09 14:03:00',2,'Nenhuma ...',18,101,33868,0),(291,'2023-08-09 14:03:00',2,'Nenhuma ...',18,136,33869,0),(292,'2023-08-09 14:03:00',2,'Nenhuma ...',18,174,33870,0),(293,'2023-08-09 14:08:50',5,'',29,174,33870,0),(294,'2023-08-09 14:03:00',2,'Nenhuma ...',18,103,33871,0),(297,'2023-08-09 14:03:00',2,'Nenhuma ...',18,103,33874,0),(298,'2023-08-09 14:03:00',2,'Nenhuma ...',18,99,33875,0),(299,'2023-08-09 14:03:00',2,'Nenhuma ...',18,99,33876,0),(300,'2023-08-09 19:08:45',3,'',29,99,33875,0),(301,'2023-08-09 19:08:01',3,'',29,99,33876,0),(302,'2023-08-10 20:08:54',5,'Aguardando entregador chegar na base',29,73,33865,0),(303,'2023-08-11 12:08:59',5,'aguardando o retorno do motorista.',29,73,33865,0),(304,'2023-08-11 12:08:07',5,'aguardando o retorno do motorista',29,73,33866,0),(305,'2023-08-11 12:08:36',5,'aguardando o retorno do motorista',29,73,33867,0),(306,'2023-08-11 12:08:20',5,'aguardando o retorno do motorista',29,174,33870,0),(307,'2023-08-11 12:08:52',3,'',29,101,33868,0),(308,'2023-08-11 12:08:55',5,'Aguardando retorno do entregador.',29,136,33869,0),(310,'2023-08-09 14:03:00',2,'Nenhuma ...',18,99,33877,0),(311,'2023-08-11 12:08:48',3,'',29,99,33877,0),(312,'2023-08-09 14:03:00',2,'Nenhuma ...',18,98,33878,0),(313,'2023-08-11 12:08:19',3,'',29,98,33878,0),(314,'2023-08-09 14:03:00',2,'Nenhuma ...',18,197,33879,0),(315,'2023-08-09 14:03:00',2,'Nenhuma ...',18,197,33880,0),(316,'2023-08-09 14:03:00',2,'Nenhuma ...',18,197,33881,0),(317,'2023-08-11 13:08:31',3,'',29,197,33879,0),(318,'2023-08-11 13:08:42',3,'',29,197,33880,0),(319,'2023-08-11 13:08:54',3,'',29,197,33881,0),(320,'2023-08-11 14:09:10',2,'Nenhuma ...',18,198,33882,0),(321,'2023-08-11 14:09:10',2,'Nenhuma ...',18,198,33883,0),(322,'2023-08-11 14:09:10',2,'Nenhuma ...',18,201,33884,0),(323,'2023-08-11 14:09:10',2,'Nenhuma ...',18,201,33885,0),(324,'2023-08-11 14:09:10',2,'Nenhuma ...',18,200,33886,0),(325,'2023-08-11 14:08:24',2,'',29,198,33882,0),(326,'2023-08-11 14:08:35',2,'',29,198,33883,0),(327,'2023-08-11 14:19:27',2,'Nenhuma ...',18,198,33887,0),(328,'2023-08-11 14:19:27',2,'Nenhuma ...',18,198,33888,0),(329,'2023-08-11 14:19:27',2,'Nenhuma ...',18,198,33889,0),(330,'2023-08-11 14:19:27',2,'Nenhuma ...',18,198,33890,0),(331,'2023-08-11 14:19:27',2,'Nenhuma ...',18,198,33891,0),(332,'2023-08-11 14:19:27',2,'Nenhuma ...',18,158,33892,0),(333,'2023-08-11 14:19:27',2,'Nenhuma ...',18,200,33893,0),(334,'2023-08-11 14:19:27',2,'Nenhuma ...',18,200,33894,0),(335,'2023-08-11 14:19:27',2,'Nenhuma ...',18,200,33895,0),(336,'2023-08-11 14:19:27',2,'Nenhuma ...',18,200,33896,0),(337,'2023-08-11 18:08:51',4,'',12,198,33882,0),(338,'2023-08-11 18:08:12',2,'Entregar no vizinho lado direito',29,198,33882,0),(339,'2023-08-11 14:19:27',2,'Nenhuma ...',18,197,33897,0),(340,'2023-08-11 14:19:27',2,'Nenhuma ...',18,197,33898,0),(341,'2023-08-11 19:08:00',3,'',29,103,33874,0),(342,'2023-08-11 19:08:17',3,'',29,103,33871,0),(343,'2023-08-11 19:08:00',3,'',29,200,33886,0),(344,'2023-08-12 12:08:34',3,'',29,198,33887,0),(345,'2023-08-12 12:08:21',3,'',29,198,33888,0),(346,'2023-08-12 12:08:44',3,'',29,198,33889,0),(347,'2023-08-12 12:08:02',3,'',29,198,33890,0),(348,'2023-08-12 12:08:18',3,'',29,198,33882,0),(349,'2023-08-12 12:08:26',3,'',29,136,33869,0),(350,'2023-08-12 12:08:25',3,'',29,201,33885,0),(351,'2023-08-12 12:08:58',3,'',29,158,33892,0),(352,'2023-08-12 12:08:58',3,'',29,200,33893,0),(353,'2023-08-12 12:08:10',3,'',29,200,33894,0),(354,'2023-08-12 12:08:20',3,'',29,200,33895,0),(355,'2023-08-12 12:08:31',3,'',29,200,33896,0),(356,'2023-08-12 12:08:07',5,'',29,198,33891,0),(357,'2023-08-12 12:08:36',5,'',29,198,33883,0),(358,'2023-08-12 12:08:49',5,'',29,201,33884,0),(359,'2023-08-15 17:20:04',2,'Nenhuma ...',18,158,33899,0),(360,'2023-08-15 17:20:04',2,'Nenhuma ...',18,158,33900,0),(361,'2023-08-11 14:19:27',2,'Nenhuma ...',18,197,33901,0),(362,'2023-08-11 14:19:27',2,'Nenhuma ...',18,83,33902,0),(363,'2023-08-16 14:08:15',3,'',29,197,33897,0),(364,'2023-08-16 14:08:37',3,'',29,197,33898,0),(365,'2023-08-16 14:08:51',3,'',29,197,33901,0),(366,'2023-08-16 14:08:15',3,'',29,83,33902,0),(367,'2023-08-16 17:08:03',4,'CLIENTE AUSENTE, E CASA FECHADA',6,158,33900,0),(368,'2023-08-17 12:08:12',3,'',29,198,33891,0),(369,'2023-08-17 12:08:14',3,'',29,174,33870,0),(373,'2023-08-19 13:08:04',3,'',29,73,33867,0),(374,'2023-08-19 13:08:18',3,'',29,73,33865,0),(375,'2023-08-19 13:08:56',5,'',29,73,33866,0),(376,'2023-08-19 13:08:56',3,'',29,73,33866,0),(377,'2023-08-19 13:08:54',3,'',29,198,33883,0),(378,'2023-08-18 14:19:27',2,'Nenhuma ...',18,73,33906,0),(379,'2023-08-18 14:19:27',2,'Nenhuma ...',18,73,33907,0),(380,'2023-08-18 14:19:27',2,'Nenhuma ...',18,73,33908,0),(381,'2023-08-19 14:08:22',3,'',29,73,33906,0),(382,'2023-08-19 14:08:34',3,'',29,73,33907,0),(383,'2023-08-19 14:08:56',3,'',29,73,33908,0),(395,'2023-08-15 17:18:51',2,'Nenhuma ...',18,202,33916,0),(396,'2023-08-21 17:08:10',3,'',29,202,33916,0),(397,'2023-08-21 20:08:38',3,'',29,201,33884,0),(399,'2023-08-22 17:17:21',2,'Nenhuma ...',18,145,33918,4),(400,'2023-08-22 17:17:25',2,'Nenhuma ...',18,145,33919,4),(401,'2023-08-22 17:08:41',3,'',29,145,33919,4),(402,'2023-08-22 17:08:46',3,'',29,145,33918,4);
/*!40000 ALTER TABLE `entregador_detalhe` ENABLE KEYS */;
UNLOCK TABLES;

--
-- Table structure for table `entregador_qtd`
--

DROP TABLE IF EXISTS `entregador_qtd`;
/*!40101 SET @saved_cs_client     = @@character_set_client */;
/*!40101 SET character_set_client = utf8 */;
CREATE TABLE `entregador_qtd` (
  `id` int(11) NOT NULL AUTO_INCREMENT,
  `data_ini` timestamp NULL DEFAULT NULL,
  `vencimento` timestamp NULL DEFAULT NULL,
  `qtd` int(11) DEFAULT NULL,
  `entregadores_id` int(11) NOT NULL,
  `receber_id` int(11) NOT NULL,
  PRIMARY KEY (`id`),
  KEY `fk_entregador_qtd_entregadores1_idx` (`entregadores_id`),
  KEY `fk_entregador_qtd_receber1_idx` (`receber_id`),
  CONSTRAINT `fk_entregador_qtd_entregadores1` FOREIGN KEY (`entregadores_id`) REFERENCES `entregadores` (`id`) ON DELETE CASCADE ON UPDATE NO ACTION,
  CONSTRAINT `fk_entregador_qtd_receber1` FOREIGN KEY (`receber_id`) REFERENCES `receber` (`id`) ON DELETE CASCADE ON UPDATE NO ACTION
) ENGINE=InnoDB AUTO_INCREMENT=345 DEFAULT CHARSET=utf8mb4;
/*!40101 SET character_set_client = @saved_cs_client */;

--
-- Dumping data for table `entregador_qtd`
--

LOCK TABLES `entregador_qtd` WRITE;
/*!40000 ALTER TABLE `entregador_qtd` DISABLE KEYS */;
INSERT INTO `entregador_qtd` VALUES (317,'2023-08-09 14:03:28','2023-08-10 20:30:53',2,198,1806),(318,'2023-08-09 14:04:06','2023-08-10 20:30:53',2,201,1806),(319,'2023-08-09 14:04:53','2023-08-10 20:30:53',1,200,1806),(320,'2023-08-09 14:09:30','2023-08-10 14:09:10',0,198,1807),(321,'2023-08-09 14:11:08','2023-08-10 14:09:10',0,201,1807),(322,'2023-08-09 14:12:05','2023-08-10 14:09:10',0,200,1807),(323,'2023-08-10 14:22:04','2023-08-11 14:19:27',0,198,1808),(324,'2023-08-10 14:24:40','2023-08-11 14:19:27',0,158,1808),(325,'2023-08-10 14:26:17','2023-08-11 14:19:27',0,200,1808),(326,'2023-08-10 19:32:47','2023-08-11 14:19:27',0,197,1808),(327,'2023-08-10 19:48:33','2023-08-11 14:19:27',0,83,1808),(332,'2023-08-10 14:04:01','2023-08-11 14:19:27',0,73,1808),(337,'2023-08-09 17:14:43','2023-08-15 17:18:51',1,103,1809),(338,'2023-08-09 17:17:33','2023-08-15 17:18:51',2,73,1809),(339,'2023-08-15 17:19:59','2023-08-15 17:18:51',2,201,1809),(340,'2023-08-14 17:20:39','2023-08-15 17:18:51',0,202,1809);
/*!40000 ALTER TABLE `entregador_qtd` ENABLE KEYS */;
UNLOCK TABLES;

--
-- Table structure for table `entregador_rota`
--

DROP TABLE IF EXISTS `entregador_rota`;
/*!40101 SET @saved_cs_client     = @@character_set_client */;
/*!40101 SET character_set_client = utf8 */;
CREATE TABLE `entregador_rota` (
  `id` int(11) NOT NULL AUTO_INCREMENT,
  `entregadores_id` int(11) NOT NULL,
  `rotas_id` int(11) NOT NULL,
  `regioes_id` int(11) NOT NULL,
  PRIMARY KEY (`id`),
  KEY `fk_entregador_rota_entregadores1_idx` (`entregadores_id`),
  KEY `fk_entregador_rota_rotas1_idx` (`rotas_id`),
  KEY `fk_entregador_rota_regioes1_idx` (`regioes_id`)
) ENGINE=InnoDB AUTO_INCREMENT=2306 DEFAULT CHARSET=utf8mb4;
/*!40101 SET character_set_client = @saved_cs_client */;

--
-- Dumping data for table `entregador_rota`
--

LOCK TABLES `entregador_rota` WRITE;
/*!40000 ALTER TABLE `entregador_rota` DISABLE KEYS */;
INSERT INTO `entregador_rota` VALUES (91,166,89,79),(92,70,38,79),(96,98,18,74),(98,145,24,76),(99,144,36,76),(104,173,90,80),(105,149,28,76),(106,151,27,76),(108,91,42,74),(109,91,58,74),(110,152,39,79),(113,164,38,79),(114,165,25,76),(115,167,31,76),(116,153,32,77),(117,129,88,74),(119,154,40,79),(120,168,26,76),(121,172,52,74),(122,172,53,74),(123,172,58,74),(124,162,41,79),(125,133,49,74),(126,133,54,74),(127,133,96,74),(128,133,97,74),(129,158,93,74),(130,158,92,74),(131,158,13,74),(132,158,14,74),(133,158,15,74),(134,158,16,74),(135,158,17,74),(136,158,18,74),(137,158,19,74),(138,158,20,74),(139,158,21,74),(140,158,22,74),(141,158,33,74),(142,158,42,74),(143,158,48,74),(144,158,49,74),(145,158,50,74),(146,158,51,74),(147,158,52,74),(148,158,53,74),(149,158,54,74),(150,158,55,74),(151,158,87,74),(152,158,64,74),(153,158,88,74),(154,158,56,74),(155,158,66,74),(156,158,67,74),(157,158,68,74),(158,158,69,74),(159,158,70,74),(160,158,71,74),(161,158,72,74),(162,158,73,74),(163,158,74,74),(164,158,75,74),(165,158,57,74),(166,158,76,74),(167,158,77,74),(168,158,78,74),(169,158,79,74),(170,158,80,74),(171,158,81,74),(172,158,82,74),(173,158,83,74),(174,158,84,74),(175,158,85,74),(176,158,58,74),(177,158,86,74),(178,158,59,74),(179,158,60,74),(180,158,61,74),(181,158,62,74),(182,158,63,74),(183,158,96,74),(184,158,97,74),(185,78,63,74),(188,161,35,76),(191,159,29,76),(192,160,91,77),(601,103,20,74),(602,103,21,74),(603,103,53,74),(606,92,14,74),(607,92,54,74),(610,175,37,76),(616,97,13,74),(617,97,64,74),(626,101,33,74),(627,101,48,74),(628,101,62,74),(633,100,55,74),(634,100,57,74),(635,73,42,74),(636,73,52,74),(637,73,58,74),(638,73,59,74),(640,102,52,74),(641,137,48,74),(642,137,58,74),(643,137,60,74),(644,169,23,76),(645,150,13,74),(646,150,22,74),(647,150,33,74),(648,150,48,74),(649,150,50,74),(650,150,64,74),(651,170,30,76),(653,163,34,77),(654,88,17,74),(655,83,97,74),(656,171,20,74),(657,171,21,74),(658,171,53,74),(659,171,61,74),(662,95,22,74),(663,131,15,74),(664,131,16,74),(665,99,19,74),(666,99,51,74),(667,99,60,74),(668,174,50,74),(669,174,98,74),(670,176,49,74),(671,177,46,81),(674,138,42,74),(675,138,58,74),(735,136,93,74),(736,136,92,74),(737,136,13,74),(738,136,14,74),(739,136,15,74),(740,136,16,74),(741,136,17,74),(742,136,18,74),(743,136,19,74),(744,136,20,74),(745,136,21,74),(746,136,22,74),(747,136,33,74),(748,136,42,74),(749,136,48,74),(750,136,49,74),(751,136,50,74),(752,136,51,74),(753,136,52,74),(754,136,53,74),(755,136,54,74),(756,136,55,74),(757,136,87,74),(758,136,64,74),(759,136,88,74),(760,136,56,74),(761,136,66,74),(762,136,67,74),(763,136,68,74),(764,136,69,74),(765,136,70,74),(766,136,71,74),(767,136,72,74),(768,136,73,74),(769,136,74,74),(770,136,75,74),(771,136,57,74),(772,136,76,74),(773,136,77,74),(774,136,78,74),(775,136,79,74),(776,136,80,74),(777,136,81,74),(778,136,82,74),(779,136,83,74),(780,136,84,74),(781,136,85,74),(782,136,58,74),(783,136,86,74),(784,136,59,74),(785,136,60,74),(786,136,61,74),(787,136,62,74),(788,136,63,74),(789,136,96,74),(790,136,97,74),(791,136,98,74),(796,132,14,74),(797,132,54,74),(798,139,63,74),(799,178,54,74),(800,141,17,74),(801,179,13,74),(802,179,14,74),(803,179,15,74),(804,179,16,74),(805,179,17,74),(806,179,18,74),(807,179,19,74),(808,179,20,74),(809,179,21,74),(810,179,22,74),(811,179,33,74),(812,179,42,74),(813,179,48,74),(814,179,49,74),(815,179,50,74),(816,179,51,74),(817,179,52,74),(818,179,53,74),(819,179,54,74),(820,179,55,74),(821,179,56,74),(822,179,57,74),(823,179,58,74),(824,179,59,74),(825,179,60,74),(826,179,61,74),(827,179,62,74),(828,179,63,74),(829,179,64,74),(830,179,66,74),(831,179,67,74),(832,179,68,74),(833,179,69,74),(834,179,70,74),(835,179,71,74),(836,179,72,74),(837,179,73,74),(838,179,74,74),(839,179,75,74),(840,179,76,74),(841,179,77,74),(842,179,78,74),(843,179,79,74),(844,179,80,74),(845,179,81,74),(846,179,82,74),(847,179,83,74),(848,179,84,74),(849,179,85,74),(850,179,86,74),(851,179,87,74),(852,179,88,74),(853,179,92,74),(854,179,93,74),(855,179,96,74),(856,179,97,74),(857,179,98,74),(858,180,90,80),(865,181,93,74),(866,181,92,74),(867,181,13,74),(868,181,14,74),(869,181,15,74),(870,181,16,74),(871,181,17,74),(872,181,18,74),(873,181,19,74),(874,181,20,74),(875,181,21,74),(876,181,22,74),(877,181,33,74),(878,181,42,74),(879,181,48,74),(880,181,49,74),(881,181,50,74),(882,181,51,74),(883,181,52,74),(884,181,53,74),(885,181,54,74),(886,181,55,74),(887,181,87,74),(888,181,64,74),(889,181,88,74),(890,181,56,74),(891,181,66,74),(892,181,67,74),(893,181,68,74),(894,181,69,74),(895,181,70,74),(896,181,71,74),(897,181,72,74),(898,181,73,74),(899,181,74,74),(900,181,75,74),(901,181,57,74),(902,181,76,74),(903,181,77,74),(904,181,78,74),(905,181,79,74),(906,181,80,74),(907,181,81,74),(908,181,82,74),(909,181,83,74),(910,181,84,74),(911,181,85,74),(912,181,58,74),(913,181,86,74),(914,181,59,74),(915,181,60,74),(916,181,61,74),(917,181,62,74),(918,181,63,74),(919,181,96,74),(920,181,97,74),(921,181,98,74),(923,140,56,74),(924,132,99,74),(925,132,100,74),(926,132,101,74),(927,132,102,74),(928,132,103,74),(929,132,104,74),(930,132,105,74),(931,132,106,74),(932,132,107,74),(933,132,108,74),(934,132,109,74),(935,132,110,74),(936,132,111,74),(937,132,112,74),(938,132,113,74),(939,132,114,74),(940,132,115,74),(941,132,116,74),(942,132,117,74),(943,132,118,74),(944,132,119,74),(945,132,120,74),(946,132,121,74),(947,132,122,74),(948,132,123,74),(949,131,124,74),(950,131,125,74),(951,131,126,74),(952,131,127,74),(953,131,128,74),(954,131,129,74),(955,131,130,74),(956,131,131,74),(957,131,132,74),(958,131,133,74),(959,131,134,74),(960,131,135,74),(961,131,136,74),(962,131,137,74),(963,140,138,74),(964,140,139,74),(965,140,140,74),(966,140,141,74),(967,140,142,74),(968,140,143,74),(969,140,144,74),(970,140,145,74),(971,140,146,74),(972,140,147,74),(973,140,148,74),(974,140,149,74),(975,140,150,74),(976,140,151,74),(977,140,152,74),(978,140,153,74),(979,140,154,74),(980,140,155,74),(981,140,156,74),(982,140,157,74),(983,140,158,74),(984,140,159,74),(985,140,160,74),(986,140,161,74),(987,140,162,74),(988,140,163,74),(989,140,164,74),(990,140,165,74),(991,140,166,74),(992,140,167,74),(993,140,168,74),(994,140,169,74),(996,100,170,74),(997,100,171,74),(998,100,172,74),(999,100,173,74),(1000,100,174,74),(1001,100,175,74),(1002,100,176,74),(1003,100,178,74),(1004,100,179,74),(1005,100,180,74),(1006,100,181,74),(1007,100,182,74),(1008,100,183,74),(1009,100,184,74),(1010,100,185,74),(1011,100,186,74),(1012,100,187,74),(1013,100,188,74),(1014,100,189,74),(1015,100,190,74),(1016,100,191,74),(1017,100,192,74),(1018,100,193,74),(1019,100,194,74),(1020,100,195,74),(1021,100,196,74),(1022,101,197,74),(1023,101,198,74),(1024,101,199,74),(1025,101,200,74),(1026,101,201,74),(1027,101,202,74),(1028,101,203,74),(1029,101,204,74),(1030,101,205,74),(1031,101,206,74),(1032,101,207,74),(1033,101,208,74),(1034,101,209,74),(1035,101,210,74),(1036,101,211,74),(1037,101,212,74),(1038,101,213,74),(1039,101,214,74),(1040,101,215,74),(1041,101,216,74),(1042,101,217,74),(1043,101,218,74),(1044,101,219,74),(1045,101,220,74),(1046,101,221,74),(1047,101,222,74),(1048,101,223,74),(1049,101,224,74),(1050,101,225,74),(1051,99,226,74),(1052,99,227,74),(1053,99,228,74),(1054,99,229,74),(1055,99,230,74),(1056,99,231,74),(1057,99,232,74),(1058,99,233,74),(1059,99,234,74),(1060,99,235,74),(1061,99,236,74),(1062,99,237,74),(1063,99,238,74),(1064,99,239,74),(1065,99,240,74),(1066,99,241,74),(1067,99,242,74),(1068,99,243,74),(1069,99,244,74),(1070,99,245,74),(1071,99,246,74),(1072,99,247,74),(1073,99,248,74),(1074,99,249,74),(1075,99,250,74),(1076,99,251,74),(1081,141,252,74),(1082,141,253,74),(1083,141,254,74),(1084,141,255,74),(1085,141,256,74),(1086,141,257,74),(1087,141,258,74),(1088,141,259,74),(1089,141,260,74),(1090,141,261,74),(1091,141,262,74),(1092,141,263,74),(1093,141,264,74),(1094,141,265,74),(1095,141,266,74),(1096,141,267,74),(1097,141,268,74),(1098,141,269,74),(1099,141,270,74),(1100,141,271,74),(1101,141,272,74),(1102,141,273,74),(1103,141,274,74),(1104,141,275,74),(1105,141,276,74),(1106,141,277,74),(1107,141,278,74),(1108,141,279,74),(1109,141,280,74),(1112,131,281,74),(1113,131,282,74),(1114,131,283,74),(1115,131,284,74),(1116,131,285,74),(1117,131,286,74),(1118,131,287,74),(1119,131,288,74),(1120,131,289,74),(1121,131,290,74),(1122,131,291,74),(1123,131,292,74),(1124,98,293,74),(1125,98,294,74),(1126,98,295,74),(1127,98,296,74),(1128,98,297,74),(1129,98,298,74),(1130,98,299,74),(1131,98,300,74),(1132,98,301,74),(1133,98,302,74),(1134,98,303,74),(1135,98,304,74),(1136,98,305,74),(1137,98,306,74),(1138,98,307,74),(1139,98,308,74),(1140,98,309,74),(1141,98,310,74),(1142,98,311,74),(1143,98,312,74),(1144,98,313,74),(1145,98,314,74),(1146,99,315,74),(1147,99,316,74),(1148,99,317,74),(1149,99,318,74),(1150,99,319,74),(1151,99,320,74),(1152,99,321,74),(1153,99,322,74),(1154,99,323,74),(1155,99,324,74),(1156,99,325,74),(1157,99,326,74),(1158,91,327,74),(1159,91,328,74),(1160,91,329,74),(1161,91,330,74),(1162,91,331,74),(1163,91,332,74),(1164,91,333,74),(1165,91,334,74),(1166,91,335,74),(1167,91,336,74),(1168,91,337,74),(1169,91,338,74),(1170,91,339,74),(1171,91,340,74),(1172,91,341,74),(1173,91,342,74),(1174,91,343,74),(1175,91,345,74),(1176,91,346,74),(1177,91,347,74),(1178,91,348,74),(1179,91,349,74),(1180,91,350,74),(1181,91,351,74),(1182,91,352,74),(1183,91,353,74),(1184,91,354,74),(1185,91,355,74),(1186,91,356,74),(1187,91,357,74),(1188,91,358,74),(1189,91,359,74),(1190,91,360,74),(1191,91,361,74),(1192,91,362,74),(1193,91,363,74),(1194,91,364,74),(1195,91,365,74),(1196,91,366,74),(1197,91,367,74),(1198,91,368,74),(1199,91,369,74),(1200,91,370,74),(1201,91,371,74),(1202,91,372,74),(1203,91,373,74),(1204,91,374,74),(1205,91,375,74),(1206,91,376,74),(1207,91,377,74),(1208,91,378,74),(1209,91,379,74),(1210,95,380,74),(1211,95,381,74),(1212,95,382,74),(1213,95,383,74),(1214,95,384,74),(1215,95,385,74),(1216,95,386,74),(1217,138,387,74),(1218,138,388,74),(1219,138,389,74),(1220,138,390,74),(1221,138,391,74),(1222,138,392,74),(1223,138,393,74),(1224,138,394,74),(1225,138,395,74),(1226,138,396,74),(1227,138,397,74),(1228,138,398,74),(1229,138,399,74),(1230,138,400,74),(1231,138,401,74),(1232,138,402,74),(1233,138,403,74),(1234,138,404,74),(1235,138,405,74),(1236,138,406,74),(1237,138,407,74),(1238,138,408,74),(1239,138,409,74),(1240,138,410,74),(1241,138,411,74),(1242,138,412,74),(1243,138,413,74),(1244,138,414,74),(1245,138,415,74),(1246,138,416,74),(1247,138,417,74),(1248,138,418,74),(1249,138,419,74),(1250,138,420,74),(1251,138,421,74),(1252,138,422,74),(1253,138,423,74),(1254,138,424,74),(1255,138,425,74),(1256,138,426,74),(1257,138,427,74),(1258,138,428,74),(1259,138,429,74),(1260,138,430,74),(1261,138,431,74),(1262,138,432,74),(1263,138,433,74),(1264,138,434,74),(1265,138,435,74),(1266,138,436,74),(1267,138,437,74),(1268,138,438,74),(1269,138,439,74),(1270,138,440,74),(1271,138,441,74),(1272,138,442,74),(1273,138,443,74),(1274,138,444,74),(1275,138,445,74),(1276,138,446,74),(1277,138,447,74),(1278,138,448,74),(1279,138,449,74),(1280,138,450,74),(1281,138,451,74),(1282,138,452,74),(1283,138,453,74),(1284,138,454,74),(1285,138,455,74),(1286,138,456,74),(1287,138,457,74),(1288,138,458,74),(1289,138,459,74),(1290,138,460,74),(1291,138,461,74),(1292,138,462,74),(1293,138,463,74),(1294,138,464,74),(1295,138,465,74),(1296,138,466,74),(1297,138,467,74),(1298,138,468,74),(1299,138,469,74),(1300,138,470,74),(1301,138,471,74),(1302,138,472,74),(1303,138,473,74),(1304,138,474,74),(1305,138,475,74),(1306,138,476,74),(1307,138,477,74),(1308,138,478,74),(1309,138,479,74),(1310,138,480,74),(1311,138,481,74),(1312,138,482,74),(1313,138,483,74),(1314,138,484,74),(1315,138,485,74),(1316,138,486,74),(1317,138,487,74),(1318,103,488,74),(1319,103,489,74),(1320,103,490,74),(1321,103,491,74),(1322,103,492,74),(1323,103,493,74),(1324,103,494,74),(1325,103,495,74),(1326,103,496,74),(1327,103,497,74),(1328,103,498,74),(1329,103,499,74),(1330,103,500,74),(1331,103,501,74),(1332,103,502,74),(1333,103,503,74),(1334,103,504,74),(1335,103,505,74),(1336,103,506,74),(1337,103,507,74),(1338,103,508,74),(1339,103,509,74),(1340,103,510,74),(1341,103,511,74),(1342,103,512,74),(1343,103,513,74),(1344,103,514,74),(1345,103,515,74),(1346,103,516,74),(1347,103,517,74),(1348,103,518,74),(1349,103,519,74),(1350,103,520,74),(1351,103,521,74),(1352,103,522,74),(1353,103,523,74),(1354,103,526,74),(1356,103,527,74),(1357,103,528,74),(1358,103,529,74),(1359,103,530,74),(1360,103,531,74),(1361,103,532,74),(1362,103,533,74),(1363,103,534,74),(1364,103,535,74),(1365,103,536,74),(1366,103,537,74),(1367,103,538,74),(1368,103,539,74),(1369,103,540,74),(1370,102,541,74),(1371,102,542,74),(1372,102,543,74),(1373,102,544,74),(1374,102,545,74),(1375,102,546,74),(1376,102,547,74),(1377,102,548,74),(1378,102,549,74),(1379,102,550,74),(1380,102,551,74),(1381,102,552,74),(1382,102,553,74),(1383,102,554,74),(1384,102,555,74),(1385,102,556,74),(1386,139,557,74),(1387,139,558,74),(1388,139,559,74),(1389,139,560,74),(1390,139,561,74),(1391,139,562,74),(1392,139,563,74),(1393,139,564,74),(1394,139,565,74),(1395,139,566,74),(1396,139,567,74),(1397,139,568,74),(1398,139,569,74),(1399,139,570,74),(1400,139,571,74),(1401,139,572,74),(1402,139,573,74),(1403,139,574,74),(1404,139,575,74),(1405,139,576,74),(1406,139,577,74),(1407,139,578,74),(1408,139,579,74),(1409,139,580,74),(1410,139,581,74),(1411,139,582,74),(1412,139,583,74),(1413,139,584,74),(1414,139,585,74),(1415,139,586,74),(1416,139,587,74),(1417,139,588,74),(1418,139,589,74),(1419,139,590,74),(1420,139,591,74),(1421,139,592,74),(1422,139,593,74),(1423,139,594,74),(1424,139,595,74),(1425,139,596,74),(1426,97,597,74),(1427,97,598,74),(1428,97,599,74),(1429,97,600,74),(1430,97,601,74),(1431,97,602,74),(1432,97,603,74),(1433,97,604,74),(1434,97,605,74),(1435,97,606,74),(1436,136,607,74),(1437,136,608,74),(1438,136,609,74),(1439,136,610,74),(1440,136,611,74),(1441,136,612,74),(1442,136,613,74),(1443,136,614,74),(1444,136,615,74),(1445,136,616,74),(1446,136,617,74),(1447,136,618,74),(1448,183,543,74),(1449,174,619,74),(1450,174,620,74),(1451,174,621,74),(1452,174,622,74),(1453,174,623,74),(1454,174,624,74),(1455,174,625,74),(1456,174,626,74),(1457,174,627,74),(1458,174,628,74),(1459,174,629,74),(1460,174,630,74),(1461,174,631,74),(1462,174,632,74),(1463,174,633,74),(1464,174,634,74),(1483,101,639,74),(1484,101,640,74),(1485,101,641,74),(1486,101,642,74),(1487,101,643,74),(1488,101,644,74),(1489,99,645,74),(1490,99,646,74),(1491,99,647,74),(1492,99,649,74),(1493,99,650,74),(1494,184,15,74),(1495,184,395,74),(1496,184,651,74),(1497,184,322,74),(1498,184,323,74),(1499,184,316,74),(1500,184,317,74),(1501,184,318,74),(1502,184,652,74),(1503,184,320,74),(1504,184,321,74),(1505,184,324,74),(1506,184,325,74),(1507,184,326,74),(1508,184,653,74),(1509,184,343,74),(1510,184,163,74),(1511,184,345,74),(1512,184,346,74),(1513,184,347,74),(1514,184,348,74),(1515,184,349,74),(1516,184,350,74),(1517,184,351,74),(1518,184,352,74),(1519,184,360,74),(1520,184,354,74),(1521,184,356,74),(1522,184,357,74),(1523,184,358,74),(1524,184,359,74),(1525,184,361,74),(1526,184,362,74),(1527,184,363,74),(1528,184,364,74),(1529,184,365,74),(1530,184,366,74),(1531,184,367,74),(1532,184,368,74),(1533,184,369,74),(1534,184,370,74),(1535,184,314,74),(1536,184,358,74),(1537,184,373,74),(1538,184,375,74),(1539,184,376,74),(1540,184,377,74),(1541,184,378,74),(1542,184,379,74),(1543,184,657,74),(1544,171,658,74),(1545,171,488,74),(1546,171,489,74),(1547,171,490,74),(1548,171,491,74),(1549,171,492,74),(1550,171,659,74),(1551,171,660,74),(1552,171,496,74),(1553,171,497,74),(1554,171,498,74),(1555,171,663,74),(1556,171,500,74),(1557,171,501,74),(1558,171,502,74),(1559,171,503,74),(1560,171,504,74),(1561,171,512,74),(1562,171,669,74),(1563,171,670,74),(1564,171,515,74),(1565,171,671,74),(1566,171,517,74),(1567,171,518,74),(1568,171,520,74),(1569,171,672,74),(1570,171,673,74),(1571,171,674,74),(1572,171,511,74),(1573,171,675,74),(1574,171,525,74),(1575,171,676,74),(1576,171,677,74),(1577,171,678,74),(1578,171,679,74),(1579,171,680,74),(1580,171,681,74),(1581,171,682,74),(1582,171,684,74),(1583,171,683,74),(1584,171,685,74),(1585,171,686,74),(1586,171,687,74),(1587,171,187,74),(1588,171,688,74),(1589,73,549,74),(1590,73,550,74),(1591,73,551,74),(1592,73,552,74),(1593,73,554,74),(1594,95,557,74),(1595,73,550,74),(1596,0,551,0),(1597,0,552,0),(1598,0,554,0),(1599,0,555,74),(1600,95,380,74),(1601,95,558,74),(1602,95,559,74),(1603,95,560,74),(1604,95,561,74),(1605,95,380,74),(1606,95,690,74),(1607,95,691,74),(1608,95,565,74),(1609,95,692,74),(1610,95,567,74),(1611,95,693,74),(1612,95,562,74),(1613,95,564,74),(1614,95,566,74),(1615,95,568,74),(1616,95,569,74),(1617,95,570,74),(1618,95,695,74),(1619,95,571,74),(1620,95,572,74),(1621,95,573,74),(1622,95,574,74),(1623,191,13,74),(1624,191,14,74),(1625,191,15,74),(1626,191,16,74),(1627,191,17,74),(1628,191,18,74),(1629,191,19,74),(1630,191,20,74),(1631,191,21,74),(1632,191,22,74),(1633,191,33,74),(1634,191,42,74),(1635,191,48,74),(1636,191,49,74),(1637,191,50,74),(1638,191,51,74),(1639,191,52,74),(1640,191,53,74),(1641,191,54,74),(1642,191,55,74),(1643,191,56,74),(1644,191,57,74),(1645,191,58,74),(1646,191,59,74),(1647,191,60,74),(1648,191,61,74),(1649,191,62,74),(1650,191,63,74),(1651,191,64,74),(1652,191,66,74),(1653,191,67,74),(1654,191,68,74),(1655,191,69,74),(1656,191,70,74),(1657,191,71,74),(1658,191,72,74),(1659,191,73,74),(1660,191,74,74),(1661,191,75,74),(1662,191,76,74),(1663,191,77,74),(1664,191,78,74),(1665,191,79,74),(1666,191,80,74),(1667,191,81,74),(1668,191,82,74),(1669,191,83,74),(1670,191,84,74),(1671,191,85,74),(1672,191,86,74),(1673,191,87,74),(1674,191,88,74),(1675,191,92,74),(1676,191,93,74),(1677,191,96,74),(1678,191,97,74),(1679,191,98,74),(1680,191,99,74),(1681,191,100,74),(1682,191,101,74),(1683,191,102,74),(1684,191,103,74),(1685,191,104,74),(1686,191,105,74),(1687,191,106,74),(1688,191,107,74),(1689,191,108,74),(1690,191,109,74),(1691,191,110,74),(1692,191,111,74),(1693,191,112,74),(1694,191,113,74),(1695,191,114,74),(1696,191,115,74),(1697,191,116,74),(1698,191,117,74),(1699,191,118,74),(1700,191,119,74),(1701,191,120,74),(1702,191,121,74),(1703,191,122,74),(1704,191,123,74),(1705,191,124,74),(1706,191,125,74),(1707,191,126,74),(1708,191,127,74),(1709,191,128,74),(1710,191,129,74),(1711,191,130,74),(1712,191,131,74),(1713,191,132,74),(1714,191,133,74),(1715,191,134,74),(1716,191,135,74),(1717,191,136,74),(1718,191,137,74),(1719,191,138,74),(1720,191,139,74),(1721,191,140,74),(1722,191,141,74),(1723,191,142,74),(1724,191,143,74),(1725,191,144,74),(1726,191,145,74),(1727,191,146,74),(1728,191,147,74),(1729,191,148,74),(1730,191,149,74),(1731,191,150,74),(1732,191,151,74),(1733,191,152,74),(1734,191,153,74),(1735,191,154,74),(1736,191,155,74),(1737,191,156,74),(1738,191,157,74),(1739,191,158,74),(1740,191,159,74),(1741,191,160,74),(1742,191,161,74),(1743,191,162,74),(1744,191,163,74),(1745,191,164,74),(1746,191,165,74),(1747,191,166,74),(1748,191,167,74),(1749,191,168,74),(1750,191,169,74),(1751,191,170,74),(1752,191,171,74),(1753,191,172,74),(1754,191,173,74),(1755,191,174,74),(1756,191,175,74),(1757,191,176,74),(1758,191,177,74),(1759,191,178,74),(1760,191,179,74),(1761,191,180,74),(1762,191,181,74),(1763,191,182,74),(1764,191,183,74),(1765,191,184,74),(1766,191,185,74),(1767,191,186,74),(1768,191,187,74),(1769,191,188,74),(1770,191,189,74),(1771,191,190,74),(1772,191,191,74),(1773,191,192,74),(1774,191,193,74),(1775,191,194,74),(1776,191,195,74),(1777,191,196,74),(1778,191,197,74),(1779,191,198,74),(1780,191,199,74),(1781,191,200,74),(1782,191,201,74),(1783,191,202,74),(1784,191,203,74),(1785,191,204,74),(1786,191,205,74),(1787,191,206,74),(1788,191,207,74),(1789,191,208,74),(1790,191,209,74),(1791,191,210,74),(1792,191,211,74),(1793,191,212,74),(1794,191,213,74),(1795,191,214,74),(1796,191,215,74),(1797,191,216,74),(1798,191,217,74),(1799,191,218,74),(1800,191,219,74),(1801,191,220,74),(1802,191,221,74),(1803,191,222,74),(1804,191,223,74),(1805,191,224,74),(1806,191,225,74),(1807,191,226,74),(1808,191,227,74),(1809,191,228,74),(1810,191,229,74),(1811,191,230,74),(1812,191,231,74),(1813,191,232,74),(1814,191,233,74),(1815,191,234,74),(1816,191,235,74),(1817,191,236,74),(1818,191,237,74),(1819,191,238,74),(1820,191,239,74),(1821,191,240,74),(1822,191,241,74),(1823,191,242,74),(1824,191,243,74),(1825,191,244,74),(1826,191,245,74),(1827,191,246,74),(1828,191,247,74),(1829,191,248,74),(1830,191,249,74),(1831,191,250,74),(1832,191,251,74),(1833,191,252,74),(1834,191,253,74),(1835,191,254,74),(1836,191,255,74),(1837,191,256,74),(1838,191,257,74),(1839,191,258,74),(1840,191,259,74),(1841,191,260,74),(1842,191,261,74),(1843,191,262,74),(1844,191,263,74),(1845,191,264,74),(1846,191,265,74),(1847,191,266,74),(1848,191,267,74),(1849,191,268,74),(1850,191,269,74),(1851,191,270,74),(1852,191,271,74),(1853,191,272,74),(1854,191,273,74),(1855,191,274,74),(1856,191,275,74),(1857,191,276,74),(1858,191,277,74),(1859,191,278,74),(1860,191,279,74),(1861,191,280,74),(1862,191,281,74),(1863,191,282,74),(1864,191,283,74),(1865,191,284,74),(1866,191,285,74),(1867,191,286,74),(1868,191,287,74),(1869,191,288,74),(1870,191,289,74),(1871,191,290,74),(1872,191,291,74),(1873,191,292,74),(1874,191,293,74),(1875,191,294,74),(1876,191,295,74),(1877,191,296,74),(1878,191,297,74),(1879,191,298,74),(1880,191,299,74),(1881,191,300,74),(1882,191,301,74),(1883,191,302,74),(1884,191,303,74),(1885,191,304,74),(1886,191,305,74),(1887,191,306,74),(1888,191,307,74),(1889,191,308,74),(1890,191,309,74),(1891,191,310,74),(1892,191,311,74),(1893,191,312,74),(1894,191,313,74),(1895,191,314,74),(1896,191,315,74),(1897,191,316,74),(1898,191,317,74),(1899,191,318,74),(1900,191,319,74),(1901,191,320,74),(1902,191,321,74),(1903,191,322,74),(1904,191,323,74),(1905,191,324,74),(1906,191,325,74),(1907,191,326,74),(1908,191,327,74),(1909,191,328,74),(1910,191,329,74),(1911,191,330,74),(1912,191,331,74),(1913,191,332,74),(1914,191,333,74),(1915,191,334,74),(1916,191,335,74),(1917,191,336,74),(1918,191,337,74),(1919,191,338,74),(1920,191,339,74),(1921,191,340,74),(1922,191,341,74),(1923,191,342,74),(1924,191,343,74),(1925,191,344,74),(1926,191,345,74),(1927,191,346,74),(1928,191,347,74),(1929,191,348,74),(1930,191,349,74),(1931,191,350,74),(1932,191,351,74),(1933,191,352,74),(1934,191,353,74),(1935,191,354,74),(1936,191,355,74),(1937,191,356,74),(1938,191,357,74),(1939,191,358,74),(1940,191,359,74),(1941,191,360,74),(1942,191,361,74),(1943,191,362,74),(1944,191,363,74),(1945,191,364,74),(1946,191,365,74),(1947,191,366,74),(1948,191,367,74),(1949,191,368,74),(1950,191,369,74),(1951,191,370,74),(1952,191,371,74),(1953,191,372,74),(1954,191,373,74),(1955,191,374,74),(1956,191,375,74),(1957,191,376,74),(1958,191,377,74),(1959,191,378,74),(1960,191,379,74),(1961,191,380,74),(1962,191,381,74),(1963,191,382,74),(1964,191,383,74),(1965,191,384,74),(1966,191,385,74),(1967,191,386,74),(1968,191,387,74),(1969,191,388,74),(1970,191,389,74),(1971,191,390,74),(1972,191,391,74),(1973,191,392,74),(1974,191,393,74),(1975,191,394,74),(1976,191,395,74),(1977,191,396,74),(1978,191,397,74),(1979,191,398,74),(1980,191,399,74),(1981,191,400,74),(1982,191,401,74),(1983,191,402,74),(1984,191,403,74),(1985,191,404,74),(1986,191,405,74),(1987,191,406,74),(1988,191,407,74),(1989,191,408,74),(1990,191,409,74),(1991,191,410,74),(1992,191,411,74),(1993,191,412,74),(1994,191,413,74),(1995,191,414,74),(1996,191,415,74),(1997,191,416,74),(1998,191,417,74),(1999,191,418,74),(2000,191,419,74),(2001,191,420,74),(2002,191,421,74),(2003,191,422,74),(2004,191,423,74),(2005,191,424,74),(2006,191,425,74),(2007,191,426,74),(2008,191,427,74),(2009,191,428,74),(2010,191,429,74),(2011,191,430,74),(2012,191,431,74),(2013,191,432,74),(2014,191,433,74),(2015,191,434,74),(2016,191,435,74),(2017,191,436,74),(2018,191,437,74),(2019,191,438,74),(2020,191,439,74),(2021,191,440,74),(2022,191,441,74),(2023,191,442,74),(2024,191,443,74),(2025,191,444,74),(2026,191,445,74),(2027,191,446,74),(2028,191,447,74),(2029,191,448,74),(2030,191,449,74),(2031,191,450,74),(2032,191,451,74),(2033,191,452,74),(2034,191,453,74),(2035,191,454,74),(2036,191,455,74),(2037,191,456,74),(2038,191,457,74),(2039,191,458,74),(2040,191,459,74),(2041,191,460,74),(2042,191,461,74),(2043,191,462,74),(2044,191,463,74),(2045,191,464,74),(2046,191,465,74),(2047,191,466,74),(2048,191,467,74),(2049,191,468,74),(2050,191,469,74),(2051,191,470,74),(2052,191,471,74),(2053,191,472,74),(2054,191,473,74),(2055,191,474,74),(2056,191,475,74),(2057,191,476,74),(2058,191,477,74),(2059,191,478,74),(2060,191,479,74),(2061,191,480,74),(2062,191,481,74),(2063,191,482,74),(2064,191,483,74),(2065,191,484,74),(2066,191,485,74),(2067,191,486,74),(2068,191,487,74),(2069,191,488,74),(2070,191,489,74),(2071,191,490,74),(2072,191,491,74),(2073,191,492,74),(2074,191,493,74),(2075,191,494,74),(2076,191,495,74),(2077,191,496,74),(2078,191,497,74),(2079,191,498,74),(2080,191,499,74),(2081,191,500,74),(2082,191,501,74),(2083,191,502,74),(2084,191,503,74),(2085,191,504,74),(2086,191,505,74),(2087,191,506,74),(2088,191,507,74),(2089,191,508,74),(2090,191,509,74),(2091,191,510,74),(2092,191,511,74),(2093,191,512,74),(2094,191,513,74),(2095,191,514,74),(2096,191,515,74),(2097,191,516,74),(2098,191,517,74),(2099,191,518,74),(2100,191,519,74),(2101,191,520,74),(2102,191,521,74),(2103,191,522,74),(2104,191,523,74),(2105,191,524,74),(2106,191,525,74),(2107,191,526,74),(2108,191,527,74),(2109,191,528,74),(2110,191,529,74),(2111,191,530,74),(2112,191,531,74),(2113,191,532,74),(2114,191,533,74),(2115,191,534,74),(2116,191,535,74),(2117,191,536,74),(2118,191,537,74),(2119,191,538,74),(2120,191,539,74),(2121,191,540,74),(2122,191,541,74),(2123,191,542,74),(2124,191,543,74),(2125,191,544,74),(2126,191,545,74),(2127,191,546,74),(2128,191,547,74),(2129,191,548,74),(2130,191,549,74),(2131,191,550,74),(2132,191,551,74),(2133,191,552,74),(2134,191,553,74),(2135,191,554,74),(2136,191,555,74),(2137,191,556,74),(2138,191,557,74),(2139,191,558,74),(2140,191,559,74),(2141,191,560,74),(2142,191,561,74),(2143,191,562,74),(2144,191,563,74),(2145,191,564,74),(2146,191,565,74),(2147,191,566,74),(2148,191,567,74),(2149,191,568,74),(2150,191,569,74),(2151,191,570,74),(2152,191,571,74),(2153,191,572,74),(2154,191,573,74),(2155,191,574,74),(2156,191,575,74),(2157,191,576,74),(2158,191,577,74),(2159,191,578,74),(2160,191,579,74),(2161,191,580,74),(2162,191,581,74),(2163,191,582,74),(2164,191,583,74),(2165,191,584,74),(2166,191,585,74),(2167,191,586,74),(2168,191,587,74),(2169,191,588,74),(2170,191,589,74),(2171,191,590,74),(2172,191,591,74),(2173,191,592,74),(2174,191,593,74),(2175,191,594,74),(2176,191,595,74),(2177,191,596,74),(2178,191,597,74),(2179,191,598,74),(2180,191,599,74),(2181,191,600,74),(2182,191,601,74),(2183,191,602,74),(2184,191,603,74),(2185,191,604,74),(2186,191,605,74),(2187,191,606,74),(2188,191,607,74),(2189,191,608,74),(2190,191,609,74),(2191,191,610,74),(2192,191,611,74),(2193,191,612,74),(2194,191,613,74),(2195,191,614,74),(2196,191,615,74),(2197,191,616,74),(2198,191,617,74),(2199,191,618,74),(2200,191,619,74),(2201,191,620,74),(2202,191,621,74),(2203,191,622,74),(2204,191,623,74),(2205,191,624,74),(2206,191,625,74),(2207,191,626,74),(2208,191,627,74),(2209,191,628,74),(2210,191,629,74),(2211,191,630,74),(2212,191,631,74),(2213,191,632,74),(2214,191,633,74),(2215,191,634,74),(2216,191,635,74),(2217,191,636,74),(2218,191,637,74),(2219,191,638,74),(2220,191,639,74),(2221,191,640,74),(2222,191,641,74),(2223,191,642,74),(2224,191,643,74),(2225,191,644,74),(2226,191,645,74),(2227,191,646,74),(2228,191,647,74),(2229,191,648,74),(2230,191,649,74),(2231,191,650,74),(2232,191,651,74),(2233,191,652,74),(2234,191,653,74),(2235,191,657,74),(2236,191,658,74),(2237,191,659,74),(2238,191,660,74),(2239,191,663,74),(2240,191,664,74),(2241,191,669,74),(2242,191,670,74),(2243,191,671,74),(2244,191,672,74),(2245,191,673,74),(2246,191,674,74),(2247,191,675,74),(2248,191,676,74),(2249,191,677,74),(2250,191,678,74),(2251,191,679,74),(2252,191,680,74),(2253,191,681,74),(2254,191,682,74),(2255,191,683,74),(2256,191,684,74),(2257,191,685,74),(2258,191,686,74),(2259,191,687,74),(2260,191,688,74),(2261,191,690,74),(2262,191,691,74),(2263,191,692,74),(2264,191,693,74),(2265,191,694,74),(2266,191,695,74),(2267,182,126,74),(2268,182,124,74),(2269,182,125,74),(2270,182,127,74),(2271,182,128,74),(2272,182,129,74),(2273,182,130,74),(2274,182,636,74),(2275,182,168,74),(2276,182,131,74),(2277,182,132,74),(2278,182,133,74),(2279,182,134,74),(2280,182,14,74),(2281,182,135,74),(2282,182,149,74),(2283,182,136,74),(2284,182,637,74),(2285,182,638,74),(2286,195,41,79),(2287,197,254,74),(2288,197,229,74),(2289,197,645,74),(2290,197,203,74),(2291,197,204,74),(2292,197,205,74),(2293,197,646,74),(2294,197,236,74),(2295,197,237,74),(2296,197,250,74),(2297,197,240,74),(2298,197,251,74),(2299,197,92,74),(2300,198,92,74),(2301,199,92,74),(2303,200,92,74),(2304,201,92,74),(2305,202,92,74);
/*!40000 ALTER TABLE `entregador_rota` ENABLE KEYS */;
UNLOCK TABLES;

--
-- Table structure for table `entregador_servicos`
--

DROP TABLE IF EXISTS `entregador_servicos`;
/*!40101 SET @saved_cs_client     = @@character_set_client */;
/*!40101 SET character_set_client = utf8 */;
CREATE TABLE `entregador_servicos` (
  `id` int(11) NOT NULL AUTO_INCREMENT,
  `entregadores_id` int(11) NOT NULL,
  `servicos_id` int(11) NOT NULL,
  PRIMARY KEY (`id`),
  KEY `fk_entregador_servicos_entregadores1_idx` (`entregadores_id`),
  KEY `fk_entregador_servicos_servicos1_idx` (`servicos_id`)
) ENGINE=InnoDB AUTO_INCREMENT=729 DEFAULT CHARSET=utf8mb4;
/*!40101 SET character_set_client = @saved_cs_client */;

--
-- Dumping data for table `entregador_servicos`
--

LOCK TABLES `entregador_servicos` WRITE;
/*!40000 ALTER TABLE `entregador_servicos` DISABLE KEYS */;
INSERT INTO `entregador_servicos` VALUES (387,166,3),(388,166,5),(389,166,1),(390,70,5),(395,98,5),(396,98,1),(399,145,3),(400,145,5),(401,145,1),(402,144,3),(403,144,5),(404,144,1),(410,173,3),(411,173,5),(412,173,1),(413,149,3),(414,149,5),(415,149,1),(416,151,3),(417,151,5),(418,151,1),(421,91,3),(422,91,5),(423,91,1),(424,152,3),(425,152,5),(426,152,1),(430,164,3),(431,164,5),(432,164,1),(433,165,5),(434,165,1),(435,167,3),(436,167,5),(437,167,1),(438,153,3),(439,153,5),(440,153,1),(441,129,3),(442,129,5),(443,129,1),(447,154,3),(448,154,5),(449,154,1),(450,168,3),(451,168,5),(452,168,1),(453,172,5),(454,172,1),(455,162,3),(456,162,5),(457,162,1),(458,133,5),(459,133,1),(460,158,5),(461,158,1),(462,78,5),(463,78,1),(466,161,3),(467,161,5),(468,161,1),(472,159,3),(473,159,5),(474,159,1),(475,160,3),(476,160,5),(477,160,1),(507,103,5),(508,103,1),(516,92,5),(517,92,1),(522,175,5),(523,175,1),(531,97,3),(532,97,4),(533,97,5),(534,97,1),(543,101,3),(544,101,4),(545,101,5),(546,101,1),(557,100,3),(558,100,5),(559,100,1),(560,73,3),(561,73,4),(562,73,5),(563,73,1),(566,102,3),(567,137,3),(568,137,5),(569,137,1),(570,169,3),(571,169,5),(572,169,1),(573,150,3),(574,150,5),(575,150,1),(576,170,3),(577,170,5),(578,170,1),(580,163,3),(581,163,5),(582,163,1),(583,88,3),(584,88,5),(585,88,1),(586,83,3),(587,83,5),(588,83,1),(589,171,3),(593,95,3),(594,131,3),(595,99,3),(596,99,5),(597,99,1),(598,174,3),(599,174,5),(600,174,1),(601,176,3),(602,176,5),(603,176,1),(612,177,3),(613,177,4),(614,177,5),(615,177,1),(617,138,3),(624,136,3),(625,136,5),(626,136,1),(633,132,3),(634,132,5),(635,132,1),(636,139,3),(637,178,3),(638,178,5),(639,178,1),(640,141,3),(641,179,5),(642,179,1),(643,180,3),(644,180,5),(645,180,1),(649,181,3),(650,181,5),(651,181,1),(655,140,3),(656,185,3),(657,185,4),(658,186,3),(659,186,4),(660,187,5),(661,187,1),(662,188,5),(663,188,1),(664,189,5),(665,189,1),(666,190,3),(667,190,4),(668,190,5),(669,190,1),(670,191,5),(671,191,1),(672,192,3),(673,192,4),(674,192,5),(675,192,1),(676,193,3),(677,193,4),(678,193,5),(679,193,1),(680,182,3),(681,182,5),(682,182,1),(683,195,3),(684,195,4),(685,195,5),(686,195,6),(687,195,1),(688,196,5),(689,196,1),(692,197,5),(693,197,1),(694,198,3),(695,198,7),(696,198,4),(697,198,5),(698,198,6),(699,198,1),(700,199,3),(701,199,7),(702,199,4),(703,199,5),(704,199,6),(705,199,1),(712,200,3),(713,200,7),(714,200,4),(715,200,5),(716,200,6),(717,200,1),(718,201,3),(719,201,7),(720,201,4),(721,201,5),(722,201,6),(723,201,1),(724,202,3),(725,202,7),(726,202,4),(727,202,5),(728,202,1);
/*!40000 ALTER TABLE `entregador_servicos` ENABLE KEYS */;
UNLOCK TABLES;

--
-- Table structure for table `entregador_setores`
--

DROP TABLE IF EXISTS `entregador_setores`;
/*!40101 SET @saved_cs_client     = @@character_set_client */;
/*!40101 SET character_set_client = utf8 */;
CREATE TABLE `entregador_setores` (
  `id` int(11) NOT NULL AUTO_INCREMENT,
  `entregadores_id` int(11) NOT NULL,
  `setores_id` int(11) NOT NULL,
  `valor` int(11) DEFAULT NULL,
  PRIMARY KEY (`id`),
  KEY `fk_entregador_setores_entregadores1_idx` (`entregadores_id`),
  KEY `fk_entregador_setores_setores1_idx` (`setores_id`)
) ENGINE=InnoDB AUTO_INCREMENT=457 DEFAULT CHARSET=utf8mb4;
/*!40101 SET character_set_client = @saved_cs_client */;

--
-- Dumping data for table `entregador_setores`
--

LOCK TABLES `entregador_setores` WRITE;
/*!40000 ALTER TABLE `entregador_setores` DISABLE KEYS */;
INSERT INTO `entregador_setores` VALUES (43,80,1,1),(45,82,3,1),(50,85,3,1),(52,87,1,1),(55,89,1,1),(56,90,1,1),(57,90,3,1),(65,96,1,1),(66,96,3,1),(85,106,1,1),(86,106,3,1),(93,130,1,1),(94,130,3,1),(101,134,1,1),(102,135,1,1),(110,142,1,1),(111,143,1,1),(112,143,3,1),(119,147,1,1),(120,147,3,1),(139,157,1,1),(257,166,1,1),(258,166,3,1),(259,70,1,1),(262,98,1,1),(264,145,1,1),(265,145,3,1),(266,144,1,1),(267,144,3,1),(271,173,1,1),(272,173,3,1),(273,149,1,1),(274,149,3,1),(275,151,1,1),(276,151,3,1),(278,91,1,1),(279,91,3,1),(280,152,1,1),(281,152,3,1),(284,164,1,1),(285,164,3,1),(286,165,1,1),(287,167,1,1),(288,167,3,1),(289,153,1,1),(290,153,3,1),(291,129,1,1),(292,129,3,1),(294,154,1,1),(295,154,3,1),(296,168,1,1),(297,168,3,1),(298,172,1,1),(299,162,1,1),(300,162,3,1),(301,133,1,1),(302,158,1,1),(303,78,1,1),(305,161,1,1),(306,161,3,1),(309,159,1,1),(310,159,3,1),(311,160,1,1),(312,160,3,1),(331,103,1,1),(336,92,1,1),(339,175,1,1),(344,97,1,1),(345,97,3,1),(350,101,1,1),(351,101,3,1),(358,100,1,1),(359,100,3,1),(360,73,1,1),(361,73,3,1),(363,102,3,1),(364,137,1,1),(365,137,3,1),(366,169,1,1),(367,169,3,1),(368,150,1,1),(369,150,3,1),(370,170,1,1),(371,170,3,1),(373,163,1,1),(374,163,3,1),(375,88,1,1),(376,88,3,1),(377,83,1,1),(378,83,3,1),(379,171,3,1),(383,95,3,1),(384,131,3,1),(385,99,1,1),(386,99,3,1),(387,174,1,1),(388,174,3,1),(389,176,1,1),(390,176,3,1),(395,177,1,1),(396,177,3,1),(398,138,3,1),(403,136,1,1),(404,136,3,1),(409,132,1,1),(410,132,3,1),(411,139,3,1),(412,178,1,1),(413,178,3,1),(414,141,3,1),(415,179,1,1),(416,180,1,1),(417,180,3,1),(420,181,1,1),(421,181,3,1),(424,140,3,1),(425,185,3,1),(426,186,1,1),(427,186,3,1),(428,187,1,1),(429,188,1,1),(430,189,1,1),(431,190,1,1),(432,190,3,1),(433,191,1,1),(434,192,1,1),(435,192,3,1),(436,193,1,1),(437,193,3,1),(438,182,1,1),(439,182,3,1),(440,195,1,1),(441,195,3,1),(442,196,1,1),(444,197,1,1),(445,198,1,1),(446,198,3,1),(447,199,1,1),(448,199,3,1),(451,200,1,1),(452,200,3,1),(453,201,1,1),(454,201,3,1),(455,202,1,1),(456,202,3,1);
/*!40000 ALTER TABLE `entregador_setores` ENABLE KEYS */;
UNLOCK TABLES;

--
-- Table structure for table `entregadores`
--

DROP TABLE IF EXISTS `entregadores`;
/*!40101 SET @saved_cs_client     = @@character_set_client */;
/*!40101 SET character_set_client = utf8 */;
CREATE TABLE `entregadores` (
  `id` int(11) NOT NULL AUTO_INCREMENT,
  `nome` varchar(225) DEFAULT NULL,
  `telefone` varchar(45) DEFAULT NULL,
  `cpf` varchar(45) DEFAULT NULL,
  `email` varchar(100) DEFAULT NULL,
  `banco` varchar(45) DEFAULT NULL,
  `agencia` varchar(45) DEFAULT NULL,
  `conta` varchar(45) DEFAULT NULL,
  `pix` varchar(100) DEFAULT NULL,
  `cnh` varchar(45) DEFAULT NULL,
  `renavam` varchar(45) DEFAULT NULL,
  `apelido` varchar(100) DEFAULT NULL,
  `tipo` varchar(45) DEFAULT NULL,
  `status` int(11) DEFAULT NULL,
  `admissao` timestamp NULL DEFAULT NULL,
  `recisao` timestamp NULL DEFAULT NULL,
  `valor_boleto` decimal(10,2) DEFAULT NULL,
  `valor_cartao` decimal(10,2) DEFAULT NULL,
  `valor_pequeno` decimal(10,2) DEFAULT NULL,
  `valor_grande` decimal(10,2) DEFAULT NULL,
  `usuarios_id` int(11) NOT NULL,
  `forma_pagamento_id` int(11) NOT NULL,
  `veiculos_id` int(11) NOT NULL,
  `regioes_id` int(11) NOT NULL,
  PRIMARY KEY (`id`),
  KEY `fk_entregadores_usuarios1_idx` (`usuarios_id`),
  KEY `fk_entregadores_forma_pagamento1_idx` (`forma_pagamento_id`),
  KEY `fk_entregadores_veiculos1_idx` (`veiculos_id`),
  KEY `fk_entregadores_regioes1_idx` (`regioes_id`)
) ENGINE=InnoDB AUTO_INCREMENT=203 DEFAULT CHARSET=utf8mb4;
/*!40101 SET character_set_client = @saved_cs_client */;

--
-- Dumping data for table `entregadores`
--

LOCK TABLES `entregadores` WRITE;
/*!40000 ALTER TABLE `entregadores` DISABLE KEYS */;
INSERT INTO `entregadores` VALUES (73,'ANTONIO WILLIAN SANTOS','(98) 98745-1262','836.359.203-04','antoniowilliansantosslz@gmail.com','bradesco','6578-1','10162-1','','03253697497','204196841','ANTONIO WILLIAN','CLT',1,'2022-02-24 20:37:14','2022-02-24 20:37:14',0.00,0.00,1.40,5.00,4,4,1,74),(78,'JOSE ORLANDO DOS SANTOS E SANTOS','(98) 98770-0584','005.560.203-75','joseorlandodossantos@gmail.com','','','','','','','JOSE ORLANDO','CLT',1,'2022-02-21 18:48:01','2022-02-21 18:48:01',0.00,0.00,2.00,5.00,4,4,5,74),(83,'ANTONIO MARCOS SODRÉ DE SOUSA','(98) 98844-7819','853.301.403-15','antoniomarcossodredesousa@gmail.com','237-Bradesco','1168-1','515340-7','','04979590869','1106502571','SODRÉ','CLT',1,'2022-02-22 17:47:53','2022-02-22 17:47:53',0.80,0.00,2.00,5.00,4,4,1,74),(88,'ANTONIO SILVESTRE CAMPOS PINHEIRO','(98) 98116-5398','904.199.603-68','antoniosilvestrepinheiro@gmail.com','Caixa Econômica Federal','1037','62790-9','(98)98608-1880','04000792697','01080960012','SILVESTRE','CLT',1,'2022-03-28 20:07:01','2022-03-28 20:07:01',0.80,0.00,2.00,5.00,4,5,1,74),(91,'DENILSON MARTINS DA SILVA','(98) 98861-5312','893.163.713-68','denilsonmartinsdasilvaslz@gmail.com','Caixa Econômica Federal','1521','113302-8','893.163.713-68','00124571214','1101794400','DENILSON MARTINS','CLT',1,'2022-02-22 19:46:41','2022-02-22 19:46:41',0.00,0.00,1.40,5.00,4,5,1,74),(92,'VALDEZ MORAES DOS SANTOS','(98) 98415-7682','224.990.753-68','valdezmoraesdossantos@gmail.com','Caixa Econômica Federal','1576','60252-0','224.990.753-68','00149663140','301493910','VALDEZ ','CLT',1,'2022-02-22 19:58:27','2022-02-22 19:58:27',0.00,0.00,2.00,5.00,4,5,2,74),(95,'JAILSON MAURO GARCEZ FERRAZ','(98) 99972-8732','509.400.663-00','jailsonmaurogarcezferraz@gmail.com','','','','','','','JAILSON','CLT',1,'2022-02-24 18:00:19','2022-02-24 18:00:19',1.00,0.00,0.00,0.00,4,4,5,74),(97,'CLODOALDO FERREIRA DE SOUSA','(98) 98802-8265','760.774.383-91','clodoaldoferreiradesousa@gmail.com','bradesco','1037-5','31687-3','','05621877892','294487816','CLODOALDO','CLT',1,'2022-02-24 18:41:24','2022-02-24 18:41:24',0.00,0.00,1.40,5.00,4,4,1,74),(98,'DENILSON COSTA VIEIRA','(98) 98919-7942','905.517.963-91','denilsoncostavieiraslz@gmail.com','bradesco','6578-1','5301-5','','05392508183','00396239900','DENILSON COSTA','CLT',1,'2022-02-24 18:46:27','2022-02-24 18:46:27',0.00,0.00,1.40,5.00,4,4,1,74),(99,'DOMINGOS EDSON SILVA SANTOS','(98) 98535-9358','778.668.513-87','dedsonsilvasantos@gmail.com','bradesco','1037','0031685-7','','01807326089','771299125','EDSON','CLT',1,'2022-02-24 18:51:39','2022-02-24 18:51:39',0.80,0.00,1.40,5.00,4,4,1,74),(100,'GILMAR VALE BARBOSA','(98) 98828-3399','515.549.333-15','gilmarvalebarbosa@gmail.com','bradesco Next - 237','3728','755858-9','','00272413365','338307397','GILMAR ','CLT',1,'2022-02-24 18:54:56','2022-02-24 18:54:56',0.00,0.00,1.40,5.00,4,4,1,74),(101,'JOSE VITAL BARBOSA','(98) 99121-9154','822.080.423-87','josevitalbarbosaslz@gmail.com','bradesco','2121-0','0028905-1','','04551162730','01145650152','JOSE VITAL','CLT',1,'2022-02-24 18:59:26','2022-02-24 18:59:26',0.00,0.00,1.40,5.00,4,4,2,74),(102,'MAURO SERGIO COSTA SILVA','(98) 99287-8892','696.293.403-30','mauro.21@gmail.com','bradesco Next - 237','6176','494455-0','','02953646513','299467058','MAURO','CLT',1,'2022-02-24 19:06:06','2022-02-24 19:06:06',0.00,0.00,0.00,0.00,4,4,1,74),(103,'SERGIO LUIS DE MORAES ALVES','(98) 98841-9932','238.779.363-34','sergioluismoraesalves@gmail.com','bradesco','1037-5','22812-5','','02930004285','209581581','SERGIO','CLT',1,'2022-02-24 19:14:32','2022-02-24 19:14:32',0.00,0.00,1.40,5.00,4,4,1,74),(129,'GABRIEL CARVALHO DOS SANTOS','(98) 98844-0252','607.128.813-44','gabrielcarvalhodossantosslz@gmail.com','bradesco','1167','0032668-2','','07229902247','1092781126','GABRIEL','CLT',1,'2022-02-25 19:12:14','2022-02-25 19:12:14',0.00,1.00,1.00,1.00,4,4,1,74),(131,'ANTONIO JOSÉ FONSECA DA SILVA','(98) 99151-2121','999.724.173-87','antoniojfonsecadasilva@gmail.com','bradesco','3750-8','459376-6','','03819097297','01251602824','JOSÉ FONSECA','CLT',1,'2022-02-25 19:22:36','2022-02-25 19:22:36',1.00,0.00,1.00,1.00,4,4,1,74),(132,'ARLEAN COSTA SOUSA','(98) 98212-9841','036.923.303-40','arleancostasousa@gmail.com','Caixa Econômica Federal','1739','33151-0','98982129841','06062482500','463336577','arlean','CLT',1,'2022-02-25 19:27:04','2022-02-25 19:27:04',0.00,0.00,0.00,0.00,4,5,1,74),(133,'JOELSON CAMPOS SERRA','(98) 98831-1259','850.214.583-53','joelsoncamposserraslz@gmail.com','Caixa Econômica Federal','1576','68469-1','850.214.583-53','03130178244','251024172','joelson','CLT',1,'2022-02-25 19:32:40','2022-02-25 19:32:40',0.00,1.00,1.00,1.00,4,5,2,74),(136,'MARCOS ANTONIO CARDOSO FONSECA','(98) 98847-5760','023.713.263-05','marcosantoniocfonseca@gmail.com','bradesco','6578-1','10832-4','','04690451294','1095162656','marcos fonseca','CLT',1,'2022-03-02 16:09:06','2022-03-02 16:09:06',0.00,0.00,0.00,0.00,4,4,1,74),(137,'MARCOS ANTONIO PEREIRA SANTOS','(98) 98892-5943','450.157.163-20','marcosantoniopsantosslz@gmail.com','bradesco','6578-1','5466-6','','01968927823','1036186960','marquinhos','CLT',1,'2022-03-02 16:34:31','2022-03-02 16:34:31',0.00,0.00,0.00,0.00,4,4,2,74),(138,'CLAUDENILSON FIGUEIREDO MENDONÇA','(98) 99993-8027','651.078.533-15','claudenilsonfigueiredomendonca@gmail.com','bradesco','3925-0','0437775-3','','','','CLAUDENILSON ','CLT',1,'2022-03-02 16:44:14','2022-03-02 16:44:14',0.00,0.00,0.00,0.00,4,4,5,74),(139,'JORGE LUIS FERREIRA MARTINS','(98) 99613-3690','207.116.203-00','jorgeluisferreiramartinsslz@gmail.com','Caixa Econômica Federal','27','61733-3','','','','JORGE LUIS ','CLT',1,'2022-03-02 17:05:01','2022-03-02 17:05:01',0.00,0.00,0.00,0.00,4,5,5,74),(140,'JOSE CARLOS RODRIGUES DE SOUZA JUNIOR','(98) 98341-6420','931.244.303-87','josecarlosrodriguessjunior@gmail.com','bradesco','3750-8','56969-0','','','','ZÉ CARLOS','CLT',1,'2022-03-02 17:19:40','2022-03-02 17:19:40',1.00,1.00,0.00,0.00,4,4,5,74),(141,'JOSE ROBERTO DA SILVA CRUZ','(98) 98468-8301','508.666.643-00','joserobertodasilvacruzslz@gmail.com','bradesco','3929-2','0022753-6','','','','roberto','CLT',1,'2022-03-02 17:39:36','2022-03-02 17:39:36',0.00,0.00,0.00,0.00,4,4,5,74),(144,'ANTONIO RENILSON VASCONCELOS PAIVA','(98) 98282-7886','331.388.853-49','','Caixa Econômica Federal','','','475.082.803-34','02771152478','01091387505','ANTONIO RENILSON ','CLT',1,'2022-03-02 18:50:59','2022-03-02 18:50:59',1.00,0.00,4.00,4.00,4,5,2,76),(145,'aline dos santos silva','(99) 98431-3160','054.428.973-02','','banco do brasil','2992-4','43518518-0','(99) 98431-3160','06029761001','01117204267','aline','CLT',1,'2022-03-02 19:03:49','2022-03-02 19:03:49',1.00,0.00,4.00,4.00,4,5,2,76),(149,'CAIANNE CASTRO BRITO DOS SANTOS','(99) 99231-5373','059.886.703-18','','336-C6 BANK','','','caiannecastro@gmail.com','','','CAIANNE','CLT',1,'2022-05-05 15:06:41','2022-05-05 15:06:41',1.00,0.00,4.00,4.00,4,5,5,76),(150,'NOELSON RIBEIRO DA COSTA','(98) 98749-5064','007.440.273-06','','nu pagamentos s.a.','','','00744027306','04528026719','00996600655','noelson','CLT',1,'2022-05-05 15:08:34','2022-05-05 15:08:34',0.00,0.00,0.00,0.00,4,5,3,74),(151,'ANTONIA CELIA DE SÁ SILVA','(99) 99208-5131','602.680.033-60','','banco do brasil','','','34590404320','05710215940','01120615434','celia','CLT',1,'2022-05-05 15:18:58','2022-05-05 15:18:58',1.00,0.00,4.00,4.00,4,5,1,76),(152,'DOGIVAL SILVA','(98) 98454-9453','046.176.453-90','','Caixa Econômica Federal','2063 ','30211-3','04617645390','05141933402','199468834','DOGIVAL ','CLT',1,'2022-05-05 16:15:56','2022-05-05 16:15:56',1.00,0.00,4.00,4.00,4,5,1,79),(153,'FREDSON SANTOS E SANTOS','(98) 99154-8239','020.656.173-30','','nubank','1','35787192-6','020.656.173-30','06880002460','539380423','FREDSON','CLT',1,'2022-05-05 16:22:16','2022-05-05 16:22:16',1.50,0.00,4.00,4.00,4,5,1,77),(154,'GILMAR SILVA CORREIA','(98) 98777-2972','003.077.453-50','','Caixa Econômica Federal','2063','00055037-0','026.513.983-06  ','','','gilmar correia','CLT',1,'2022-05-05 16:30:59','2022-05-05 16:30:59',1.00,0.00,4.00,4.00,4,5,5,79),(158,'JOELSON DE JESUS CARDOSO SILVA','(98) 98836-4515','604.978.323-30','','Caixa Econômica Federal','1576','146834-8','','05692233040','01129177014','joelson de jesus','CLT',1,'2022-05-05 17:26:48','2022-05-05 17:26:48',0.00,0.00,0.00,0.00,4,4,1,74),(159,'MANOEL DE JESUS DA SILVA','(99) 98178-7160','493.440.483-04','','Caixa Econômica Federal','','','493.440.483-04','00990755497','01195340815','MANOEL de jesus','CLT',1,'2022-05-05 17:41:45','2022-05-05 17:41:45',1.00,0.00,4.00,4.00,4,5,2,76),(160,'MARCELO SILVA DE CARVALHO ','(98) 98404-2907','058.897.803-52','','nubank','','','(98) 984042907','','','MARCELO SILVA ','CLT',1,'2022-05-06 16:19:37','2022-05-06 16:19:37',1.00,0.00,4.00,4.00,4,5,5,77),(161,'Josue do Nascimento Mesquita','(98) 98136-4108','013.398.453-26','','Caixa Econômica Federal','3126','00039973-1','(98) 981364108','','','JOSUE MESQUITA','CLT',1,'2022-05-06 16:54:14','2022-05-06 16:54:14',1.00,0.00,4.00,4.00,4,5,5,76),(162,'LUIS INACIO COUTO NETO','(98) 98521-6821','649.757.623-15','','Caixa Econômica Federal','','','64975762315','','','inacio','CLT',1,'2022-05-06 17:00:29','2022-05-06 17:00:29',1.00,0.00,4.00,4.00,4,5,5,79),(163,'ROBERTO DA SILVA OLIVEIRA','(98) 98484-8507','050.482.273-01','','banco do brasil','1027-8','32435-3','(98) 984848507','','','ROBERTO  OLIVEIRA','CLT',1,'2022-05-06 17:46:10','2022-05-06 17:46:10',1.00,0.00,4.00,4.00,4,5,5,77),(164,'Evaldo Moizinho Mendes','(98) 99609-2407','892.421.303-20','','bradesco','1181-9','1000721-6','','03658431101','01227385894','EVALDO','CLT',1,'2022-05-06 18:33:58','2022-05-06 18:33:58',1.00,0.00,1.50,1.50,4,4,2,79),(165,'EVANIO CASTRO FREITAS','(99) 98135-6294','027.887.983-77','','bradesco','1036','623138-1','','','','EVANIO','CLT',1,'2022-05-06 18:37:17','2022-05-06 18:37:17',0.00,0.00,4.00,4.00,4,4,5,76),(166,'VANDERLEY DE OZINO SILVA SANTOS','(98) 99229-4269','619.596.723-80','','Caixa Econômica Federal','4480','20189-1','619.596.723-80','06205885433','01106235239','VANDERLEY ','CLT',1,'2022-05-06 19:00:06','2022-05-06 19:00:06',1.00,0.00,4.00,4.00,4,5,1,79),(167,'FABIANA DE ALMEIDA CARDOSO','(99) 98145-4961','962.260.053-00','','bradesco','1142-8','0008010-1','','06744005198','00209855444','FABIANA','CLT',1,'2022-05-06 19:32:00','2022-05-06 19:32:00',1.00,0.00,4.00,4.00,4,4,2,76),(168,'HAIRTON PEREIRA MATILDE','(98) 99101-5701','018.593.973-28','','bradesco','1080-4','1001485-9','','','','HAIRTON','CLT',1,'2022-05-06 19:45:52','2022-05-06 19:45:52',1.00,0.00,4.00,4.00,4,4,5,76),(169,'MAURO ROBERTO SOUZA MESQUITA','(99) 98173-6013','580.772.003-20','','bradesco Next - 237','7160-9','6477106-0','','','','MAURO MESQUITA ','CLT',1,'2022-05-06 19:57:34','2022-05-06 19:57:34',1.00,0.00,3.00,3.00,4,4,5,76),(170,'RAIFRAN DE OLIVEIRA','(99) 98202-9334','045.170.423-16','','bradesco','3750','540482-7','','','','RAIFRAN','CLT',1,'2022-05-06 20:08:31','2022-05-06 20:08:31',1.00,0.00,4.00,4.00,4,4,5,76),(171,'CARLOS AUGUSTO','','','','','','','','','','CARLINHOS','CLT',1,'2022-05-19 17:33:51','2022-05-19 17:33:51',0.00,0.00,0.00,0.00,4,4,5,74),(172,'HARRISON IGOR DA SILVA CHAGAS','(98) 98605-9046','056.408.663-06','','bradesco','408','34962-3','','06666645925','01279365584','igor','CLT',1,'2022-05-24 15:25:48','2022-05-24 15:25:48',0.00,0.00,0.00,0.00,4,4,3,74),(173,'BRUNO FELIPE CHAVES COSTA VALE','(98) 99110-7677','045.844.183-06','','bradesco','1052-9','0555604-0','','04543682599','00923836020','BRUNO FELIPE','CLT',1,'2022-05-25 18:10:08','2022-05-25 18:10:08',1.00,0.00,4.00,4.00,4,4,2,80),(174,'LUCAS BEZERRA MARINHO','(98) 99117-3642','065.098.253-33','','','','','','06949319707','00340724005','LUCAS','CLT',1,'2022-06-16 12:14:15','2022-06-16 12:14:15',0.00,0.00,0.00,0.00,4,4,1,74),(175,'CLEILTON - GEANNE','(98) 97003-1758','062.816.843-89','','','','','CPF: 062.816.843-89','','','CLEILTON','CLT',1,'2022-06-20 20:14:31','2022-06-20 20:14:31',0.00,0.00,4.00,4.00,4,5,5,76),(176,'FRANCISCO DAS CHAGAS SILVA MORAES','(98) 98703-1343','663.596.863-68','franciscodaschagassilvamoraes@gmail.com','','','','','03663708731','00340724005','chico','CLT',1,'2022-07-20 11:40:44','2022-07-20 11:40:44',0.00,0.00,0.00,0.00,4,4,1,74),(177,'Leiliany de C.  Barros','','859.772.842-68','','','','','','','','LEILIANY','CLT',1,'2022-07-20 18:53:44','2022-07-20 18:53:44',0.00,0.00,0.00,0.00,4,4,1,81),(178,'FERNANDO DOUGLAS PEREIRA RODRIGUES DE FREITAS','(98) 98112-7760','950.939.073-91','','','','','','','','FERNANDO','CLT',1,'2022-07-25 17:02:49','2022-07-25 17:02:49',0.00,0.00,0.00,0.00,4,4,2,74),(179,'MARQUIEL SOARES RIBEIRO','','022.151.933-52','','','','','','03437577403','00154046353','MARQUIEL','PJ',1,'2022-08-05 19:39:44','2022-08-05 19:39:44',0.00,0.00,0.00,0.00,4,4,2,74),(180,'VALDEYR RODRIGUES DA SILVA','(98) 99169-7168','604.401.993-44','','','','','604.401.993-44','07044858865','01183637605','VALDEYR','PJ',1,'2022-08-05 19:53:07','2022-08-05 19:53:07',1.00,0.00,4.00,4.00,4,4,2,80),(181,'ENOCK PEIXOTO MONTENEGRO','(98) 98413-1081','392.600.974-87','enock@montenegroexpress.com.br','','','','','00740667527','00603168884','enock','CLT',1,'2022-08-08 19:11:46','2022-08-08 19:11:46',0.00,0.00,0.00,0.00,4,4,2,74),(182,'ALESSANDRO DE MORAES RODRIGUES','','025.525.303-62','','67897654567890','0987890','0986789','8848774577','05088639691','00958653887','alessandro','CLT',2,'2022-08-15 16:38:58','2022-08-15 16:38:58',1.00,1.50,3.00,2.00,4,4,1,74),(184,'natan','(99) 99999-9999','xxxxxxxxxxx','natan@gmail.com','xxxxxxxxxxxxxxxxx','xxxxxxxxxxxxxxxxxxxx','xxxxxxxxxxxxxxxxxxxx','xxxxxxxxxxxxxxxxxxxxxx','6565656565656665','8787878787887','natan','PJ',1,'2022-12-08 13:36:47','2022-12-08 13:36:47',2.00,3.00,0.00,0.00,4,4,1,74),(185,'Rafael ferreira da silva','(98) 98309-0703','32076741860','raphael.rufus2@gmail.com','','','','','','','rafael','CLT',1,'2022-12-19 12:41:01','2022-12-19 12:41:01',1.00,1.00,0.00,0.00,4,4,5,74),(186,'Theodoro','','','','','','','','','','TEO','PJ',1,'2022-12-19 13:10:16','2022-12-19 13:10:16',1.00,1.00,0.00,0.00,4,4,2,74),(187,'JOACY GONÇALVES DE OLIVEIRA','','063.156.153-68','','','','','','00121575534','01260421543','joacy','PJ',1,'2023-01-23 13:53:12','2023-01-23 13:53:12',0.00,0.00,2.00,2.00,4,4,2,74),(188,'MARCOS VINICIOUS SAMPAIO DE MENEZES','','611.346.013-44','','','','','','06661503250','01188994171','marcos vinicius','PJ',1,'2023-01-23 14:02:42','2023-01-23 14:02:42',0.00,0.00,2.00,2.00,4,4,2,74),(189,'WALDYNAH PEREIRA VIEIRA DO NORTE','','624.952.673-00','','','','','','01652211040','01202186235','waldynah','PJ',1,'2023-01-23 14:05:03','2023-01-23 14:05:03',0.00,0.00,2.00,2.00,4,4,1,74),(190,'jOÃO','','','','','','','','','','JOÃO','CLT',1,'2023-03-20 18:32:03','2023-03-20 18:32:03',1.00,1.00,1.00,1.00,4,4,1,74),(191,'MARIA AURICLEIDE ','(98) 98413-1091','','SUPERVISAO@MONTENEGROEXPRESS.COM.BR','','','','','','','CLEIDE','CLT',1,'2023-04-06 12:26:15','2023-04-06 12:26:15',0.00,0.00,0.00,0.00,4,5,2,74),(192,'CIRO','','','','','','','','','','CIRO','CLT',1,'2023-04-06 12:55:17','2023-04-06 12:55:17',0.80,0.80,1.40,1.40,4,4,1,74),(193,'CARLOS WALISSON SÁ MENEZES PINTO','','027.474.443-09','','','','','','06032485493','01036186960','CARLOS WALISSON ','CLT',1,'2023-04-06 14:52:50','2023-04-06 14:52:50',0.00,0.00,0.00,0.00,4,4,2,74),(195,'empresa-local','(98) 98745-1262','6565656565656565','local@gmail.com','78787878787','8787878787878','87878787878787','878787878787878','151515151515151','5151515151515','NENHUM','CLT',1,'2023-06-22 20:25:01','2023-06-22 20:25:01',1.00,1.00,1.00,1.00,4,4,1,79),(196,'mayson silva amorim','','754.197.183-91','','','','','','03466247869','','mayson','CLT',1,'2023-08-09 14:30:40','2023-08-09 14:30:40',0.00,0.00,0.00,0.00,4,5,2,74),(197,'PAULO ROBERTO PINHEIRO','','840.564.443-15','','','','','','04841677882','01036186960','paulo','CLT',1,'2023-08-09 14:45:04','2023-08-09 14:45:04',0.00,0.00,0.00,0.00,4,5,6,74),(198,'raul sander de oliveira costa','(98) 98741-7697','01128611309','','','','','','','','raul','CLT',1,'2023-08-11 13:39:44','2023-08-11 13:39:44',0.00,0.00,0.00,0.00,4,4,2,74),(199,'paulo alexandre pinheiro da silva','','02653935317','','','','','','','','','CLT',1,'2023-08-11 13:45:03','2023-08-11 13:45:03',0.00,0.00,0.00,0.00,4,4,2,74),(200,'marco leandro dos santos costa','','02653935317','','','','','','','','alexandre','CLT',1,'2023-08-11 13:56:40','2023-08-11 13:56:40',0.00,0.00,0.00,0.00,4,4,2,74),(201,'marco leandro dos santos costa','','60188025383','','','','','','','','leandro','CLT',1,'2023-08-11 14:00:31','2023-08-11 14:00:31',0.00,0.00,0.00,0.00,4,4,2,74),(202,'MANOEL DE JESUS - SLZ','','','','','','','','','','MANOEL SLZ','CLT',1,'2023-08-18 20:31:37','2023-08-18 20:31:37',0.00,0.00,0.00,0.00,4,4,1,74);
/*!40000 ALTER TABLE `entregadores` ENABLE KEYS */;
UNLOCK TABLES;

--
-- Table structure for table `forma_pagamento`
--

DROP TABLE IF EXISTS `forma_pagamento`;
/*!40101 SET @saved_cs_client     = @@character_set_client */;
/*!40101 SET character_set_client = utf8 */;
CREATE TABLE `forma_pagamento` (
  `id` int(11) NOT NULL AUTO_INCREMENT,
  `nome` varchar(100) DEFAULT NULL,
  PRIMARY KEY (`id`)
) ENGINE=InnoDB AUTO_INCREMENT=6 DEFAULT CHARSET=utf8mb4;
/*!40101 SET character_set_client = @saved_cs_client */;

--
-- Dumping data for table `forma_pagamento`
--

LOCK TABLES `forma_pagamento` WRITE;
/*!40000 ALTER TABLE `forma_pagamento` DISABLE KEYS */;
INSERT INTO `forma_pagamento` VALUES (4,'Dinheiro'),(5,'Pix');
/*!40000 ALTER TABLE `forma_pagamento` ENABLE KEYS */;
UNLOCK TABLES;

--
-- Table structure for table `gaiolas`
--

DROP TABLE IF EXISTS `gaiolas`;
/*!40101 SET @saved_cs_client     = @@character_set_client */;
/*!40101 SET character_set_client = utf8 */;
CREATE TABLE `gaiolas` (
  `id` int(11) NOT NULL AUTO_INCREMENT,
  `data` timestamp NULL DEFAULT current_timestamp(),
  `nome` varchar(45) DEFAULT NULL,
  `qtd` int(11) DEFAULT NULL,
  PRIMARY KEY (`id`)
) ENGINE=InnoDB AUTO_INCREMENT=121 DEFAULT CHARSET=utf8mb4;
/*!40101 SET character_set_client = @saved_cs_client */;

--
-- Dumping data for table `gaiolas`
--

LOCK TABLES `gaiolas` WRITE;
/*!40000 ALTER TABLE `gaiolas` DISABLE KEYS */;
INSERT INTO `gaiolas` VALUES (39,'2023-07-16 23:00:54','ROTA 01 - PAÇO ',0),(40,'2022-02-04 23:07:54','ROTA 02 - ELDORADO',0),(41,'2022-02-04 23:07:54','ROTA 03 - RECANTO',0),(42,'2022-02-04 23:07:54','ROTA 04 - VINHAIS ',0),(43,'2022-02-04 23:07:54','ROTA 05 - ANIL ',0),(44,'2022-02-04 23:07:54','ROTA 06 - VILA PALMEIRA',0),(45,'2022-02-04 23:07:54','ROTA 07 - COROADINHO',0),(46,'2022-02-04 23:07:54','ROTA 08 - SÃO FRANCISCO',0),(47,'2022-02-04 23:07:54','ROTA 09 - PONTA DO FAROL ',0),(48,'2022-02-04 23:07:54','ROTA 10 - CIDADE OPERÁRIA',0),(49,'2022-02-04 23:07:54','ROTA 100 - BACABAL',0),(50,'2022-02-04 23:07:54','ROTA 101 - LAGO DA PEDRA',0),(51,'2022-02-04 23:07:54','ROTA 102 - BARRA DO CORDA',0),(52,'2022-02-04 23:07:54','ROTA 103 - COROATÁ ',0),(53,'2022-02-04 23:07:54','ROTA 104 - COLINAS',0),(54,'2022-02-04 23:07:54','ROTA 105 - DOM PEDRO ',0),(55,'2022-02-04 23:07:54','ROTA 106 - PRES. DUTRA/TUNTUM',0),(56,'2022-02-04 23:07:54','ROTA 107 - PEDREIRAS/TRIZIDELA',0),(57,'2022-02-04 23:07:54','ROTA 108 - SÃO MATEUS ',0),(58,'2022-02-04 23:07:54','ROTA 109 - ROSÁRIO',0),(59,'2022-02-04 23:07:54','ROTA 11 - COHATRAC',0),(60,'2022-02-04 23:07:54','ROTA 110 - BARREIRINHAS',0),(61,'2022-02-04 23:07:54','ROTA 111 - ZÉ DOCA',0),(62,'2022-02-04 23:07:54','ROTA 112 - SANTA INÊ',0),(63,'2022-02-04 23:07:54','ROTA 113 - SANTA LUZIA',0),(64,'2022-02-04 23:07:54','ROTA 114 - VIANA/ARARI',0),(65,'2022-02-04 23:07:54','ROTA 115 - SÃO BENTO ',0),(66,'2022-02-04 23:07:54','ROTA 116 - PINHEIRO',0),(67,'2022-02-04 23:07:54','ROTA 117 - CURURUPU',0),(68,'2022-02-04 23:07:54','ROTA 12 - LIBERDADE/CENTRO ',0),(69,'2022-02-04 23:07:54','ROTA 121 - CAROLINA/ESTREITO/GRAJAÚ/J.LISBOA',0),(70,'2022-02-04 23:07:54','ROTA 122 - IMPERATRIZ',0),(71,'2022-02-04 23:07:54','ROTA 123 - BALSAS',0),(72,'2022-02-04 23:07:54','ROTA 124 - AÇAILÂNDIA',0),(73,'2022-02-04 23:07:54','ROTA 13 - COHAB',0),(74,'2022-02-04 23:07:54','ROTA 14 - ARAÇAGY',0),(75,'2022-02-04 23:07:54','ROTA 15 - BR',0),(76,'2022-02-04 23:07:54','ROTA 16 - SÃO CRISTÓVÃO',0),(77,'2022-02-04 23:07:54','ROTA 17 - ANJO DA GUARDA',0),(78,'2022-02-04 23:07:54','ROTA 18 - RENASCENÇA',0),(79,'2022-02-04 23:07:54','ROTA 19 - TURU',0),(80,'2022-02-04 23:07:54','ROTA 20 - OLHO DÁGUA',0),(81,'2022-02-04 23:07:54','ROTA 50 - CANTINHO DO CÉU',0),(82,'2022-02-04 23:07:54','ROTA 51 - DIVINÉIA ',0),(83,'2022-02-04 23:07:54','ROTA 52 - CENTRO',0),(84,'2022-02-04 23:07:54','ROTA 53 - VILA EMBRATE',0),(85,'2022-02-04 23:07:54','ROTA 54 - TIRIRICAL',0),(86,'2022-02-04 23:07:54','ROTA 55 - PONTA DA AREIA',0),(87,'2022-02-04 23:07:54','ROTA 56 - FORQUILHA',0),(88,'2022-02-04 23:07:54','ROTA 57 - CIDADE OLÍMPICA',0),(89,'2022-02-04 23:07:54','ROTA 21 - SÃO JOSÉ DE RIBAMAR',0),(90,'2022-02-22 16:32:27','ROTA 500',0),(91,'2022-02-22 16:33:10','ROTA 501',0),(92,'2022-02-22 16:33:46','ROTA 502',0),(93,'2022-02-22 16:34:12','ROTA 503',343710),(94,'2022-02-22 16:34:30','ROTA 504',0),(95,'2022-02-22 16:34:59','ROTA 505',0),(96,'2022-02-22 16:35:20','ROTA 506',0),(97,'2022-02-22 16:35:42','ROTA 507',0),(98,'2022-02-22 16:36:07','ROTA 508',0),(99,'2022-02-22 16:36:33','ROTA 509',0),(100,'2022-02-22 16:36:54','ROTA 510',0),(101,'2022-02-22 16:37:17','ROTA 511',0),(102,'2022-02-22 16:37:45','ROTA 512',0),(103,'2022-02-22 16:38:08','ROTA 513',0),(104,'2022-02-22 16:38:32','ROTA 514',0),(105,'2022-02-22 16:38:59','ROTA 515',0),(106,'2022-02-22 16:39:27','ROTA 516',0),(107,'2022-02-22 16:39:47','ROTA 517',0),(108,'2022-02-22 16:40:17','ROTA 518',0),(109,'2022-02-22 16:40:46','ROTA 519',0),(110,'2022-02-22 16:41:20','ROTA 520',0),(112,'2022-02-22 17:31:35','ROTA 22 - SHOPPING',0),(113,'2022-02-22 17:32:55','ROTA 118 - itapecuru',0),(114,'2022-02-22 17:33:16','rota 119 - chapadinha',0),(115,'2022-02-22 17:33:28','ROTA 120 - tutóia',0),(116,'2022-06-10 11:42:04','rota - grande ilha',0),(117,'2022-06-27 16:03:11','Central de entregas',-231754),(118,'2022-07-13 15:27:29','ROTA 58 - RAPOSA',0),(119,'2022-07-13 15:27:52','ROTA 59 - COHAMA',0),(120,'2022-07-13 15:54:49','ROTA 60 - MARACANÃ',0);
/*!40000 ALTER TABLE `gaiolas` ENABLE KEYS */;
UNLOCK TABLES;

--
-- Table structure for table `importacao`
--

DROP TABLE IF EXISTS `importacao`;
/*!40101 SET @saved_cs_client     = @@character_set_client */;
/*!40101 SET character_set_client = utf8 */;
CREATE TABLE `importacao` (
  `id` int(11) NOT NULL AUTO_INCREMENT,
  `data` timestamp NULL DEFAULT NULL,
  `notafiscal` varchar(225) DEFAULT NULL,
  `serie` varchar(225) DEFAULT NULL,
  `razaosocial` varchar(225) DEFAULT NULL,
  `notafiscal_id` int(11) NOT NULL,
  PRIMARY KEY (`id`),
  KEY `fk_importacao_notafiscal1_idx` (`notafiscal_id`),
  CONSTRAINT `fk_importacao_notafiscal1` FOREIGN KEY (`notafiscal_id`) REFERENCES `notafiscal` (`id`) ON DELETE CASCADE ON UPDATE NO ACTION
) ENGINE=InnoDB AUTO_INCREMENT=681 DEFAULT CHARSET=utf8mb4;
/*!40101 SET character_set_client = @saved_cs_client */;

--
-- Dumping data for table `importacao`
--

LOCK TABLES `importacao` WRITE;
/*!40000 ALTER TABLE `importacao` DISABLE KEYS */;
INSERT INTO `importacao` VALUES (426,'2023-08-09 14:03:00','21230809204187000381550010003848371503840164','1','Jafra - Maranhao',486),(427,'2023-08-09 14:03:00','21230809204187000381550010003848411815798654','1','Jafra - Maranhao',487),(428,'2023-08-09 14:03:00','21230809204187000381550010003848421752168869','1','Jafra - Maranhao',488),(429,'2023-08-09 14:03:00','21230809204187000381550010003848431003757460','1','Jafra - Maranhao',489),(430,'2023-08-09 14:03:00','21230809204187000381550010003848451263911447','1','Jafra - Maranhao',490),(431,'2023-08-09 14:03:00','21230809204187000381550010003848471939440437','1','Jafra - Maranhao',491),(433,'2023-08-09 14:03:00','21230809204187000381550010003848491644179988','1','Jafra - Maranhao',493),(434,'2023-08-09 14:03:00','21230809204187000381550010003848511464046414','1','Jafra - Maranhao',494),(435,'2023-08-09 14:03:00','21230809204187000381550010003848521199331834','1','Jafra - Maranhao',495),(436,'2023-08-09 14:03:00','21230809204187000381550010003848541889147639','1','Jafra - Maranhao',496),(437,'2023-08-09 14:03:00','21230809204187000381550010003848561382054908','1','Jafra - Maranhao',497),(438,'2023-08-09 14:03:00','21230809204187000381550010003848571701746248','1','Jafra - Maranhao',498),(439,'2023-08-09 14:03:00','21230809204187000381550010003848591174104541','1','Jafra - Maranhao',499),(440,'2023-08-09 14:03:00','21230809204187000381550010003848601887650292','1','Jafra - Maranhao',500),(441,'2023-08-09 14:03:00','21230809204187000381550010003848611468046644','1','Jafra - Maranhao',501),(442,'2023-08-09 20:30:53','21230809204187000381550010003848621667090497','1','Jafra - Maranhao',502),(443,'2023-08-09 20:30:53','21230809204187000381550010003848631154673454','1','Jafra - Maranhao',503),(444,'2023-08-09 20:30:53','21230809204187000381550010003848641904342642','1','Jafra - Maranhao',504),(445,'2023-08-09 20:30:53','21230809204187000381550010003848661932266941','1','Jafra - Maranhao',505),(446,'2023-08-09 20:30:53','21230809204187000381550010003848671282402983','1','Jafra - Maranhao',506),(447,'2023-08-11 14:09:10','21230809204187000381550010003848621667090497','1','Jafra - Maranhao',507),(448,'2023-08-11 14:09:10','21230809204187000381550010003848631154673454','1','Jafra - Maranhao',508),(449,'2023-08-11 14:09:10','21230809204187000381550010003848641904342642','1','Jafra - Maranhao',509),(450,'2023-08-11 14:09:10','21230809204187000381550010003848661932266941','1','Jafra - Maranhao',510),(451,'2023-08-11 14:09:10','21230809204187000381550010003848671282402983','1','Jafra - Maranhao',511),(452,'2023-08-11 14:19:27','21230809204187000381550010003848681966915050','1','Jafra - Maranhao',512),(453,'2023-08-11 14:19:27','21230809204187000381550010003848691011913943','1','Jafra - Maranhao',513),(454,'2023-08-11 14:19:27','21230809204187000381550010003848701153048445','1','Jafra - Maranhao',514),(455,'2023-08-11 14:19:27','21230809204187000381550010003848721001842933','1','Jafra - Maranhao',515),(456,'2023-08-11 14:19:27','21230809204187000381550010003848731955686046','1','Jafra - Maranhao',516),(457,'2023-08-11 14:19:27','21230809204187000381550010003848741611646148','1','Jafra - Maranhao',517),(458,'2023-08-11 14:19:27','21230809204187000381550010003848761388638602','1','Jafra - Maranhao',518),(459,'2023-08-11 14:19:27','21230809204187000381550010003848771757964138','1','Jafra - Maranhao',519),(460,'2023-08-11 14:19:27','21230809204187000381550010003848781315356849','1','Jafra - Maranhao',520),(461,'2023-08-11 14:19:27','21230809204187000381550010003848791466764048','1','Jafra - Maranhao',521),(462,'2023-08-11 14:19:27','21230809204187000381550010003848801798567112','1','Jafra - Maranhao',522),(463,'2023-08-11 14:19:27','21230809204187000381550010003848811847148405','1','Jafra - Maranhao',523),(464,'2023-08-11 14:19:27','21230809204187000381550010003848821119729746','1','Jafra - Maranhao',524),(465,'2023-08-11 14:19:27','21230809204187000381550010003848831149438925','1','Jafra - Maranhao',525),(466,'2023-08-11 14:19:27','21230809204187000381550010003848841038730498','1','Jafra - Maranhao',526),(467,'2023-08-11 14:19:27','21230809204187000381550010003848851242813263','1','Jafra - Maranhao',527),(468,'2023-08-11 14:19:27','21230809204187000381550010003848861098920646','1','Jafra - Maranhao',528),(469,'2023-08-15 17:18:51','21230809204187000381550010003848881085048044','1','Jafra - Maranhao',529),(470,'2023-08-15 17:18:51','21230809204187000381550010003848901723212844','1','Jafra - Maranhao',530),(471,'2023-08-15 17:18:51','21230809204187000381550010003848911438755174','1','Jafra - Maranhao',531),(472,'2023-08-15 17:18:51','21230809204187000381550010003848921320694659','1','Jafra - Maranhao',532),(473,'2023-08-15 17:18:51','21230809204187000381550010003848931518237441','1','Jafra - Maranhao',533),(474,'2023-08-15 17:18:51','21230809204187000381550010003848941817541182','1','Jafra - Maranhao',534),(476,'2023-08-15 17:20:04','21230809204187000381550010003848961254964117','1','Jafra - Maranhao',536),(477,'2023-08-15 17:20:04','21230809204187000381550010003848971648684412','1','Jafra - Maranhao',537),(478,'2023-08-15 17:20:04','21230809204187000381550010003848981586824477','1','Jafra - Maranhao',538),(479,'2023-08-15 17:20:04','21230809204187000381550010003848991761329040','1','Jafra - Maranhao',539),(480,'2023-08-15 17:20:04','21230809204187000381550010003849021140393403','1','Jafra - Maranhao',540),(481,'2023-08-15 17:20:04','21230809204187000381550010003849031267131875','1','Jafra - Maranhao',541),(482,'2023-08-15 17:20:04','21230809204187000381550010003849051092347313','1','Jafra - Maranhao',542),(483,'2023-08-15 17:20:04','21230809204187000381550010003849061591315562','1','Jafra - Maranhao',543),(484,'2023-08-15 17:20:04','21230809204187000381550010003849071505797149','1','Jafra - Maranhao',544),(485,'2023-08-15 17:20:04','21230809204187000381550010003849081586031246','1','Jafra - Maranhao',545),(486,'2023-08-15 17:20:04','21230809204187000381550010003849091757801722','1','Jafra - Maranhao',546),(487,'2023-08-15 17:20:04','21230809204187000381550010003849101054661804','1','Jafra - Maranhao',547),(488,'2023-08-15 17:20:04','21230809204187000381550010003849111431047470','1','Jafra - Maranhao',548),(489,'2023-08-15 17:20:04','21230809204187000381550010003849121429137473','1','Jafra - Maranhao',549),(490,'2023-08-15 17:20:04','21230809204187000381550010003849131722657458','1','Jafra - Maranhao',550),(491,'2023-08-15 17:20:04','21230809204187000381550010003849151851996547','1','Jafra - Maranhao',551),(492,'2023-08-15 17:20:04','21230809204187000381550010003849161519175349','1','Jafra - Maranhao',552),(493,'2023-08-15 17:20:04','21230809204187000381550010003849171487882140','1','Jafra - Maranhao',553),(494,'2023-08-15 17:20:04','21230809204187000381550010003849181388115407','1','Jafra - Maranhao',554),(495,'2023-08-15 17:20:04','21230809204187000381550010003849191963354880','1','Jafra - Maranhao',555),(496,'2023-08-15 17:20:04','21230809204187000381550010003849221498625631','1','Jafra - Maranhao',556),(497,'2023-08-15 17:20:04','21230809204187000381550010003849231103700640','1','Jafra - Maranhao',557),(498,'2023-08-15 17:20:04','21230809204187000381550010003849251402673763','1','Jafra - Maranhao',558),(499,'2023-08-15 17:20:04','21230809204187000381550010003849261396010440','1','Jafra - Maranhao',559),(500,'2023-08-15 17:20:04','21230809204187000381550010003849311483636151','1','Jafra - Maranhao',560),(501,'2023-08-15 17:20:04','21230809204187000381550010003849321443621436','1','Jafra - Maranhao',561),(502,'2023-08-15 17:20:04','21230809204187000381550010003849341501538642','1','Jafra - Maranhao',562),(503,'2023-08-15 17:20:04','21230809204187000381550010003849351074539914','1','Jafra - Maranhao',563),(504,'2023-08-15 17:20:04','21230809204187000381550010003849361680935476','1','Jafra - Maranhao',564),(505,'2023-08-15 17:20:04','21230809204187000381550010003849371324754986','1','Jafra - Maranhao',565),(506,'2023-08-15 17:20:04','21230809204187000381550010003849391151747945','1','Jafra - Maranhao',566),(507,'2023-08-15 17:20:04','21230809204187000381550010003849411608883805','1','Jafra - Maranhao',567),(508,'2023-08-15 17:20:04','21230809204187000381550010003849421942864446','1','Jafra - Maranhao',568),(509,'2023-08-15 17:20:04','21230809204187000381550010003849431617952711','1','Jafra - Maranhao',569),(510,'2023-08-15 17:20:04','21230809204187000381550010003849441621613540','1','Jafra - Maranhao',570),(511,'2023-08-15 17:20:04','21230809204187000381550010003849451257003858','1','Jafra - Maranhao',571),(512,'2023-08-15 17:20:04','21230809204187000381550010003849471496064968','1','Jafra - Maranhao',572),(513,'2023-08-18 12:10:31','21230809204187000381550010003848951156860530','1','Jafra - Maranhao',573),(514,'2023-08-18 12:10:31','21230809204187000381550010003848961254964117','1','Jafra - Maranhao',574),(515,'2023-08-18 12:10:31','21230809204187000381550010003848971648684412','1','Jafra - Maranhao',575),(516,'2023-08-18 12:10:31','21230809204187000381550010003848981586824477','1','Jafra - Maranhao',576),(517,'2023-08-18 12:10:31','21230809204187000381550010003848991761329040','1','Jafra - Maranhao',577),(518,'2023-08-18 12:10:31','21230809204187000381550010003849021140393403','1','Jafra - Maranhao',578),(519,'2023-08-18 12:10:31','21230809204187000381550010003849031267131875','1','Jafra - Maranhao',579),(520,'2023-08-18 12:10:31','21230809204187000381550010003849051092347313','1','Jafra - Maranhao',580),(521,'2023-08-18 12:10:31','21230809204187000381550010003849061591315562','1','Jafra - Maranhao',581),(522,'2023-08-18 12:10:31','21230809204187000381550010003849071505797149','1','Jafra - Maranhao',582),(523,'2023-08-18 12:10:31','21230809204187000381550010003849091757801722','1','Jafra - Maranhao',583),(524,'2023-08-18 12:10:31','21230809204187000381550010003849101054661804','1','Jafra - Maranhao',584),(525,'2023-08-18 12:10:31','21230809204187000381550010003849111431047470','1','Jafra - Maranhao',585),(526,'2023-08-18 12:10:31','21230809204187000381550010003849121429137473','1','Jafra - Maranhao',586),(527,'2023-08-18 12:10:31','21230809204187000381550010003849131722657458','1','Jafra - Maranhao',587),(528,'2023-08-18 12:10:31','21230809204187000381550010003849151851996547','1','Jafra - Maranhao',588),(529,'2023-08-18 12:10:31','21230809204187000381550010003849161519175349','1','Jafra - Maranhao',589),(530,'2023-08-18 12:10:31','21230809204187000381550010003849171487882140','1','Jafra - Maranhao',590),(531,'2023-08-18 12:10:31','21230809204187000381550010003849181388115407','1','Jafra - Maranhao',591),(532,'2023-08-18 12:10:31','21230809204187000381550010003849191963354880','1','Jafra - Maranhao',592),(533,'2023-08-18 12:10:31','21230809204187000381550010003849221498625631','1','Jafra - Maranhao',593),(534,'2023-08-18 12:10:31','21230809204187000381550010003849231103700640','1','Jafra - Maranhao',594),(535,'2023-08-18 12:10:31','21230809204187000381550010003849251402673763','1','Jafra - Maranhao',595),(536,'2023-08-18 12:10:31','21230809204187000381550010003849261396010440','1','Jafra - Maranhao',596),(537,'2023-08-18 12:10:31','21230809204187000381550010003849311483636151','1','Jafra - Maranhao',597),(538,'2023-08-18 12:10:31','21230809204187000381550010003849321443621436','1','Jafra - Maranhao',598),(539,'2023-08-18 12:10:31','21230809204187000381550010003849341501538642','1','Jafra - Maranhao',599),(540,'2023-08-18 12:10:31','21230809204187000381550010003849351074539914','1','Jafra - Maranhao',600),(541,'2023-08-18 12:10:31','21230809204187000381550010003849361680935476','1','Jafra - Maranhao',601),(542,'2023-08-18 12:10:31','21230809204187000381550010003849371324754986','1','Jafra - Maranhao',602),(543,'2023-08-18 12:10:31','21230809204187000381550010003849391151747945','1','Jafra - Maranhao',603),(544,'2023-08-18 12:10:31','21230809204187000381550010003849411608883805','1','Jafra - Maranhao',604),(545,'2023-08-18 12:10:31','21230809204187000381550010003849421942864446','1','Jafra - Maranhao',605),(546,'2023-08-18 12:10:31','21230809204187000381550010003849431617952711','1','Jafra - Maranhao',606),(547,'2023-08-18 12:10:31','21230809204187000381550010003849441621613540','1','Jafra - Maranhao',607),(548,'2023-08-18 12:10:31','21230809204187000381550010003849451257003858','1','Jafra - Maranhao',608),(549,'2023-08-18 12:10:31','21230809204187000381550010003849471496064968','1','Jafra - Maranhao',609),(550,'2023-08-18 12:17:05','21230809204187000381550010003849481668150040','1','Jafra - Maranhao',610),(551,'2023-08-18 12:17:05','21230809204187000381550010003849491361481395','1','Jafra - Maranhao',611),(552,'2023-08-18 12:17:05','21230809204187000381550010003849501272963468','1','Jafra - Maranhao',612),(553,'2023-08-18 12:17:05','21230809204187000381550010003849511611364658','1','Jafra - Maranhao',613),(554,'2023-08-18 12:17:05','21230809204187000381550010003849521609076419','1','Jafra - Maranhao',614),(555,'2023-08-18 12:17:05','21230809204187000381550010003849531432946177','1','Jafra - Maranhao',615),(556,'2023-08-18 12:17:05','21230809204187000381550010003849541089691577','1','Jafra - Maranhao',616),(557,'2023-08-18 12:17:05','21230809204187000381550010003849561001489461','1','Jafra - Maranhao',617),(558,'2023-08-18 12:17:05','21230809204187000381550010003849571621124556','1','Jafra - Maranhao',618),(559,'2023-08-18 12:17:05','21230809204187000381550010003849581312714810','1','Jafra - Maranhao',619),(560,'2023-08-18 12:17:05','21230809204187000381550010003849601763093702','1','Jafra - Maranhao',620),(561,'2023-08-18 12:17:05','21230809204187000381550010003849621581853641','1','Jafra - Maranhao',621),(562,'2023-08-18 12:17:05','21230809204187000381550010003849631077766428','1','Jafra - Maranhao',622),(563,'2023-08-18 12:17:05','21230809204187000381550010003849641877999807','1','Jafra - Maranhao',623),(564,'2023-08-18 12:17:05','21230809204187000381550010003849651267132459','1','Jafra - Maranhao',624),(565,'2023-08-18 12:17:05','21230809204187000381550010003849681955277273','1','Jafra - Maranhao',625),(566,'2023-08-18 12:17:05','21230809204187000381550010003849691961692640','1','Jafra - Maranhao',626),(567,'2023-08-18 12:17:05','21230809204187000381550010003849721116421430','1','Jafra - Maranhao',627),(568,'2023-08-18 12:17:05','21230809204187000381550010003849731049247043','1','Jafra - Maranhao',628),(569,'2023-08-18 12:17:05','21230809204187000381550010003849741850975130','1','Jafra - Maranhao',629),(570,'2023-08-18 12:17:05','21230809204187000381550010003849761239621240','1','Jafra - Maranhao',630),(571,'2023-08-18 12:17:05','21230809204187000381550010003849791583973161','1','Jafra - Maranhao',631),(572,'2023-08-18 12:17:05','21230809204187000381550010003849801759537270','1','Jafra - Maranhao',632),(573,'2023-08-18 12:17:05','21230809204187000381550010003849861432340415','1','Jafra - Maranhao',633),(574,'2023-08-18 12:17:05','21230809204187000381550010003849881407574747','1','Jafra - Maranhao',634),(575,'2023-08-18 12:17:05','21230809204187000381550010003849891868715647','1','Jafra - Maranhao',635),(576,'2023-08-18 14:30:41','21230809204187000381550010003849481668150040','1','Jafra - Maranhao',636),(577,'2023-08-18 14:30:41','21230809204187000381550010003849491361481395','1','Jafra - Maranhao',637),(578,'2023-08-18 14:30:41','21230809204187000381550010003849501272963468','1','Jafra - Maranhao',638),(579,'2023-08-18 14:30:41','21230809204187000381550010003849511611364658','1','Jafra - Maranhao',639),(580,'2023-08-18 14:30:41','21230809204187000381550010003849521609076419','1','Jafra - Maranhao',640),(581,'2023-08-18 14:30:41','21230809204187000381550010003849531432946177','1','Jafra - Maranhao',641),(582,'2023-08-18 14:30:41','21230809204187000381550010003849541089691577','1','Jafra - Maranhao',642),(583,'2023-08-18 14:30:41','21230809204187000381550010003849561001489461','1','Jafra - Maranhao',643),(584,'2023-08-18 14:30:41','21230809204187000381550010003849571621124556','1','Jafra - Maranhao',644),(585,'2023-08-18 14:30:41','21230809204187000381550010003849581312714810','1','Jafra - Maranhao',645),(586,'2023-08-18 14:30:41','21230809204187000381550010003849601763093702','1','Jafra - Maranhao',646),(587,'2023-08-18 14:30:41','21230809204187000381550010003849621581853641','1','Jafra - Maranhao',647),(588,'2023-08-18 14:30:41','21230809204187000381550010003849631077766428','1','Jafra - Maranhao',648),(589,'2023-08-18 14:30:41','21230809204187000381550010003849641877999807','1','Jafra - Maranhao',649),(590,'2023-08-18 14:30:41','21230809204187000381550010003849651267132459','1','Jafra - Maranhao',650),(591,'2023-08-18 14:30:41','21230809204187000381550010003849681955277273','1','Jafra - Maranhao',651),(592,'2023-08-18 14:30:41','21230809204187000381550010003849691961692640','1','Jafra - Maranhao',652),(593,'2023-08-18 14:30:41','21230809204187000381550010003849721116421430','1','Jafra - Maranhao',653),(594,'2023-08-18 14:30:41','21230809204187000381550010003849731049247043','1','Jafra - Maranhao',654),(595,'2023-08-18 14:30:41','21230809204187000381550010003849741850975130','1','Jafra - Maranhao',655),(596,'2023-08-18 14:30:41','21230809204187000381550010003849761239621240','1','Jafra - Maranhao',656),(597,'2023-08-18 14:30:41','21230809204187000381550010003849791583973161','1','Jafra - Maranhao',657),(598,'2023-08-18 14:30:41','21230809204187000381550010003849801759537270','1','Jafra - Maranhao',658),(599,'2023-08-18 14:30:41','21230809204187000381550010003849861432340415','1','Jafra - Maranhao',659),(600,'2023-08-18 14:30:41','21230809204187000381550010003849881407574747','1','Jafra - Maranhao',660),(601,'2023-08-18 14:30:41','21230809204187000381550010003849891868715647','1','Jafra - Maranhao',661),(602,'2023-08-18 17:46:33','21230809204187000381550010003849901532528745','1','Jafra - Maranhao',662),(603,'2023-08-18 17:46:33','21230809204187000381550010003849911406194423','1','Jafra - Maranhao',663),(604,'2023-08-18 17:46:33','21230809204187000381550010003849921844316900','1','Jafra - Maranhao',664),(606,'2023-08-18 17:46:33','21230809204187000381550010003849991189390473','1','Jafra - Maranhao',666),(607,'2023-08-18 17:46:33','21230809204187000381550010003850001509434843','1','Jafra - Maranhao',667),(608,'2023-08-18 17:46:33','21230809204187000381550010003850031455350142','1','Jafra - Maranhao',668),(609,'2023-08-18 17:46:33','21230809204187000381550010003850061636236483','1','Jafra - Maranhao',669),(610,'2023-08-18 17:46:33','21230809204187000381550010003850071209749424','1','Jafra - Maranhao',670),(611,'2023-08-18 17:46:33','21230809204187000381550010003850081390947286','1','Jafra - Maranhao',671),(612,'2023-08-18 17:46:33','21230809204187000381550010003850091519885193','1','Jafra - Maranhao',672),(613,'2023-08-18 17:46:33','21230809204187000381550010003850101311040140','1','Jafra - Maranhao',673),(614,'2023-08-18 17:46:33','21230809204187000381550010003850111924994898','1','Jafra - Maranhao',674),(615,'2023-08-18 17:46:33','21230809204187000381550010003850121831189577','1','Jafra - Maranhao',675),(616,'2023-08-18 17:46:33','21230809204187000381550010003850131720091142','1','Jafra - Maranhao',676),(617,'2023-08-18 17:46:33','21230809204187000381550010003850141389575114','1','Jafra - Maranhao',677),(619,'2023-08-18 17:46:33','21230809204187000381550010003850181150612448','1','Jafra - Maranhao',679),(620,'2023-08-18 17:46:33','21230809204187000381550010003850201747857043','1','Jafra - Maranhao',680),(622,'2023-08-18 17:46:33','21230809204187000381550010003850221060769634','1','Jafra - Maranhao',682),(623,'2023-08-18 20:28:03','21230809204187000381550010003850191412981094','1','Jafra - Maranhao',683),(624,'2023-08-18 20:28:03','21230809204187000381550010003850231424591442','1','Jafra - Maranhao',684),(625,'2023-08-18 20:28:03','21230809204187000381550010003850241433756138','1','Jafra - Maranhao',685),(627,'2023-08-18 20:28:03','21230809204187000381550010003850261052959852','1','Jafra - Maranhao',687),(628,'2023-08-18 20:28:03','21230809204187000381550010003850271001436051','1','Jafra - Maranhao',688),(630,'2023-08-18 20:28:03','21230809204187000381550010003850301609627049','1','Jafra - Maranhao',690),(633,'2023-08-18 20:28:03','21230809204187000381550010003850361678574459','1','Jafra - Maranhao',693),(634,'2023-08-18 20:28:03','21230809204187000381550010003850371959098348','1','Jafra - Maranhao',694),(636,'2023-08-18 20:28:03','21230809204187000381550010003850391665823430','1','Jafra - Maranhao',696),(637,'2023-08-18 20:28:03','21230809204187000381550010003850401305253340','1','Jafra - Maranhao',697),(638,'2023-08-18 20:28:03','21230809204187000381550010003850411421097895','1','Jafra - Maranhao',698),(641,'2023-08-21 19:36:42','21230809204187000381550010003848371503840164','1','Jafra - Maranhao',701),(642,'2023-08-21 19:36:42','21230809204187000381550010003848411815798654','1','Jafra - Maranhao',702),(643,'2023-08-21 19:36:42','21230809204187000381550010003848421752168869','1','Jafra - Maranhao',703),(644,'2023-08-21 19:36:42','21230809204187000381550010003848431003757460','1','Jafra - Maranhao',704),(645,'2023-08-21 19:36:42','21230809204187000381550010003848451263911447','1','Jafra - Maranhao',705),(646,'2023-08-21 19:36:42','21230809204187000381550010003848471939440437','1','Jafra - Maranhao',706),(647,'2023-08-21 19:36:42','21230809204187000381550010003848481129392343','1','Jafra - Maranhao',707),(648,'2023-08-21 19:36:42','21230809204187000381550010003848491644179988','1','Jafra - Maranhao',708),(649,'2023-08-21 19:36:42','21230809204187000381550010003848511464046414','1','Jafra - Maranhao',709),(650,'2023-08-21 19:36:42','21230809204187000381550010003848521199331834','1','Jafra - Maranhao',710),(651,'2023-08-21 19:36:42','21230809204187000381550010003848541889147639','1','Jafra - Maranhao',711),(652,'2023-08-21 19:36:42','21230809204187000381550010003848561382054908','1','Jafra - Maranhao',712),(653,'2023-08-21 19:36:42','21230809204187000381550010003848571701746248','1','Jafra - Maranhao',713),(654,'2023-08-21 19:36:42','21230809204187000381550010003848591174104541','1','Jafra - Maranhao',714),(655,'2023-08-21 19:36:42','21230809204187000381550010003848601887650292','1','Jafra - Maranhao',715),(656,'2023-08-21 19:36:42','21230809204187000381550010003848611468046644','1','Jafra - Maranhao',716),(657,'2023-08-21 20:57:13','21230809204187000381550010003850331518789404','1','Jafra - Maranhao',717),(658,'2023-08-21 20:57:13','21230809204187000381550010003850471017884361','1','Jafra - Maranhao',718),(659,'2023-08-21 20:57:13','21230809204187000381550010003850501150355051','1','Jafra - Maranhao',719),(660,'2023-08-21 20:57:13','21230809204187000381550010003850521628619843','1','Jafra - Maranhao',720),(661,'2023-08-21 20:57:13','21230809204187000381550010003850541381854940','1','Jafra - Maranhao',721),(662,'2023-08-21 20:57:13','21230809204187000381550010003850551272352240','1','Jafra - Maranhao',722),(663,'2023-08-21 20:57:13','21230809204187000381550010003850561640269686','1','Jafra - Maranhao',723),(664,'2023-08-21 20:57:13','21230809204187000381550010003850571447018747','1','Jafra - Maranhao',724),(665,'2023-08-21 20:57:13','21230809204187000381550010003850581447945882','1','Jafra - Maranhao',725),(666,'2023-08-21 20:57:13','21230809204187000381550010003850591473595408','1','Jafra - Maranhao',726),(667,'2023-08-21 20:57:13','21230809204187000381550010003850611452105841','1','Jafra - Maranhao',727),(668,'2023-08-21 20:57:13','21230809204187000381550010003850631615089607','1','Jafra - Maranhao',728),(669,'2023-08-21 20:57:13','21230809204187000381550010003850641061848180','1','Jafra - Maranhao',729),(670,'2023-08-21 20:57:13','21230809204187000381550010003850651199891340','1','Jafra - Maranhao',730),(671,'2023-08-21 20:57:13','21230809204187000381550010003850661744044580','1','Jafra - Maranhao',731),(672,'2023-08-21 20:57:13','21230809204187000381550010003850681788157031','1','Jafra - Maranhao',732),(673,'2023-08-21 20:57:13','21230809204187000381550010003850691887795149','1','Jafra - Maranhao',733),(674,'2023-08-21 20:57:13','21230809204187000381550010003850701507021651','1','Jafra - Maranhao',734),(675,'2023-08-21 20:57:13','21230809204187000381550010003850711899366335','1','Jafra - Maranhao',735),(676,'2023-08-21 20:57:13','21230809204187000381550010003850721663227541','1','Jafra - Maranhao',736),(677,'2023-08-21 20:57:13','21230809204187000381550010003850731767761347','1','Jafra - Maranhao',737),(678,'2023-08-21 20:57:13','21230809204187000381550010003850741304554140','1','Jafra - Maranhao',738),(679,'2023-08-21 20:57:13','21230809204187000381550010003850751391528360','1','Jafra - Maranhao',739),(680,'2023-08-21 20:57:13','21230809204187000381550010003850761628206419','1','Jafra - Maranhao',740);
/*!40000 ALTER TABLE `importacao` ENABLE KEYS */;
UNLOCK TABLES;

--
-- Table structure for table `notafiscal`
--

DROP TABLE IF EXISTS `notafiscal`;
/*!40101 SET @saved_cs_client     = @@character_set_client */;
/*!40101 SET character_set_client = utf8 */;
CREATE TABLE `notafiscal` (
  `id` int(11) NOT NULL AUTO_INCREMENT,
  `data` timestamp NULL DEFAULT current_timestamp(),
  `chave` varchar(225) DEFAULT NULL,
  `autorizacao` int(11) DEFAULT NULL,
  `notafiscal` int(11) DEFAULT NULL,
  `serie` int(11) DEFAULT NULL,
  `razaosocial` varchar(225) DEFAULT NULL,
  `cnpj` varchar(45) DEFAULT NULL,
  `valoricms` decimal(10,2) DEFAULT NULL,
  `inscricaoestadual` varchar(45) DEFAULT NULL,
  `bcicms` decimal(10,2) DEFAULT NULL,
  `totalproduto` decimal(10,2) DEFAULT NULL,
  `frete` decimal(10,2) DEFAULT NULL,
  `desconto` decimal(10,2) DEFAULT NULL,
  `totalipi` decimal(10,2) DEFAULT NULL,
  `totalnota` decimal(10,2) DEFAULT NULL,
  `usuarios_id` int(11) NOT NULL,
  `receber_id` int(11) NOT NULL,
  PRIMARY KEY (`id`),
  KEY `fk_notafiscal_receber1_idx` (`receber_id`),
  CONSTRAINT `fk_notafiscal_receber1` FOREIGN KEY (`receber_id`) REFERENCES `receber` (`id`) ON DELETE CASCADE ON UPDATE NO ACTION
) ENGINE=InnoDB AUTO_INCREMENT=764 DEFAULT CHARSET=utf8mb4;
/*!40101 SET character_set_client = @saved_cs_client */;

--
-- Dumping data for table `notafiscal`
--

LOCK TABLES `notafiscal` WRITE;
/*!40000 ALTER TABLE `notafiscal` DISABLE KEYS */;
INSERT INTO `notafiscal` VALUES (486,'2023-08-09 14:03:00','21230809204187000381550010003848371503840164',2147483647,384837,1,'Jafra - Maranhao','09204187000381',0.00,'123508304',0.00,326.00,20.00,20.00,1.00,347.00,29,0),(487,'2023-08-09 14:03:00','21230809204187000381550010003848411815798654',2147483647,384841,1,'Jafra - Maranhao','09204187000381',0.00,'123508304',0.00,331.00,20.00,20.00,1.00,352.00,29,0),(488,'2023-08-09 14:03:00','21230809204187000381550010003848421752168869',2147483647,384842,1,'Jafra - Maranhao','09204187000381',0.00,'123508304',0.00,543.00,18.00,18.00,0.00,561.00,29,0),(489,'2023-08-09 14:03:00','21230809204187000381550010003848431003757460',2147483647,384843,1,'Jafra - Maranhao','09204187000381',0.00,'123508304',0.00,320.00,20.00,20.00,0.00,340.00,29,0),(490,'2023-08-09 14:03:00','21230809204187000381550010003848451263911447',2147483647,384845,1,'Jafra - Maranhao','09204187000381',0.00,'123508304',0.00,715.00,11.00,11.00,29.00,756.00,29,0),(491,'2023-08-09 14:03:00','21230809204187000381550010003848471939440437',2147483647,384847,1,'Jafra - Maranhao','09204187000381',0.00,'123508304',0.00,314.00,21.00,21.00,28.00,363.00,29,0),(493,'2023-08-09 14:03:00','21230809204187000381550010003848491644179988',2147483647,384849,1,'Jafra - Maranhao','09204187000381',0.00,'123508304',0.00,371.00,16.00,16.00,32.00,419.00,29,0),(494,'2023-08-09 14:03:00','21230809204187000381550010003848511464046414',2147483647,384851,1,'Jafra - Maranhao','09204187000381',0.00,'123508304',0.00,327.00,18.00,18.00,25.00,370.00,29,0),(495,'2023-08-09 14:03:00','21230809204187000381550010003848521199331834',2147483647,384852,1,'Jafra - Maranhao','09204187000381',0.00,'123508304',0.00,584.00,21.00,21.00,41.00,647.00,29,0),(496,'2023-08-09 14:03:00','21230809204187000381550010003848541889147639',2147483647,384854,1,'Jafra - Maranhao','09204187000381',0.00,'123508304',0.00,318.00,20.00,20.00,6.00,344.00,29,0),(497,'2023-08-09 14:03:00','21230809204187000381550010003848561382054908',2147483647,384856,1,'Jafra - Maranhao','09204187000381',0.00,'123508304',0.00,445.00,20.00,20.00,16.00,482.00,29,0),(498,'2023-08-09 14:03:00','21230809204187000381550010003848571701746248',2147483647,384857,1,'Jafra - Maranhao','09204187000381',0.00,'123508304',0.00,356.00,20.00,20.00,0.00,376.00,29,0),(499,'2023-08-09 14:03:00','21230809204187000381550010003848591174104541',2147483647,384859,1,'Jafra - Maranhao','09204187000381',0.00,'123508304',0.00,313.00,21.00,21.00,1.00,336.00,29,0),(500,'2023-08-09 14:03:00','21230809204187000381550010003848601887650292',2147483647,384860,1,'Jafra - Maranhao','09204187000381',0.00,'123508304',0.00,371.00,20.00,20.00,7.00,398.00,29,0),(501,'2023-08-09 14:03:00','21230809204187000381550010003848611468046644',2147483647,384861,1,'Jafra - Maranhao','09204187000381',0.00,'123508304',0.00,791.00,16.00,16.00,0.00,807.00,29,0),(502,'2023-08-09 20:30:53','21230809204187000381550010003848621667090497',2147483647,384862,1,'Jafra - Maranhao','09204187000381',0.00,'123508304',0.00,351.00,16.00,16.00,19.00,386.00,4,0),(503,'2023-08-09 20:30:53','21230809204187000381550010003848631154673454',2147483647,384863,1,'Jafra - Maranhao','09204187000381',0.00,'123508304',0.00,666.00,21.00,21.00,13.00,701.00,4,0),(504,'2023-08-09 20:30:53','21230809204187000381550010003848641904342642',2147483647,384864,1,'Jafra - Maranhao','09204187000381',0.00,'123508304',0.00,338.00,20.00,20.00,0.00,358.00,4,0),(505,'2023-08-09 20:30:53','21230809204187000381550010003848661932266941',2147483647,384866,1,'Jafra - Maranhao','09204187000381',0.00,'123508304',0.00,309.00,21.00,21.00,9.00,339.00,4,0),(506,'2023-08-09 20:30:53','21230809204187000381550010003848671282402983',2147483647,384867,1,'Jafra - Maranhao','09204187000381',0.00,'123508304',0.00,362.00,21.00,21.00,0.00,383.00,4,0),(507,'2023-08-11 14:09:10','21230809204187000381550010003848621667090497',2147483647,384862,1,'Jafra - Maranhao','09204187000381',0.00,'123508304',0.00,351.00,16.00,16.00,19.00,386.00,29,0),(508,'2023-08-11 14:09:10','21230809204187000381550010003848631154673454',2147483647,384863,1,'Jafra - Maranhao','09204187000381',0.00,'123508304',0.00,666.00,21.00,21.00,13.00,701.00,29,0),(509,'2023-08-11 14:09:10','21230809204187000381550010003848641904342642',2147483647,384864,1,'Jafra - Maranhao','09204187000381',0.00,'123508304',0.00,338.00,20.00,20.00,0.00,358.00,29,0),(510,'2023-08-11 14:09:10','21230809204187000381550010003848661932266941',2147483647,384866,1,'Jafra - Maranhao','09204187000381',0.00,'123508304',0.00,309.00,21.00,21.00,9.00,339.00,29,0),(511,'2023-08-11 14:09:10','21230809204187000381550010003848671282402983',2147483647,384867,1,'Jafra - Maranhao','09204187000381',0.00,'123508304',0.00,362.00,21.00,21.00,0.00,383.00,29,0),(512,'2023-08-11 14:19:27','21230809204187000381550010003848681966915050',2147483647,384868,1,'Jafra - Maranhao','09204187000381',0.00,'123508304',0.00,301.00,21.00,21.00,7.00,329.00,29,0),(513,'2023-08-11 14:19:27','21230809204187000381550010003848691011913943',2147483647,384869,1,'Jafra - Maranhao','09204187000381',0.00,'123508304',0.00,545.00,21.00,21.00,0.00,566.00,29,0),(514,'2023-08-11 14:19:27','21230809204187000381550010003848701153048445',2147483647,384870,1,'Jafra - Maranhao','09204187000381',0.00,'123508304',0.00,380.00,20.00,20.00,0.00,400.00,29,0),(515,'2023-08-11 14:19:27','21230809204187000381550010003848721001842933',2147483647,384872,1,'Jafra - Maranhao','09204187000381',0.00,'123508304',0.00,316.00,21.00,21.00,11.00,348.00,29,0),(516,'2023-08-11 14:19:27','21230809204187000381550010003848731955686046',2147483647,384873,1,'Jafra - Maranhao','09204187000381',0.00,'123508304',0.00,807.00,16.00,16.00,6.00,829.00,29,0),(517,'2023-08-11 14:19:27','21230809204187000381550010003848741611646148',2147483647,384874,1,'Jafra - Maranhao','09204187000381',0.00,'123508304',0.00,653.00,18.00,18.00,8.00,679.00,29,0),(518,'2023-08-11 14:19:27','21230809204187000381550010003848761388638602',2147483647,384876,1,'Jafra - Maranhao','09204187000381',0.00,'123508304',0.00,550.00,20.00,20.00,0.00,570.00,29,0),(519,'2023-08-11 14:19:27','21230809204187000381550010003848771757964138',2147483647,384877,1,'Jafra - Maranhao','09204187000381',0.00,'123508304',0.00,358.00,21.00,21.00,0.00,379.00,29,0),(520,'2023-08-11 14:19:27','21230809204187000381550010003848781315356849',2147483647,384878,1,'Jafra - Maranhao','09204187000381',0.00,'123508304',0.00,317.00,20.00,20.00,22.00,359.00,29,0),(521,'2023-08-11 14:19:27','21230809204187000381550010003848791466764048',2147483647,384879,1,'Jafra - Maranhao','09204187000381',0.00,'123508304',0.00,353.00,21.00,21.00,0.00,374.00,29,0),(522,'2023-08-11 14:19:27','21230809204187000381550010003848801798567112',2147483647,384880,1,'Jafra - Maranhao','09204187000381',0.00,'123508304',0.00,304.00,21.00,21.00,0.00,325.00,29,0),(523,'2023-08-11 14:19:27','21230809204187000381550010003848811847148405',2147483647,384881,1,'Jafra - Maranhao','09204187000381',0.00,'123508304',0.00,497.00,20.00,20.00,0.00,517.00,29,0),(524,'2023-08-11 14:19:27','21230809204187000381550010003848821119729746',2147483647,384882,1,'Jafra - Maranhao','09204187000381',0.00,'123508304',0.00,360.00,20.00,20.00,0.00,380.00,29,0),(525,'2023-08-11 14:19:27','21230809204187000381550010003848831149438925',2147483647,384883,1,'Jafra - Maranhao','09204187000381',0.00,'123508304',0.00,311.00,21.00,21.00,9.00,342.00,29,0),(526,'2023-08-11 14:19:27','21230809204187000381550010003848841038730498',2147483647,384884,1,'Jafra - Maranhao','09204187000381',0.00,'123508304',0.00,547.00,20.00,20.00,0.00,567.00,29,0),(527,'2023-08-11 14:19:27','21230809204187000381550010003848851242813263',2147483647,384885,1,'Jafra - Maranhao','09204187000381',0.00,'123508304',0.00,303.00,21.00,21.00,0.00,324.00,29,0),(528,'2023-08-11 14:19:27','21230809204187000381550010003848861098920646',2147483647,384886,1,'Jafra - Maranhao','09204187000381',0.00,'123508304',0.00,366.00,20.00,20.00,21.00,407.00,29,0),(529,'2023-08-15 17:18:51','21230809204187000381550010003848881085048044',2147483647,384888,1,'Jafra - Maranhao','09204187000381',0.00,'123508304',0.00,635.00,20.00,20.00,0.00,655.00,29,0),(530,'2023-08-15 17:18:51','21230809204187000381550010003848901723212844',2147483647,384890,1,'Jafra - Maranhao','09204187000381',0.00,'123508304',0.00,376.00,21.00,21.00,0.00,397.00,29,0),(531,'2023-08-15 17:18:51','21230809204187000381550010003848911438755174',2147483647,384891,1,'Jafra - Maranhao','09204187000381',0.00,'123508304',0.00,560.00,20.00,20.00,0.00,580.00,29,0),(532,'2023-08-15 17:18:51','21230809204187000381550010003848921320694659',2147483647,384892,1,'Jafra - Maranhao','09204187000381',0.00,'123508304',0.00,356.00,20.00,20.00,8.00,385.00,29,0),(533,'2023-08-15 17:18:51','21230809204187000381550010003848931518237441',2147483647,384893,1,'Jafra - Maranhao','09204187000381',0.00,'123508304',0.00,451.00,20.00,20.00,0.00,471.00,29,0),(534,'2023-08-15 17:18:51','21230809204187000381550010003848941817541182',2147483647,384894,1,'Jafra - Maranhao','09204187000381',0.00,'123508304',0.00,317.00,20.00,20.00,10.00,347.00,29,0),(536,'2023-08-15 17:20:04','21230809204187000381550010003848961254964117',2147483647,384896,1,'Jafra - Maranhao','09204187000381',0.00,'123508304',0.00,379.00,21.00,21.00,0.00,400.00,29,0),(537,'2023-08-15 17:20:04','21230809204187000381550010003848971648684412',2147483647,384897,1,'Jafra - Maranhao','09204187000381',0.00,'123508304',0.00,415.00,18.00,18.00,1.00,434.00,29,0),(538,'2023-08-15 17:20:04','21230809204187000381550010003848981586824477',2147483647,384898,1,'Jafra - Maranhao','09204187000381',0.00,'123508304',0.00,407.00,20.00,20.00,0.00,427.00,29,0),(539,'2023-08-15 17:20:04','21230809204187000381550010003848991761329040',2147483647,384899,1,'Jafra - Maranhao','09204187000381',0.00,'123508304',0.00,318.00,21.00,21.00,42.00,381.00,29,0),(540,'2023-08-15 17:20:04','21230809204187000381550010003849021140393403',2147483647,384902,1,'Jafra - Maranhao','09204187000381',0.00,'123508304',0.00,348.00,18.00,18.00,9.00,376.00,29,0),(541,'2023-08-15 17:20:04','21230809204187000381550010003849031267131875',2147483647,384903,1,'Jafra - Maranhao','09204187000381',0.00,'123508304',0.00,308.00,20.00,20.00,8.00,337.00,29,0),(542,'2023-08-15 17:20:04','21230809204187000381550010003849051092347313',2147483647,384905,1,'Jafra - Maranhao','09204187000381',0.00,'123508304',0.00,329.00,20.00,20.00,0.00,349.00,29,0),(543,'2023-08-15 17:20:04','21230809204187000381550010003849061591315562',2147483647,384906,1,'Jafra - Maranhao','09204187000381',0.00,'123508304',0.00,351.00,18.00,18.00,7.00,376.00,29,0),(544,'2023-08-15 17:20:04','21230809204187000381550010003849071505797149',2147483647,384907,1,'Jafra - Maranhao','09204187000381',0.00,'123508304',0.00,542.00,20.00,20.00,0.00,562.00,29,0),(545,'2023-08-15 17:20:04','21230809204187000381550010003849081586031246',2147483647,384908,1,'Jafra - Maranhao','09204187000381',0.00,'123508304',0.00,350.00,21.00,21.00,27.00,398.00,29,0),(546,'2023-08-15 17:20:04','21230809204187000381550010003849091757801722',2147483647,384909,1,'Jafra - Maranhao','09204187000381',0.00,'123508304',0.00,566.00,20.00,20.00,3.00,590.00,29,0),(547,'2023-08-15 17:20:04','21230809204187000381550010003849101054661804',2147483647,384910,1,'Jafra - Maranhao','09204187000381',0.00,'123508304',0.00,622.00,16.00,16.00,12.00,651.00,29,0),(548,'2023-08-15 17:20:04','21230809204187000381550010003849111431047470',2147483647,384911,1,'Jafra - Maranhao','09204187000381',0.00,'123508304',0.00,312.00,20.00,20.00,25.00,358.00,29,0),(549,'2023-08-15 17:20:04','21230809204187000381550010003849121429137473',2147483647,384912,1,'Jafra - Maranhao','09204187000381',0.00,'123508304',0.00,443.00,20.00,20.00,0.00,463.00,29,0),(550,'2023-08-15 17:20:04','21230809204187000381550010003849131722657458',2147483647,384913,1,'Jafra - Maranhao','09204187000381',0.00,'123508304',0.00,309.00,20.00,20.00,25.00,355.00,29,0),(551,'2023-08-15 17:20:04','21230809204187000381550010003849151851996547',2147483647,384915,1,'Jafra - Maranhao','09204187000381',0.00,'123508304',0.00,347.00,21.00,21.00,0.00,368.00,29,0),(552,'2023-08-15 17:20:04','21230809204187000381550010003849161519175349',2147483647,384916,1,'Jafra - Maranhao','09204187000381',0.00,'123508304',0.00,457.00,21.00,21.00,0.00,478.00,29,0),(553,'2023-08-15 17:20:04','21230809204187000381550010003849171487882140',2147483647,384917,1,'Jafra - Maranhao','09204187000381',0.00,'123508304',0.00,586.00,21.00,21.00,0.00,607.00,29,0),(554,'2023-08-15 17:20:04','21230809204187000381550010003849181388115407',2147483647,384918,1,'Jafra - Maranhao','09204187000381',0.00,'123508304',0.00,379.00,20.00,20.00,10.00,410.00,29,0),(555,'2023-08-15 17:20:04','21230809204187000381550010003849191963354880',2147483647,384919,1,'Jafra - Maranhao','09204187000381',0.00,'123508304',0.00,365.00,20.00,20.00,0.00,385.00,29,0),(556,'2023-08-15 17:20:04','21230809204187000381550010003849221498625631',2147483647,384922,1,'Jafra - Maranhao','09204187000381',0.00,'123508304',0.00,410.00,21.00,21.00,0.00,431.00,29,0),(557,'2023-08-15 17:20:04','21230809204187000381550010003849231103700640',2147483647,384923,1,'Jafra - Maranhao','09204187000381',0.00,'123508304',0.00,385.00,20.00,20.00,0.00,405.00,29,0),(558,'2023-08-15 17:20:04','21230809204187000381550010003849251402673763',2147483647,384925,1,'Jafra - Maranhao','09204187000381',0.00,'123508304',0.00,312.00,21.00,21.00,0.00,333.00,29,0),(559,'2023-08-15 17:20:04','21230809204187000381550010003849261396010440',2147483647,384926,1,'Jafra - Maranhao','09204187000381',0.00,'123508304',0.00,341.00,21.00,21.00,0.00,362.00,29,0),(560,'2023-08-15 17:20:04','21230809204187000381550010003849311483636151',2147483647,384931,1,'Jafra - Maranhao','09204187000381',0.00,'123508304',0.00,502.00,20.00,20.00,5.00,527.00,29,0),(561,'2023-08-15 17:20:04','21230809204187000381550010003849321443621436',2147483647,384932,1,'Jafra - Maranhao','09204187000381',0.00,'123508304',0.00,341.00,20.00,20.00,0.00,361.00,29,0),(562,'2023-08-15 17:20:04','21230809204187000381550010003849341501538642',2147483647,384934,1,'Jafra - Maranhao','09204187000381',0.00,'123508304',0.00,329.00,20.00,20.00,0.00,349.00,29,0),(563,'2023-08-15 17:20:04','21230809204187000381550010003849351074539914',2147483647,384935,1,'Jafra - Maranhao','09204187000381',0.00,'123508304',0.00,529.00,20.00,20.00,3.00,553.00,29,0),(564,'2023-08-15 17:20:04','21230809204187000381550010003849361680935476',2147483647,384936,1,'Jafra - Maranhao','09204187000381',0.00,'123508304',0.00,346.00,21.00,21.00,16.00,384.00,29,0),(565,'2023-08-15 17:20:04','21230809204187000381550010003849371324754986',2147483647,384937,1,'Jafra - Maranhao','09204187000381',0.00,'123508304',0.00,545.00,18.00,18.00,0.00,563.00,29,0),(566,'2023-08-15 17:20:04','21230809204187000381550010003849391151747945',2147483647,384939,1,'Jafra - Maranhao','09204187000381',0.00,'123508304',0.00,349.00,21.00,21.00,1.00,371.00,29,0),(567,'2023-08-15 17:20:04','21230809204187000381550010003849411608883805',2147483647,384941,1,'Jafra - Maranhao','09204187000381',0.00,'123508304',0.00,356.00,20.00,20.00,0.00,376.00,29,0),(568,'2023-08-15 17:20:04','21230809204187000381550010003849421942864446',2147483647,384942,1,'Jafra - Maranhao','09204187000381',0.00,'123508304',0.00,315.00,15.00,15.00,5.00,335.00,29,0),(569,'2023-08-15 17:20:04','21230809204187000381550010003849431617952711',2147483647,384943,1,'Jafra - Maranhao','09204187000381',0.00,'123508304',0.00,457.00,20.00,20.00,0.00,477.00,29,0),(570,'2023-08-15 17:20:04','21230809204187000381550010003849441621613540',2147483647,384944,1,'Jafra - Maranhao','09204187000381',0.00,'123508304',0.00,332.00,20.00,20.00,0.00,352.00,29,0),(571,'2023-08-15 17:20:04','21230809204187000381550010003849451257003858',2147483647,384945,1,'Jafra - Maranhao','09204187000381',0.00,'123508304',0.00,529.00,16.00,16.00,0.00,545.00,29,0),(572,'2023-08-15 17:20:04','21230809204187000381550010003849471496064968',2147483647,384947,1,'Jafra - Maranhao','09204187000381',0.00,'123508304',0.00,611.00,16.00,16.00,54.00,682.00,29,0),(573,'2023-08-18 12:10:31','21230809204187000381550010003848951156860530',2147483647,384895,1,'Jafra - Maranhao','09204187000381',0.00,'123508304',0.00,407.00,20.00,20.00,0.00,427.00,29,0),(574,'2023-08-18 12:10:31','21230809204187000381550010003848961254964117',2147483647,384896,1,'Jafra - Maranhao','09204187000381',0.00,'123508304',0.00,379.00,21.00,21.00,0.00,400.00,29,0),(575,'2023-08-18 12:10:31','21230809204187000381550010003848971648684412',2147483647,384897,1,'Jafra - Maranhao','09204187000381',0.00,'123508304',0.00,415.00,18.00,18.00,1.00,434.00,29,0),(576,'2023-08-18 12:10:31','21230809204187000381550010003848981586824477',2147483647,384898,1,'Jafra - Maranhao','09204187000381',0.00,'123508304',0.00,407.00,20.00,20.00,0.00,427.00,29,0),(577,'2023-08-18 12:10:31','21230809204187000381550010003848991761329040',2147483647,384899,1,'Jafra - Maranhao','09204187000381',0.00,'123508304',0.00,318.00,21.00,21.00,42.00,381.00,29,0),(578,'2023-08-18 12:10:31','21230809204187000381550010003849021140393403',2147483647,384902,1,'Jafra - Maranhao','09204187000381',0.00,'123508304',0.00,348.00,18.00,18.00,9.00,376.00,29,0),(579,'2023-08-18 12:10:31','21230809204187000381550010003849031267131875',2147483647,384903,1,'Jafra - Maranhao','09204187000381',0.00,'123508304',0.00,308.00,20.00,20.00,8.00,337.00,29,0),(580,'2023-08-18 12:10:31','21230809204187000381550010003849051092347313',2147483647,384905,1,'Jafra - Maranhao','09204187000381',0.00,'123508304',0.00,329.00,20.00,20.00,0.00,349.00,29,0),(581,'2023-08-18 12:10:31','21230809204187000381550010003849061591315562',2147483647,384906,1,'Jafra - Maranhao','09204187000381',0.00,'123508304',0.00,351.00,18.00,18.00,7.00,376.00,29,0),(582,'2023-08-18 12:10:31','21230809204187000381550010003849071505797149',2147483647,384907,1,'Jafra - Maranhao','09204187000381',0.00,'123508304',0.00,542.00,20.00,20.00,0.00,562.00,29,0),(583,'2023-08-18 12:10:31','21230809204187000381550010003849091757801722',2147483647,384909,1,'Jafra - Maranhao','09204187000381',0.00,'123508304',0.00,566.00,20.00,20.00,3.00,590.00,29,0),(584,'2023-08-18 12:10:31','21230809204187000381550010003849101054661804',2147483647,384910,1,'Jafra - Maranhao','09204187000381',0.00,'123508304',0.00,622.00,16.00,16.00,12.00,651.00,29,0),(585,'2023-08-18 12:10:31','21230809204187000381550010003849111431047470',2147483647,384911,1,'Jafra - Maranhao','09204187000381',0.00,'123508304',0.00,312.00,20.00,20.00,25.00,358.00,29,0),(586,'2023-08-18 12:10:31','21230809204187000381550010003849121429137473',2147483647,384912,1,'Jafra - Maranhao','09204187000381',0.00,'123508304',0.00,443.00,20.00,20.00,0.00,463.00,29,0),(587,'2023-08-18 12:10:31','21230809204187000381550010003849131722657458',2147483647,384913,1,'Jafra - Maranhao','09204187000381',0.00,'123508304',0.00,309.00,20.00,20.00,25.00,355.00,29,0),(588,'2023-08-18 12:10:31','21230809204187000381550010003849151851996547',2147483647,384915,1,'Jafra - Maranhao','09204187000381',0.00,'123508304',0.00,347.00,21.00,21.00,0.00,368.00,29,0),(589,'2023-08-18 12:10:31','21230809204187000381550010003849161519175349',2147483647,384916,1,'Jafra - Maranhao','09204187000381',0.00,'123508304',0.00,457.00,21.00,21.00,0.00,478.00,29,0),(590,'2023-08-18 12:10:31','21230809204187000381550010003849171487882140',2147483647,384917,1,'Jafra - Maranhao','09204187000381',0.00,'123508304',0.00,586.00,21.00,21.00,0.00,607.00,29,0),(591,'2023-08-18 12:10:31','21230809204187000381550010003849181388115407',2147483647,384918,1,'Jafra - Maranhao','09204187000381',0.00,'123508304',0.00,379.00,20.00,20.00,10.00,410.00,29,0),(592,'2023-08-18 12:10:31','21230809204187000381550010003849191963354880',2147483647,384919,1,'Jafra - Maranhao','09204187000381',0.00,'123508304',0.00,365.00,20.00,20.00,0.00,385.00,29,0),(593,'2023-08-18 12:10:31','21230809204187000381550010003849221498625631',2147483647,384922,1,'Jafra - Maranhao','09204187000381',0.00,'123508304',0.00,410.00,21.00,21.00,0.00,431.00,29,0),(594,'2023-08-18 12:10:31','21230809204187000381550010003849231103700640',2147483647,384923,1,'Jafra - Maranhao','09204187000381',0.00,'123508304',0.00,385.00,20.00,20.00,0.00,405.00,29,0),(595,'2023-08-18 12:10:31','21230809204187000381550010003849251402673763',2147483647,384925,1,'Jafra - Maranhao','09204187000381',0.00,'123508304',0.00,312.00,21.00,21.00,0.00,333.00,29,0),(596,'2023-08-18 12:10:31','21230809204187000381550010003849261396010440',2147483647,384926,1,'Jafra - Maranhao','09204187000381',0.00,'123508304',0.00,341.00,21.00,21.00,0.00,362.00,29,0),(597,'2023-08-18 12:10:31','21230809204187000381550010003849311483636151',2147483647,384931,1,'Jafra - Maranhao','09204187000381',0.00,'123508304',0.00,502.00,20.00,20.00,5.00,527.00,29,0),(598,'2023-08-18 12:10:31','21230809204187000381550010003849321443621436',2147483647,384932,1,'Jafra - Maranhao','09204187000381',0.00,'123508304',0.00,341.00,20.00,20.00,0.00,361.00,29,0),(599,'2023-08-18 12:10:31','21230809204187000381550010003849341501538642',2147483647,384934,1,'Jafra - Maranhao','09204187000381',0.00,'123508304',0.00,329.00,20.00,20.00,0.00,349.00,29,0),(600,'2023-08-18 12:10:31','21230809204187000381550010003849351074539914',2147483647,384935,1,'Jafra - Maranhao','09204187000381',0.00,'123508304',0.00,529.00,20.00,20.00,3.00,553.00,29,0),(601,'2023-08-18 12:10:31','21230809204187000381550010003849361680935476',2147483647,384936,1,'Jafra - Maranhao','09204187000381',0.00,'123508304',0.00,346.00,21.00,21.00,16.00,384.00,29,0),(602,'2023-08-18 12:10:31','21230809204187000381550010003849371324754986',2147483647,384937,1,'Jafra - Maranhao','09204187000381',0.00,'123508304',0.00,545.00,18.00,18.00,0.00,563.00,29,0),(603,'2023-08-18 12:10:31','21230809204187000381550010003849391151747945',2147483647,384939,1,'Jafra - Maranhao','09204187000381',0.00,'123508304',0.00,349.00,21.00,21.00,1.00,371.00,29,0),(604,'2023-08-18 12:10:31','21230809204187000381550010003849411608883805',2147483647,384941,1,'Jafra - Maranhao','09204187000381',0.00,'123508304',0.00,356.00,20.00,20.00,0.00,376.00,29,0),(605,'2023-08-18 12:10:31','21230809204187000381550010003849421942864446',2147483647,384942,1,'Jafra - Maranhao','09204187000381',0.00,'123508304',0.00,315.00,15.00,15.00,5.00,335.00,29,0),(606,'2023-08-18 12:10:31','21230809204187000381550010003849431617952711',2147483647,384943,1,'Jafra - Maranhao','09204187000381',0.00,'123508304',0.00,457.00,20.00,20.00,0.00,477.00,29,0),(607,'2023-08-18 12:10:31','21230809204187000381550010003849441621613540',2147483647,384944,1,'Jafra - Maranhao','09204187000381',0.00,'123508304',0.00,332.00,20.00,20.00,0.00,352.00,29,0),(608,'2023-08-18 12:10:31','21230809204187000381550010003849451257003858',2147483647,384945,1,'Jafra - Maranhao','09204187000381',0.00,'123508304',0.00,529.00,16.00,16.00,0.00,545.00,29,0),(609,'2023-08-18 12:10:31','21230809204187000381550010003849471496064968',2147483647,384947,1,'Jafra - Maranhao','09204187000381',0.00,'123508304',0.00,611.00,16.00,16.00,54.00,682.00,29,0),(610,'2023-08-18 12:17:05','21230809204187000381550010003849481668150040',2147483647,384948,1,'Jafra - Maranhao','09204187000381',0.00,'123508304',0.00,410.00,20.00,20.00,0.00,430.00,29,0),(611,'2023-08-18 12:17:05','21230809204187000381550010003849491361481395',2147483647,384949,1,'Jafra - Maranhao','09204187000381',0.00,'123508304',0.00,304.00,20.00,20.00,0.00,324.00,29,0),(612,'2023-08-18 12:17:05','21230809204187000381550010003849501272963468',2147483647,384950,1,'Jafra - Maranhao','09204187000381',0.00,'123508304',0.00,736.00,18.00,18.00,6.00,761.00,29,0),(613,'2023-08-18 12:17:05','21230809204187000381550010003849511611364658',2147483647,384951,1,'Jafra - Maranhao','09204187000381',0.00,'123508304',0.00,458.00,20.00,20.00,0.00,478.00,29,0),(614,'2023-08-18 12:17:05','21230809204187000381550010003849521609076419',2147483647,384952,1,'Jafra - Maranhao','09204187000381',0.00,'123508304',0.00,468.00,16.00,16.00,1.00,485.00,29,0),(615,'2023-08-18 12:17:05','21230809204187000381550010003849531432946177',2147483647,384953,1,'Jafra - Maranhao','09204187000381',0.00,'123508304',0.00,368.00,20.00,20.00,0.00,388.00,29,0),(616,'2023-08-18 12:17:05','21230809204187000381550010003849541089691577',2147483647,384954,1,'Jafra - Maranhao','09204187000381',0.00,'123508304',0.00,426.00,20.00,20.00,11.00,457.00,29,0),(617,'2023-08-18 12:17:05','21230809204187000381550010003849561001489461',2147483647,384956,1,'Jafra - Maranhao','09204187000381',0.00,'123508304',0.00,496.00,20.00,20.00,0.00,516.00,29,0),(618,'2023-08-18 12:17:05','21230809204187000381550010003849571621124556',2147483647,384957,1,'Jafra - Maranhao','09204187000381',0.00,'123508304',0.00,356.00,20.00,20.00,0.00,376.00,29,0),(619,'2023-08-18 12:17:05','21230809204187000381550010003849581312714810',2147483647,384958,1,'Jafra - Maranhao','09204187000381',0.00,'123508304',0.00,370.00,20.00,20.00,1.00,391.00,29,0),(620,'2023-08-18 12:17:05','21230809204187000381550010003849601763093702',2147483647,384960,1,'Jafra - Maranhao','09204187000381',0.00,'123508304',0.00,319.00,21.00,21.00,1.00,341.00,29,0),(621,'2023-08-18 12:17:05','21230809204187000381550010003849621581853641',2147483647,384962,1,'Jafra - Maranhao','09204187000381',0.00,'123508304',0.00,305.00,21.00,21.00,5.00,331.00,29,0),(622,'2023-08-18 12:17:05','21230809204187000381550010003849631077766428',2147483647,384963,1,'Jafra - Maranhao','09204187000381',0.00,'123508304',0.00,309.00,21.00,21.00,0.00,330.00,29,0),(623,'2023-08-18 12:17:05','21230809204187000381550010003849641877999807',2147483647,384964,1,'Jafra - Maranhao','09204187000381',0.00,'123508304',0.00,341.00,20.00,20.00,0.00,361.00,29,0),(624,'2023-08-18 12:17:05','21230809204187000381550010003849651267132459',2147483647,384965,1,'Jafra - Maranhao','09204187000381',0.00,'123508304',0.00,338.00,20.00,20.00,0.00,358.00,29,0),(625,'2023-08-18 12:17:05','21230809204187000381550010003849681955277273',2147483647,384968,1,'Jafra - Maranhao','09204187000381',0.00,'123508304',0.00,572.00,21.00,21.00,0.00,593.00,29,0),(626,'2023-08-18 12:17:05','21230809204187000381550010003849691961692640',2147483647,384969,1,'Jafra - Maranhao','09204187000381',0.00,'123508304',0.00,667.00,18.00,18.00,0.00,685.00,29,0),(627,'2023-08-18 12:17:05','21230809204187000381550010003849721116421430',2147483647,384972,1,'Jafra - Maranhao','09204187000381',0.00,'123508304',0.00,819.00,16.00,16.00,30.00,865.00,29,0),(628,'2023-08-18 12:17:05','21230809204187000381550010003849731049247043',2147483647,384973,1,'Jafra - Maranhao','09204187000381',0.00,'123508304',0.00,310.00,18.00,18.00,17.00,345.00,29,0),(629,'2023-08-18 12:17:05','21230809204187000381550010003849741850975130',2147483647,384974,1,'Jafra - Maranhao','09204187000381',0.00,'123508304',0.00,305.00,18.00,18.00,39.00,363.00,29,0),(630,'2023-08-18 12:17:05','21230809204187000381550010003849761239621240',2147483647,384976,1,'Jafra - Maranhao','09204187000381',0.00,'123508304',0.00,665.00,20.00,20.00,0.00,685.00,29,0),(631,'2023-08-18 12:17:05','21230809204187000381550010003849791583973161',2147483647,384979,1,'Jafra - Maranhao','09204187000381',0.00,'123508304',0.00,15.00,0.00,0.00,0.00,15.00,29,0),(632,'2023-08-18 12:17:05','21230809204187000381550010003849801759537270',2147483647,384980,1,'Jafra - Maranhao','09204187000381',0.00,'123508304',0.00,318.00,20.00,20.00,5.00,344.00,29,0),(633,'2023-08-18 12:17:05','21230809204187000381550010003849861432340415',2147483647,384986,1,'Jafra - Maranhao','09204187000381',0.00,'123508304',0.00,543.00,20.00,20.00,0.00,563.00,29,0),(634,'2023-08-18 12:17:05','21230809204187000381550010003849881407574747',2147483647,384988,1,'Jafra - Maranhao','09204187000381',0.00,'123508304',0.00,315.00,20.00,20.00,6.00,342.00,29,0),(635,'2023-08-18 12:17:05','21230809204187000381550010003849891868715647',2147483647,384989,1,'Jafra - Maranhao','09204187000381',0.00,'123508304',0.00,377.00,18.00,18.00,0.00,395.00,29,0),(636,'2023-08-18 14:30:41','21230809204187000381550010003849481668150040',2147483647,384948,1,'Jafra - Maranhao','09204187000381',0.00,'123508304',0.00,410.00,20.00,20.00,0.00,430.00,29,0),(637,'2023-08-18 14:30:41','21230809204187000381550010003849491361481395',2147483647,384949,1,'Jafra - Maranhao','09204187000381',0.00,'123508304',0.00,304.00,20.00,20.00,0.00,324.00,29,0),(638,'2023-08-18 14:30:41','21230809204187000381550010003849501272963468',2147483647,384950,1,'Jafra - Maranhao','09204187000381',0.00,'123508304',0.00,736.00,18.00,18.00,6.00,761.00,29,0),(639,'2023-08-18 14:30:41','21230809204187000381550010003849511611364658',2147483647,384951,1,'Jafra - Maranhao','09204187000381',0.00,'123508304',0.00,458.00,20.00,20.00,0.00,478.00,29,0),(640,'2023-08-18 14:30:41','21230809204187000381550010003849521609076419',2147483647,384952,1,'Jafra - Maranhao','09204187000381',0.00,'123508304',0.00,468.00,16.00,16.00,1.00,485.00,29,0),(641,'2023-08-18 14:30:41','21230809204187000381550010003849531432946177',2147483647,384953,1,'Jafra - Maranhao','09204187000381',0.00,'123508304',0.00,368.00,20.00,20.00,0.00,388.00,29,0),(642,'2023-08-18 14:30:41','21230809204187000381550010003849541089691577',2147483647,384954,1,'Jafra - Maranhao','09204187000381',0.00,'123508304',0.00,426.00,20.00,20.00,11.00,457.00,29,0),(643,'2023-08-18 14:30:41','21230809204187000381550010003849561001489461',2147483647,384956,1,'Jafra - Maranhao','09204187000381',0.00,'123508304',0.00,496.00,20.00,20.00,0.00,516.00,29,0),(644,'2023-08-18 14:30:41','21230809204187000381550010003849571621124556',2147483647,384957,1,'Jafra - Maranhao','09204187000381',0.00,'123508304',0.00,356.00,20.00,20.00,0.00,376.00,29,0),(645,'2023-08-18 14:30:41','21230809204187000381550010003849581312714810',2147483647,384958,1,'Jafra - Maranhao','09204187000381',0.00,'123508304',0.00,370.00,20.00,20.00,1.00,391.00,29,0),(646,'2023-08-18 14:30:41','21230809204187000381550010003849601763093702',2147483647,384960,1,'Jafra - Maranhao','09204187000381',0.00,'123508304',0.00,319.00,21.00,21.00,1.00,341.00,29,0),(647,'2023-08-18 14:30:41','21230809204187000381550010003849621581853641',2147483647,384962,1,'Jafra - Maranhao','09204187000381',0.00,'123508304',0.00,305.00,21.00,21.00,5.00,331.00,29,0),(648,'2023-08-18 14:30:41','21230809204187000381550010003849631077766428',2147483647,384963,1,'Jafra - Maranhao','09204187000381',0.00,'123508304',0.00,309.00,21.00,21.00,0.00,330.00,29,0),(649,'2023-08-18 14:30:41','21230809204187000381550010003849641877999807',2147483647,384964,1,'Jafra - Maranhao','09204187000381',0.00,'123508304',0.00,341.00,20.00,20.00,0.00,361.00,29,0),(650,'2023-08-18 14:30:41','21230809204187000381550010003849651267132459',2147483647,384965,1,'Jafra - Maranhao','09204187000381',0.00,'123508304',0.00,338.00,20.00,20.00,0.00,358.00,29,0),(651,'2023-08-18 14:30:41','21230809204187000381550010003849681955277273',2147483647,384968,1,'Jafra - Maranhao','09204187000381',0.00,'123508304',0.00,572.00,21.00,21.00,0.00,593.00,29,0),(652,'2023-08-18 14:30:41','21230809204187000381550010003849691961692640',2147483647,384969,1,'Jafra - Maranhao','09204187000381',0.00,'123508304',0.00,667.00,18.00,18.00,0.00,685.00,29,0),(653,'2023-08-18 14:30:41','21230809204187000381550010003849721116421430',2147483647,384972,1,'Jafra - Maranhao','09204187000381',0.00,'123508304',0.00,819.00,16.00,16.00,30.00,865.00,29,0),(654,'2023-08-18 14:30:41','21230809204187000381550010003849731049247043',2147483647,384973,1,'Jafra - Maranhao','09204187000381',0.00,'123508304',0.00,310.00,18.00,18.00,17.00,345.00,29,0),(655,'2023-08-18 14:30:41','21230809204187000381550010003849741850975130',2147483647,384974,1,'Jafra - Maranhao','09204187000381',0.00,'123508304',0.00,305.00,18.00,18.00,39.00,363.00,29,0),(656,'2023-08-18 14:30:41','21230809204187000381550010003849761239621240',2147483647,384976,1,'Jafra - Maranhao','09204187000381',0.00,'123508304',0.00,665.00,20.00,20.00,0.00,685.00,29,0),(657,'2023-08-18 14:30:41','21230809204187000381550010003849791583973161',2147483647,384979,1,'Jafra - Maranhao','09204187000381',0.00,'123508304',0.00,15.00,0.00,0.00,0.00,15.00,29,0),(658,'2023-08-18 14:30:41','21230809204187000381550010003849801759537270',2147483647,384980,1,'Jafra - Maranhao','09204187000381',0.00,'123508304',0.00,318.00,20.00,20.00,5.00,344.00,29,0),(659,'2023-08-18 14:30:41','21230809204187000381550010003849861432340415',2147483647,384986,1,'Jafra - Maranhao','09204187000381',0.00,'123508304',0.00,543.00,20.00,20.00,0.00,563.00,29,0),(660,'2023-08-18 14:30:41','21230809204187000381550010003849881407574747',2147483647,384988,1,'Jafra - Maranhao','09204187000381',0.00,'123508304',0.00,315.00,20.00,20.00,6.00,342.00,29,0),(661,'2023-08-18 14:30:41','21230809204187000381550010003849891868715647',2147483647,384989,1,'Jafra - Maranhao','09204187000381',0.00,'123508304',0.00,377.00,18.00,18.00,0.00,395.00,29,0),(662,'2023-08-18 17:46:33','21230809204187000381550010003849901532528745',2147483647,384990,1,'Jafra - Maranhao','09204187000381',0.00,'123508304',0.00,332.00,21.00,21.00,0.00,353.00,29,0),(663,'2023-08-18 17:46:33','21230809204187000381550010003849911406194423',2147483647,384991,1,'Jafra - Maranhao','09204187000381',0.00,'123508304',0.00,492.00,18.00,18.00,0.00,510.00,29,0),(664,'2023-08-18 17:46:33','21230809204187000381550010003849921844316900',2147483647,384992,1,'Jafra - Maranhao','09204187000381',0.00,'123508304',0.00,344.00,20.00,20.00,0.00,364.00,29,0),(666,'2023-08-18 17:46:33','21230809204187000381550010003849991189390473',2147483647,384999,1,'Jafra - Maranhao','09204187000381',0.00,'123508304',0.00,313.00,20.00,20.00,0.00,333.00,29,0),(667,'2023-08-18 17:46:33','21230809204187000381550010003850001509434843',2147483647,385000,1,'Jafra - Maranhao','09204187000381',0.00,'123508304',0.00,398.00,20.00,20.00,37.00,456.00,29,0),(668,'2023-08-18 17:46:33','21230809204187000381550010003850031455350142',2147483647,385003,1,'Jafra - Maranhao','09204187000381',0.00,'123508304',0.00,377.00,20.00,20.00,0.00,397.00,29,0),(669,'2023-08-18 17:46:33','21230809204187000381550010003850061636236483',2147483647,385006,1,'Jafra - Maranhao','09204187000381',0.00,'123508304',0.00,349.00,20.00,20.00,0.00,369.00,29,0),(670,'2023-08-18 17:46:33','21230809204187000381550010003850071209749424',2147483647,385007,1,'Jafra - Maranhao','09204187000381',0.00,'123508304',0.00,311.00,18.00,18.00,18.00,347.00,29,0),(671,'2023-08-18 17:46:33','21230809204187000381550010003850081390947286',2147483647,385008,1,'Jafra - Maranhao','09204187000381',0.00,'123508304',0.00,306.00,21.00,21.00,6.00,334.00,29,0),(672,'2023-08-18 17:46:33','21230809204187000381550010003850091519885193',2147483647,385009,1,'Jafra - Maranhao','09204187000381',0.00,'123508304',0.00,530.00,18.00,18.00,0.00,548.00,29,0),(673,'2023-08-18 17:46:33','21230809204187000381550010003850101311040140',2147483647,385010,1,'Jafra - Maranhao','09204187000381',0.00,'123508304',0.00,367.00,20.00,20.00,0.00,387.00,29,0),(674,'2023-08-18 17:46:33','21230809204187000381550010003850111924994898',2147483647,385011,1,'Jafra - Maranhao','09204187000381',0.00,'123508304',0.00,313.00,20.00,20.00,0.00,333.00,29,0),(675,'2023-08-18 17:46:33','21230809204187000381550010003850121831189577',2147483647,385012,1,'Jafra - Maranhao','09204187000381',0.00,'123508304',0.00,421.00,18.00,18.00,0.00,439.00,29,0),(676,'2023-08-18 17:46:33','21230809204187000381550010003850131720091142',2147483647,385013,1,'Jafra - Maranhao','09204187000381',0.00,'123508304',0.00,592.00,11.00,11.00,16.00,619.00,29,0),(677,'2023-08-18 17:46:33','21230809204187000381550010003850141389575114',2147483647,385014,1,'Jafra - Maranhao','09204187000381',0.00,'123508304',0.00,319.00,20.00,20.00,0.00,339.00,29,0),(679,'2023-08-18 17:46:33','21230809204187000381550010003850181150612448',2147483647,385018,1,'Jafra - Maranhao','09204187000381',0.00,'123508304',0.00,355.00,20.00,20.00,0.00,375.00,29,0),(680,'2023-08-18 17:46:33','21230809204187000381550010003850201747857043',2147483647,385020,1,'Jafra - Maranhao','09204187000381',0.00,'123508304',0.00,401.00,18.00,18.00,12.00,431.00,29,0),(682,'2023-08-18 17:46:33','21230809204187000381550010003850221060769634',2147483647,385022,1,'Jafra - Maranhao','09204187000381',0.00,'123508304',0.00,355.00,20.00,20.00,0.00,375.00,29,0),(683,'2023-08-18 20:28:03','21230809204187000381550010003850191412981094',2147483647,385019,1,'Jafra - Maranhao','09204187000381',0.00,'123508304',0.00,340.00,16.00,16.00,27.00,383.00,29,0),(684,'2023-08-18 20:28:03','21230809204187000381550010003850231424591442',2147483647,385023,1,'Jafra - Maranhao','09204187000381',0.00,'123508304',0.00,306.00,16.00,16.00,0.00,322.00,29,0),(685,'2023-08-18 20:28:03','21230809204187000381550010003850241433756138',2147483647,385024,1,'Jafra - Maranhao','09204187000381',0.00,'123508304',0.00,520.00,18.00,18.00,0.00,538.00,29,0),(687,'2023-08-18 20:28:03','21230809204187000381550010003850261052959852',2147483647,385026,1,'Jafra - Maranhao','09204187000381',0.00,'123508304',0.00,302.00,20.00,20.00,3.00,326.00,29,0),(688,'2023-08-18 20:28:03','21230809204187000381550010003850271001436051',2147483647,385027,1,'Jafra - Maranhao','09204187000381',0.00,'123508304',0.00,349.00,20.00,20.00,0.00,369.00,29,0),(690,'2023-08-18 20:28:03','21230809204187000381550010003850301609627049',2147483647,385030,1,'Jafra - Maranhao','09204187000381',0.00,'123508304',0.00,319.00,21.00,21.00,9.00,350.00,29,0),(693,'2023-08-18 20:28:03','21230809204187000381550010003850361678574459',2147483647,385036,1,'Jafra - Maranhao','09204187000381',0.00,'123508304',0.00,432.00,18.00,18.00,0.00,450.00,29,0),(694,'2023-08-18 20:28:03','21230809204187000381550010003850371959098348',2147483647,385037,1,'Jafra - Maranhao','09204187000381',0.00,'123508304',0.00,313.00,20.00,20.00,0.00,333.00,29,0),(696,'2023-08-18 20:28:03','21230809204187000381550010003850391665823430',2147483647,385039,1,'Jafra - Maranhao','09204187000381',0.00,'123508304',0.00,365.00,21.00,21.00,0.00,386.00,29,0),(697,'2023-08-18 20:28:03','21230809204187000381550010003850401305253340',2147483647,385040,1,'Jafra - Maranhao','09204187000381',0.00,'123508304',0.00,313.00,20.00,20.00,0.00,333.00,29,0),(698,'2023-08-18 20:28:03','21230809204187000381550010003850411421097895',2147483647,385041,1,'Jafra - Maranhao','09204187000381',0.00,'123508304',0.00,342.00,16.00,16.00,6.00,364.00,29,0),(701,'2023-08-21 19:36:42','21230809204187000381550010003848371503840164',2147483647,384837,1,'Jafra - Maranhao','09204187000381',0.00,'123508304',0.00,326.00,20.00,20.00,1.00,347.00,29,0),(702,'2023-08-21 19:36:42','21230809204187000381550010003848411815798654',2147483647,384841,1,'Jafra - Maranhao','09204187000381',0.00,'123508304',0.00,331.00,20.00,20.00,1.00,352.00,29,0),(703,'2023-08-21 19:36:42','21230809204187000381550010003848421752168869',2147483647,384842,1,'Jafra - Maranhao','09204187000381',0.00,'123508304',0.00,543.00,18.00,18.00,0.00,561.00,29,0),(704,'2023-08-21 19:36:42','21230809204187000381550010003848431003757460',2147483647,384843,1,'Jafra - Maranhao','09204187000381',0.00,'123508304',0.00,320.00,20.00,20.00,0.00,340.00,29,0),(705,'2023-08-21 19:36:42','21230809204187000381550010003848451263911447',2147483647,384845,1,'Jafra - Maranhao','09204187000381',0.00,'123508304',0.00,715.00,11.00,11.00,29.00,756.00,29,0),(706,'2023-08-21 19:36:42','21230809204187000381550010003848471939440437',2147483647,384847,1,'Jafra - Maranhao','09204187000381',0.00,'123508304',0.00,314.00,21.00,21.00,28.00,363.00,29,0),(707,'2023-08-21 19:36:42','21230809204187000381550010003848481129392343',2147483647,384848,1,'Jafra - Maranhao','09204187000381',0.00,'123508304',0.00,29.00,0.00,0.00,0.00,29.00,29,0),(708,'2023-08-21 19:36:42','21230809204187000381550010003848491644179988',2147483647,384849,1,'Jafra - Maranhao','09204187000381',0.00,'123508304',0.00,371.00,16.00,16.00,32.00,419.00,29,0),(709,'2023-08-21 19:36:42','21230809204187000381550010003848511464046414',2147483647,384851,1,'Jafra - Maranhao','09204187000381',0.00,'123508304',0.00,327.00,18.00,18.00,25.00,370.00,29,0),(710,'2023-08-21 19:36:42','21230809204187000381550010003848521199331834',2147483647,384852,1,'Jafra - Maranhao','09204187000381',0.00,'123508304',0.00,584.00,21.00,21.00,41.00,647.00,29,0),(711,'2023-08-21 19:36:42','21230809204187000381550010003848541889147639',2147483647,384854,1,'Jafra - Maranhao','09204187000381',0.00,'123508304',0.00,318.00,20.00,20.00,6.00,344.00,29,0),(712,'2023-08-21 19:36:42','21230809204187000381550010003848561382054908',2147483647,384856,1,'Jafra - Maranhao','09204187000381',0.00,'123508304',0.00,445.00,20.00,20.00,16.00,482.00,29,0),(713,'2023-08-21 19:36:42','21230809204187000381550010003848571701746248',2147483647,384857,1,'Jafra - Maranhao','09204187000381',0.00,'123508304',0.00,356.00,20.00,20.00,0.00,376.00,29,0),(714,'2023-08-21 19:36:42','21230809204187000381550010003848591174104541',2147483647,384859,1,'Jafra - Maranhao','09204187000381',0.00,'123508304',0.00,313.00,21.00,21.00,1.00,336.00,29,0),(715,'2023-08-21 19:36:42','21230809204187000381550010003848601887650292',2147483647,384860,1,'Jafra - Maranhao','09204187000381',0.00,'123508304',0.00,371.00,20.00,20.00,7.00,398.00,29,0),(716,'2023-08-21 19:36:42','21230809204187000381550010003848611468046644',2147483647,384861,1,'Jafra - Maranhao','09204187000381',0.00,'123508304',0.00,791.00,16.00,16.00,0.00,807.00,29,0),(717,'2023-08-21 20:57:13','21230809204187000381550010003850331518789404',2147483647,385033,1,'Jafra - Maranhao','09204187000381',0.00,'123508304',0.00,317.00,20.00,20.00,6.00,343.00,29,0),(718,'2023-08-21 20:57:13','21230809204187000381550010003850471017884361',2147483647,385047,1,'Jafra - Maranhao','09204187000381',0.00,'123508304',0.00,355.00,20.00,20.00,0.00,375.00,29,0),(719,'2023-08-21 20:57:13','21230809204187000381550010003850501150355051',2147483647,385050,1,'Jafra - Maranhao','09204187000381',0.00,'123508304',0.00,418.00,20.00,20.00,0.00,438.00,29,0),(720,'2023-08-21 20:57:13','21230809204187000381550010003850521628619843',2147483647,385052,1,'Jafra - Maranhao','09204187000381',0.00,'123508304',0.00,738.00,20.00,20.00,0.00,758.00,29,0),(721,'2023-08-21 20:57:13','21230809204187000381550010003850541381854940',2147483647,385054,1,'Jafra - Maranhao','09204187000381',0.00,'123508304',0.00,1.08,0.00,0.00,5.00,1.08,29,0),(722,'2023-08-21 20:57:13','21230809204187000381550010003850551272352240',2147483647,385055,1,'Jafra - Maranhao','09204187000381',0.00,'123508304',0.00,316.00,20.00,20.00,1.00,337.00,29,0),(723,'2023-08-21 20:57:13','21230809204187000381550010003850561640269686',2147483647,385056,1,'Jafra - Maranhao','09204187000381',0.00,'123508304',0.00,365.00,21.00,21.00,0.00,386.00,29,0),(724,'2023-08-21 20:57:13','21230809204187000381550010003850571447018747',2147483647,385057,1,'Jafra - Maranhao','09204187000381',0.00,'123508304',0.00,331.00,20.00,20.00,0.00,351.00,29,0),(725,'2023-08-21 20:57:13','21230809204187000381550010003850581447945882',2147483647,385058,1,'Jafra - Maranhao','09204187000381',0.00,'123508304',0.00,471.00,21.00,21.00,0.00,492.00,29,0),(726,'2023-08-21 20:57:13','21230809204187000381550010003850591473595408',2147483647,385059,1,'Jafra - Maranhao','09204187000381',0.00,'123508304',0.00,312.00,20.00,20.00,0.00,332.00,29,0),(727,'2023-08-21 20:57:13','21230809204187000381550010003850611452105841',2147483647,385061,1,'Jafra - Maranhao','09204187000381',0.00,'123508304',0.00,322.00,20.00,20.00,16.00,358.00,29,0),(728,'2023-08-21 20:57:13','21230809204187000381550010003850631615089607',2147483647,385063,1,'Jafra - Maranhao','09204187000381',0.00,'123508304',0.00,343.00,21.00,21.00,0.00,364.00,29,0),(729,'2023-08-21 20:57:13','21230809204187000381550010003850641061848180',2147483647,385064,1,'Jafra - Maranhao','09204187000381',0.00,'123508304',0.00,508.00,16.00,16.00,14.00,538.00,29,0),(730,'2023-08-21 20:57:13','21230809204187000381550010003850651199891340',2147483647,385065,1,'Jafra - Maranhao','09204187000381',0.00,'123508304',0.00,368.00,20.00,20.00,0.00,388.00,29,0),(731,'2023-08-21 20:57:13','21230809204187000381550010003850661744044580',2147483647,385066,1,'Jafra - Maranhao','09204187000381',0.00,'123508304',0.00,371.00,21.00,21.00,0.00,392.00,29,0),(732,'2023-08-21 20:57:13','21230809204187000381550010003850681788157031',2147483647,385068,1,'Jafra - Maranhao','09204187000381',0.00,'123508304',0.00,569.00,18.00,18.00,29.00,617.00,29,0),(733,'2023-08-21 20:57:13','21230809204187000381550010003850691887795149',2147483647,385069,1,'Jafra - Maranhao','09204187000381',0.00,'123508304',0.00,331.00,20.00,20.00,0.00,351.00,29,0),(734,'2023-08-21 20:57:13','21230809204187000381550010003850701507021651',2147483647,385070,1,'Jafra - Maranhao','09204187000381',0.00,'123508304',0.00,631.00,21.00,21.00,0.00,652.00,29,0),(735,'2023-08-21 20:57:13','21230809204187000381550010003850711899366335',2147483647,385071,1,'Jafra - Maranhao','09204187000381',0.00,'123508304',0.00,363.00,20.00,20.00,0.00,383.00,29,0),(736,'2023-08-21 20:57:13','21230809204187000381550010003850721663227541',2147483647,385072,1,'Jafra - Maranhao','09204187000381',0.00,'123508304',0.00,317.00,20.00,20.00,0.00,337.00,29,0),(737,'2023-08-21 20:57:13','21230809204187000381550010003850731767761347',2147483647,385073,1,'Jafra - Maranhao','09204187000381',0.00,'123508304',0.00,342.00,18.00,18.00,0.00,360.00,29,0),(738,'2023-08-21 20:57:13','21230809204187000381550010003850741304554140',2147483647,385074,1,'Jafra - Maranhao','09204187000381',0.00,'123508304',0.00,852.00,21.00,21.00,0.00,873.00,29,0),(739,'2023-08-21 20:57:13','21230809204187000381550010003850751391528360',2147483647,385075,1,'Jafra - Maranhao','09204187000381',0.00,'123508304',0.00,334.00,20.00,20.00,0.00,354.00,29,0),(740,'2023-08-21 20:57:13','21230809204187000381550010003850761628206419',2147483647,385076,1,'Jafra - Maranhao','09204187000381',0.00,'123508304',0.00,550.00,18.00,18.00,104.00,672.00,29,0);
/*!40000 ALTER TABLE `notafiscal` ENABLE KEYS */;
UNLOCK TABLES;

--
-- Table structure for table `ocorrencias`
--

DROP TABLE IF EXISTS `ocorrencias`;
/*!40101 SET @saved_cs_client     = @@character_set_client */;
/*!40101 SET character_set_client = utf8 */;
CREATE TABLE `ocorrencias` (
  `id` int(11) NOT NULL AUTO_INCREMENT,
  `nome` varchar(100) DEFAULT NULL,
  PRIMARY KEY (`id`)
) ENGINE=InnoDB AUTO_INCREMENT=30 DEFAULT CHARSET=utf8mb4;
/*!40101 SET character_set_client = @saved_cs_client */;

--
-- Dumping data for table `ocorrencias`
--

LOCK TABLES `ocorrencias` WRITE;
/*!40000 ALTER TABLE `ocorrencias` DISABLE KEYS */;
INSERT INTO `ocorrencias` VALUES (1,'ENDEREÇO NÃO ENCONTRADO'),(2,'DIFICIL ACESSO'),(3,'MOTO APREENDIDA'),(6,'AUSENTE'),(7,'DESTINATÁRIO DESCONHECIDO'),(8,'RECUSADO PELO DESTINATÁRIO'),(9,'ENDEREÇO INSUFICIENTE'),(10,'RETENÇÃO SOLICITADA PELO REMETENTE'),(11,'CEP NÃO ATENDIDO PELA BASE'),(12,'DESTINATÁRIO AUSENTE'),(13,'ERRO- CORREÇÃO SISTEMA'),(14,'CLIENTE MUDOU-SE'),(15,'AVARIA'),(16,'FALTA DE PEDIDO'),(17,'EXTRAVIO - SINISTRO'),(18,'NENHUMA'),(19,'MUDOU-SE'),(20,'DESCONHECIDO'),(21,'Nº INEXISTENTE'),(22,'NÃO LOCALIZADO'),(23,'OUTROS'),(24,'RECUSADO'),(25,'ENDEREÇO INSUFICIENTE'),(26,'FALECIDO'),(27,'fora de rota'),(28,'area de risco'),(29,'NENHUMA');
/*!40000 ALTER TABLE `ocorrencias` ENABLE KEYS */;
UNLOCK TABLES;

--
-- Table structure for table `parcelas`
--

DROP TABLE IF EXISTS `parcelas`;
/*!40101 SET @saved_cs_client     = @@character_set_client */;
/*!40101 SET character_set_client = utf8 */;
CREATE TABLE `parcelas` (
  `id` int(11) NOT NULL AUTO_INCREMENT,
  `titulo` varchar(45) DEFAULT NULL,
  `parcela` varchar(45) DEFAULT NULL,
  `vencimento` date DEFAULT NULL,
  `notafiscal_id` int(11) NOT NULL,
  PRIMARY KEY (`id`)
) ENGINE=InnoDB AUTO_INCREMENT=18 DEFAULT CHARSET=utf8mb4;
/*!40101 SET character_set_client = @saved_cs_client */;

--
-- Dumping data for table `parcelas`
--

LOCK TABLES `parcelas` WRITE;
/*!40000 ALTER TABLE `parcelas` DISABLE KEYS */;
/*!40000 ALTER TABLE `parcelas` ENABLE KEYS */;
UNLOCK TABLES;

--
-- Table structure for table `producao`
--

DROP TABLE IF EXISTS `producao`;
/*!40101 SET @saved_cs_client     = @@character_set_client */;
/*!40101 SET character_set_client = utf8 */;
CREATE TABLE `producao` (
  `id` int(11) NOT NULL AUTO_INCREMENT,
  `data` timestamp NULL DEFAULT current_timestamp(),
  `data_inicio` date DEFAULT NULL,
  `data_fim` date DEFAULT NULL,
  `qtd` int(11) DEFAULT NULL,
  `status` int(11) DEFAULT NULL,
  `entregadores_id` int(11) NOT NULL,
  `receber_id` int(11) NOT NULL,
  `regioes_id` int(11) NOT NULL,
  `usuarios_id` int(11) NOT NULL,
  `rotas_id` int(11) NOT NULL,
  `setores_id` int(11) NOT NULL,
  `servicos_id` int(11) NOT NULL,
  PRIMARY KEY (`id`),
  KEY `fk_producao_entregadores1_idx` (`entregadores_id`),
  KEY `fk_producao_receber1_idx` (`receber_id`),
  KEY `fk_producao_regioes1_idx` (`regioes_id`),
  KEY `fk_producao_usuarios1_idx` (`usuarios_id`),
  KEY `fk_producao_rotas1_idx` (`rotas_id`),
  KEY `fk_producao_setores1_idx` (`setores_id`),
  KEY `fk_producao_servicos1_idx` (`servicos_id`)
) ENGINE=InnoDB AUTO_INCREMENT=391 DEFAULT CHARSET=utf8mb4;
/*!40101 SET character_set_client = @saved_cs_client */;

--
-- Dumping data for table `producao`
--

LOCK TABLES `producao` WRITE;
/*!40000 ALTER TABLE `producao` DISABLE KEYS */;
INSERT INTO `producao` VALUES (352,'2023-08-09 14:05:12','2023-08-08','2023-08-09',0,1,73,1805,74,29,42,1,7),(353,'2023-08-09 14:31:09','2023-08-08','2023-08-09',0,1,101,1805,74,29,33,1,7),(354,'2023-08-09 14:38:36','2023-08-08','2023-08-09',0,1,136,1805,74,29,93,1,7),(355,'2023-08-09 14:42:02','2023-08-08','2023-08-09',0,1,174,1805,74,29,50,1,7),(356,'2023-08-09 14:51:31','2023-08-08','2023-08-09',-1,1,103,1805,74,29,20,1,7),(357,'2023-08-09 14:57:05','2023-08-09','2023-08-09',-1,1,98,1805,74,29,18,1,7),(358,'2023-08-09 14:58:22','2023-08-08','2023-08-09',1,1,88,1805,74,29,17,1,7),(359,'2023-08-09 15:07:10','2023-08-09','2023-08-09',1,1,103,1805,74,4,20,1,7),(360,'2023-08-09 19:42:36','2023-08-08','2023-08-09',-1,1,99,1805,74,29,19,1,7),(361,'2023-08-11 12:52:46','2023-08-08','2023-08-09',1,1,99,1805,74,4,19,1,7),(362,'2023-08-11 13:12:39','2023-08-08','2023-08-09',0,1,197,1805,74,4,254,1,7),(363,'2023-08-11 14:04:06','2023-08-09','2023-08-10',2,1,198,1806,74,4,92,1,7),(364,'2023-08-11 14:04:53','2023-08-09','2023-08-10',2,1,201,1806,74,4,92,1,7),(365,'2023-08-11 14:05:14','2023-08-09','2023-08-10',1,1,200,1806,74,4,92,1,7),(366,'2023-08-11 14:09:56','2023-08-09','2023-08-10',-2,1,198,1807,74,29,92,1,7),(367,'2023-08-11 14:11:32','2023-08-09','2023-08-10',0,1,201,1807,74,29,92,1,7),(368,'2023-08-11 14:12:23','2023-08-09','2023-08-10',0,1,200,1807,74,29,92,1,7),(369,'2023-08-11 14:22:33','2023-08-10','2023-08-11',0,1,198,1808,74,29,92,1,7),(370,'2023-08-11 14:25:37','2023-08-10','2023-08-11',0,1,158,1808,74,29,93,1,7),(371,'2023-08-11 14:27:42','2023-08-10','2023-08-11',0,1,200,1808,74,29,92,1,7),(372,'2023-08-11 19:33:19','2023-08-10','2023-08-11',-1,1,197,1808,74,29,254,1,7),(373,'2023-08-11 19:48:53','2023-08-10','2023-08-11',0,1,83,1808,74,29,97,1,7),(374,'2023-08-16 13:56:46','2023-08-14','2023-08-15',NULL,1,158,1810,74,29,93,1,7),(375,'2023-08-17 12:17:50','2023-08-17','2023-08-15',3,1,201,1810,74,29,92,1,7),(376,'2023-08-17 12:19:03','2023-08-17','2023-08-11',3,1,201,1808,74,29,92,1,7),(377,'2023-08-18 19:33:33','2023-08-17','2023-08-18',3,1,97,1814,74,29,13,1,7),(378,'2023-08-19 14:05:57','2023-08-10','2023-08-11',0,1,73,1808,74,29,42,1,7),(379,'2023-08-21 13:07:58','2023-08-18','2023-08-19',0,1,83,1815,74,29,97,1,7),(380,'2023-08-21 13:10:39','2023-08-18','2023-08-19',0,1,97,1815,74,29,13,1,7),(381,'2023-08-21 13:16:32','2023-08-18','2023-08-19',3,1,73,1815,74,30,42,1,7),(382,'2023-08-21 14:34:09','2023-08-17','2023-08-18',1,1,200,1814,74,29,92,1,7),(383,'2023-08-21 17:15:42','2023-08-09','2023-08-15',1,1,103,1809,74,29,20,1,7),(384,'2023-08-21 17:18:08','2023-08-09','2023-08-15',2,1,73,1809,74,29,42,1,7),(385,'2023-08-21 17:20:19','2023-08-15','2023-08-15',2,1,201,1809,74,29,92,1,7),(386,'2023-08-21 17:22:22','2023-08-14','2023-08-15',0,1,202,1809,74,29,92,1,7),(387,'2023-08-21 19:39:18','2023-08-08','2023-08-09',3,1,99,1817,74,29,19,1,7),(388,'2023-08-21 21:16:14','2023-08-21','2023-08-19',1,1,174,1815,74,30,50,1,7),(389,'2023-08-22 17:17:13','2023-08-22','2023-08-29',0,1,145,1821,76,4,24,3,3),(390,'2023-08-22 19:01:11','2023-08-22','2023-08-24',0,1,145,1826,76,4,24,1,7);
/*!40000 ALTER TABLE `producao` ENABLE KEYS */;
UNLOCK TABLES;

--
-- Table structure for table `produtos`
--

DROP TABLE IF EXISTS `produtos`;
/*!40101 SET @saved_cs_client     = @@character_set_client */;
/*!40101 SET character_set_client = utf8 */;
CREATE TABLE `produtos` (
  `id` int(11) NOT NULL AUTO_INCREMENT,
  `data` date DEFAULT NULL,
  `codigo` varchar(45) DEFAULT NULL,
  `nome` varchar(45) DEFAULT NULL,
  `ncm` varchar(45) DEFAULT NULL,
  `cfop` varchar(45) DEFAULT NULL,
  `un` varchar(45) DEFAULT NULL,
  `qtd` varchar(45) DEFAULT NULL,
  `valor_uni` decimal(10,2) DEFAULT NULL,
  `bc_icms` decimal(10,2) DEFAULT NULL,
  `valor_prod` decimal(10,2) DEFAULT NULL,
  `valor_icms` decimal(10,2) DEFAULT NULL,
  `valor_ipi` decimal(10,2) DEFAULT NULL,
  `icms` varchar(45) DEFAULT NULL,
  `ipi` varchar(45) DEFAULT NULL,
  `categorias_id` int(11) NOT NULL,
  `barra` varchar(45) DEFAULT NULL,
  `descricao` varchar(45) DEFAULT NULL,
  `valor_venda` decimal(10,2) DEFAULT NULL,
  `status` int(11) DEFAULT NULL,
  `foto` varchar(100) DEFAULT NULL,
  `notafiscal_id` int(11) NOT NULL,
  `destinatario_id` int(11) NOT NULL,
  PRIMARY KEY (`id`),
  KEY `fk_produtos_notafiscal1_idx` (`notafiscal_id`),
  KEY `fk_produtos_destinatario1_idx` (`destinatario_id`)
) ENGINE=InnoDB AUTO_INCREMENT=5643 DEFAULT CHARSET=utf8mb4;
/*!40101 SET character_set_client = @saved_cs_client */;

--
-- Dumping data for table `produtos`
--

LOCK TABLES `produtos` WRITE;
/*!40000 ALTER TABLE `produtos` DISABLE KEYS */;
INSERT INTO `produtos` VALUES (3866,'2023-08-09','16092','LEGEND FOR MEN COL DEO 100ML','33072010','5405','65,90','2,00',0.00,0.00,131.00,0.00,0.00,'0','0',1,NULL,NULL,NULL,NULL,NULL,486,463),(3867,'2023-08-09','16650','JANDE COL DESODORANTE NAC 50ML','33072010','5405','71,34','1,00',0.00,0.00,71.00,0.00,0.00,'0','0',1,NULL,NULL,NULL,NULL,NULL,486,463),(3868,'2023-08-09','4366','Diamonds BLUSH 50ML','33072010','5405','65,94','1,00',0.00,0.00,65.00,0.00,0.00,'0','0',1,NULL,NULL,NULL,NULL,NULL,486,463),(3869,'2023-08-09','17067','Royal Almond Sabonetes','34011190','5405','23,94','2,00',0.00,0.00,47.00,0.00,0.00,'0','0',1,NULL,NULL,NULL,NULL,NULL,486,463),(3870,'2023-08-09','17016','ROYAL BOOST  CREME FACIAL HIDRATANTE 50ML','33049910','5910','5,89','1,00',0.00,0.00,5.00,0.00,0.00,'0','0',1,NULL,NULL,NULL,NULL,NULL,486,463),(3871,'2023-08-09','17203','Catalogo ciclo 07 e 08/23','49111090','5910','3,31','1,00',0.00,0.00,3.00,0.00,0.00,'0','0',1,NULL,NULL,NULL,NULL,NULL,486,463),(3872,'2023-08-09','16092','LEGEND FOR MEN COL DEO 100ML','33072010','5405','89,40','3,00',0.00,0.00,268.00,0.00,0.00,'0','0',1,NULL,NULL,NULL,NULL,NULL,487,464),(3873,'2023-08-09','17170','Hidratacao Regeneradora - Mascara 240 ml','33059000','5405','53,94','1,00',0.00,0.00,53.00,0.00,0.00,'0','0',1,NULL,NULL,NULL,NULL,NULL,487,464),(3874,'2023-08-09','17016','ROYAL BOOST  CREME FACIAL HIDRATANTE 50ML','33049910','5910','5,89','1,00',0.00,0.00,5.00,0.00,0.00,'0','0',1,NULL,NULL,NULL,NULL,NULL,487,464),(3875,'2023-08-09','17203','Catalogo ciclo 07 e 08/23','49111090','5910','3,31','1,00',0.00,0.00,3.00,0.00,0.00,'0','0',1,NULL,NULL,NULL,NULL,NULL,487,464),(3876,'2023-08-09','16667','YITSU COL DES NAC 100ML','33072010','5405','65,90','1,00',0.00,0.00,65.00,0.00,0.00,'0','0',1,NULL,NULL,NULL,NULL,NULL,488,465),(3877,'2023-08-09','16459','VALFERRA.DEO COLONIA 100ML','33072010','5405','77,40','1,00',0.00,0.00,77.00,0.00,0.00,'0','0',1,NULL,NULL,NULL,NULL,NULL,488,465),(3878,'2023-08-09','17044','COLONIA ABSOLUTE LEATHER','33030020','5405','89,40','1,00',0.00,0.00,89.00,0.00,0.00,'0','0',1,NULL,NULL,NULL,NULL,NULL,488,465),(3879,'2023-08-09','16092','LEGEND FOR MEN COL DEO 100ML','33072010','5405','89,40','1,00',0.00,0.00,89.00,0.00,0.00,'0','0',1,NULL,NULL,NULL,NULL,NULL,488,465),(3880,'2023-08-09','16656','ADORISSE COLONIA DES 50ML','33072010','5405','99,00','1,00',0.00,0.00,99.00,0.00,0.00,'0','0',1,NULL,NULL,NULL,NULL,NULL,488,465),(3881,'2023-08-09','16458','GARDENIA COL DES BR 50ML','33030020','5405','99,00','1,00',0.00,0.00,99.00,0.00,0.00,'0','0',1,NULL,NULL,NULL,NULL,NULL,488,465),(3882,'2023-08-09','17044','COLONIA ABSOLUTE LEATHER','33030020','5910','19,79','1,00',0.00,0.00,19.00,0.00,0.00,'0','0',1,NULL,NULL,NULL,NULL,NULL,488,465),(3883,'2023-08-09','17203','Catalogo ciclo 07 e 08/23','49111090','5910','3,31','1,00',0.00,0.00,3.00,0.00,0.00,'0','0',1,NULL,NULL,NULL,NULL,NULL,488,465),(3884,'2023-08-09','16092','LEGEND FOR MEN COL DEO 100ML','33072010','5405','65,90','3,00',0.00,0.00,197.00,0.00,0.00,'0','0',1,NULL,NULL,NULL,NULL,NULL,489,466),(3885,'2023-08-09','16460','J-SPORT DEO COL 100ML','33072010','5405','59,94','2,00',0.00,0.00,119.00,0.00,0.00,'0','0',1,NULL,NULL,NULL,NULL,NULL,489,466),(3886,'2023-08-09','17203','Catalogo ciclo 07 e 08/23','49111090','5910','3,31','1,00',0.00,0.00,3.00,0.00,0.00,'0','0',1,NULL,NULL,NULL,NULL,NULL,489,466),(3887,'2023-08-09','17096','Base Always Amplo Espectro FPS 15  BISQUE','33049990','5405','19,00','1,00',0.00,0.00,19.00,0.00,0.00,'0','0',1,NULL,NULL,NULL,NULL,NULL,490,467),(3888,'2023-08-09','17001','J BROS BALM GEL LIMPEZA FACIAL 100ML','34013000','5405','9,90','1,00',0.00,0.00,9.00,0.00,0.00,'0','0',1,NULL,NULL,NULL,NULL,NULL,490,467),(3889,'2023-08-09','11465','BLUSH EM PO PLUM ROSE','33049100','5405','18,90','1,00',0.00,0.00,18.00,0.00,0.00,'0','0',1,NULL,NULL,NULL,NULL,NULL,490,467),(3890,'2023-08-09','11466','MAQUIAGEM FAC PO 2 EM 1 BEIGE','33049990','5405','39,90','1,00',0.00,0.00,39.00,0.00,0.00,'0','0',1,NULL,NULL,NULL,NULL,NULL,490,467),(3891,'2023-08-09','17000','J BROS CREME BARBA 100G','33071000','5405','53,95','1,00',0.00,0.00,53.00,0.00,0.00,'0','0',1,NULL,NULL,NULL,NULL,NULL,490,467),(3892,'2023-08-09','17153','JAFRA LEGEND PRIVE COLONIA  100 ML','33030020','5405','53,95','1,00',0.00,0.00,53.00,0.00,0.00,'0','0',1,NULL,NULL,NULL,NULL,NULL,490,467),(3893,'2023-08-09','17090','Adorisse Passion Colonia 50 ml','33030020','5405','77,94','1,00',0.00,0.00,77.00,0.00,0.00,'0','0',1,NULL,NULL,NULL,NULL,NULL,490,467),(3894,'2023-08-09','16650','JANDE COL DESODORANTE NAC 50ML','33072010','5405','71,34','2,00',0.00,0.00,142.00,0.00,0.00,'0','0',1,NULL,NULL,NULL,NULL,NULL,490,467),(3895,'2023-08-09','16091','SESTO SENSO COLONIA DESODORANT','33072010','5405','59,94','2,00',0.00,0.00,119.00,0.00,0.00,'0','0',1,NULL,NULL,NULL,NULL,NULL,490,467),(3896,'2023-08-09','7620','DEO PARFUM ADORISSE NIGHT 50 ML','33072010','5405','99,00','1,00',0.00,0.00,99.00,0.00,0.00,'0','0',1,NULL,NULL,NULL,NULL,NULL,490,467),(3897,'2023-08-09','16623','VESEN COL DESODORANTE NAC 50ML','33072010','5405','77,40','1,00',0.00,0.00,77.00,0.00,0.00,'0','0',1,NULL,NULL,NULL,NULL,NULL,490,467),(3898,'2023-08-09','17203','Catalogo ciclo 07 e 08/23','49111090','5910','3,31','1,00',0.00,0.00,3.00,0.00,0.00,'0','0',1,NULL,NULL,NULL,NULL,NULL,490,467),(3899,'2023-08-09','11148','BRIGHTENING D PO PEROLAS','33049910','5405','71,40','1,00',0.00,0.00,71.00,0.00,0.00,'0','0',1,NULL,NULL,NULL,NULL,NULL,491,468),(3900,'2023-08-09','16950','Desodorante Antitranspirante Roll-on Free To ','33072010','5405','17,94','2,00',0.00,0.00,35.00,0.00,0.00,'0','0',1,NULL,NULL,NULL,NULL,NULL,491,468),(3901,'2023-08-09','17033','LUNA BRIGHT MASCARA DE ARGILA 75 ML','33049990','5405','49,90','1,00',0.00,0.00,49.00,0.00,0.00,'0','0',1,NULL,NULL,NULL,NULL,NULL,491,468),(3902,'2023-08-09','17170','Hidratacao Regeneradora - Mascara 240 ml','33059000','5405','53,94','1,00',0.00,0.00,53.00,0.00,0.00,'0','0',1,NULL,NULL,NULL,NULL,NULL,491,468),(3903,'2023-08-09','17168','Hidratacao Regeneradora - Condicionador 240 m','33059000','5405','47,94','1,00',0.00,0.00,47.00,0.00,0.00,'0','0',1,NULL,NULL,NULL,NULL,NULL,491,468),(3904,'2023-08-09','17167','Hidratacao Regeneradora - Shampoo 240 ml','33051000','5405','41,94','1,00',0.00,0.00,41.00,0.00,0.00,'0','0',1,NULL,NULL,NULL,NULL,NULL,491,468),(3905,'2023-08-09','17001','J BROS BALM GEL LIMPEZA FACIAL 100ML','34013000','5405','9,90','1,00',0.00,0.00,9.00,0.00,0.00,'0','0',1,NULL,NULL,NULL,NULL,NULL,491,468),(3906,'2023-08-09','17203','Catalogo ciclo 07 e 08/23','49111090','5910','3,31','1,00',0.00,0.00,3.00,0.00,0.00,'0','0',1,NULL,NULL,NULL,NULL,NULL,491,468),(3908,'2023-08-09','11466','MAQUIAGEM FAC PO 2 EM 1 BEIGE','33049990','5405','39,90','1,00',0.00,0.00,39.00,0.00,0.00,'0','0',1,NULL,NULL,NULL,NULL,NULL,493,470),(3909,'2023-08-09','17054','JAFRA ROYAL BATOM MATTE CHIPOTLE','33041000','5405','46,14','1,00',0.00,0.00,46.00,0.00,0.00,'0','0',1,NULL,NULL,NULL,NULL,NULL,493,470),(3910,'2023-08-09','16091','SESTO SENSO COLONIA DESODORANT','33072010','5405','59,94','1,00',0.00,0.00,59.00,0.00,0.00,'0','0',1,NULL,NULL,NULL,NULL,NULL,493,470),(3911,'2023-08-09','17090','Adorisse Passion Colonia 50 ml','33030020','5405','77,94','1,00',0.00,0.00,77.00,0.00,0.00,'0','0',1,NULL,NULL,NULL,NULL,NULL,493,470),(3912,'2023-08-09','16952','Desodorante Antitranspirante Roll-on Free To ','33072090','5405','17,94','1,00',0.00,0.00,17.00,0.00,0.00,'0','0',1,NULL,NULL,NULL,NULL,NULL,493,470),(3913,'2023-08-09','16950','Desodorante Antitranspirante Roll-on Free To ','33072010','5405','17,94','1,00',0.00,0.00,17.00,0.00,0.00,'0','0',1,NULL,NULL,NULL,NULL,NULL,493,470),(3914,'2023-08-09','17000','J BROS CREME BARBA 100G','33071000','5405','53,95','1,00',0.00,0.00,53.00,0.00,0.00,'0','0',1,NULL,NULL,NULL,NULL,NULL,493,470),(3915,'2023-08-09','17153','JAFRA LEGEND PRIVE COLONIA  100 ML','33030020','5405','53,95','1,00',0.00,0.00,53.00,0.00,0.00,'0','0',1,NULL,NULL,NULL,NULL,NULL,493,470),(3916,'2023-08-09','17203','Catalogo ciclo 07 e 08/23','49111090','5910','3,31','1,00',0.00,0.00,3.00,0.00,0.00,'0','0',1,NULL,NULL,NULL,NULL,NULL,493,470),(3917,'2023-08-09','17143','SPA POWER UP LOCAO CORPORAL ESFOLIANTE REVIGO','33049990','5405','36,90','1,00',0.00,0.00,36.00,0.00,0.00,'0','0',1,NULL,NULL,NULL,NULL,NULL,494,471),(3918,'2023-08-09','17144','SPA POWER UP LOCAO CORPORAL HIDRATANTE REVIGO','33072010','5405','36,90','1,00',0.00,0.00,36.00,0.00,0.00,'0','0',1,NULL,NULL,NULL,NULL,NULL,494,471),(3919,'2023-08-09','17089','Gel Demaquilante para Area dos Olhos 30 ml','33049990','5405','16,80','1,00',0.00,0.00,16.00,0.00,0.00,'0','0',1,NULL,NULL,NULL,NULL,NULL,494,471),(3920,'2023-08-09','16091','SESTO SENSO COLONIA DESODORANT','33072010','5405','59,94','1,00',0.00,0.00,59.00,0.00,0.00,'0','0',1,NULL,NULL,NULL,NULL,NULL,494,471),(3921,'2023-08-09','17067','Royal Almond Sabonetes','34011190','5405','23,94','1,00',0.00,0.00,23.00,0.00,0.00,'0','0',1,NULL,NULL,NULL,NULL,NULL,494,471),(3922,'2023-08-09','17097','Base Always Amplo Espectro FPS 15  HONEY','33049990','5405','54,90','1,00',0.00,0.00,54.00,0.00,0.00,'0','0',1,NULL,NULL,NULL,NULL,NULL,494,471),(3923,'2023-08-09','16088','ROYAL JELLY SABONETE 5 UNID','34011190','5405','29,94','1,00',0.00,0.00,29.00,0.00,0.00,'0','0',1,NULL,NULL,NULL,NULL,NULL,494,471),(3924,'2023-08-09','16450','SACOLA FREEDOM TO BE YOU G','48192000','5102','5,00','1,00',0.00,0.00,5.00,0.00,0.00,'0','0',1,NULL,NULL,NULL,NULL,NULL,494,471),(3925,'2023-08-09','17120','InsideSkin with Royal Jelly','21069030','5102','59,94','1,00',0.00,0.00,59.00,0.00,0.00,'0','0',1,NULL,NULL,NULL,NULL,NULL,494,471),(3926,'2023-08-09','17203','Catalogo ciclo 07 e 08/23','49111090','5910','3,31','1,00',0.00,0.00,3.00,0.00,0.00,'0','0',1,NULL,NULL,NULL,NULL,NULL,494,471),(3927,'2023-08-09','16091','SESTO SENSO COLONIA DESODORANT','33072010','5405','59,94','2,00',0.00,0.00,119.00,0.00,0.00,'0','0',1,NULL,NULL,NULL,NULL,NULL,495,472),(3928,'2023-08-09','11213','COL DES JF9 CHROME 100ML','33072010','5405','65,94','2,00',0.00,0.00,131.00,0.00,0.00,'0','0',1,NULL,NULL,NULL,NULL,NULL,495,472),(3929,'2023-08-09','17144','SPA POWER UP LOCAO CORPORAL HIDRATANTE REVIGO','33072010','5405','36,90','2,00',0.00,0.00,73.00,0.00,0.00,'0','0',1,NULL,NULL,NULL,NULL,NULL,495,472),(3930,'2023-08-09','17143','SPA POWER UP LOCAO CORPORAL ESFOLIANTE REVIGO','33049990','5405','36,90','2,00',0.00,0.00,73.00,0.00,0.00,'0','0',1,NULL,NULL,NULL,NULL,NULL,495,472),(3931,'2023-08-09','17090','Adorisse Passion Colonia 50 ml','33030020','5405','77,94','1,00',0.00,0.00,77.00,0.00,0.00,'0','0',1,NULL,NULL,NULL,NULL,NULL,495,472),(3932,'2023-08-09','17121','JAFRA ROYAL CLEAR SMART TONICO FACIAL CLAREAD','33049910','5405','44,34','1,00',0.00,0.00,44.00,0.00,0.00,'0','0',1,NULL,NULL,NULL,NULL,NULL,495,472),(3933,'2023-08-09','17155','JAFRA SPA MASCARA DE LAMA  FACIAL E CORPORAL ','33049910','5405','59,94','1,00',0.00,0.00,59.00,0.00,0.00,'0','0',1,NULL,NULL,NULL,NULL,NULL,495,472),(3934,'2023-08-09','17203','Catalogo ciclo 07 e 08/23','49111090','5910','3,31','1,00',0.00,0.00,3.00,0.00,0.00,'0','0',1,NULL,NULL,NULL,NULL,NULL,495,472),(3935,'2023-08-09','16091','SESTO SENSO COLONIA DESODORANT','33072010','5405','59,94','2,00',0.00,0.00,119.00,0.00,0.00,'0','0',1,NULL,NULL,NULL,NULL,NULL,496,473),(3936,'2023-08-09','4366','Diamonds BLUSH 50ML','33072010','5405','65,94','1,00',0.00,0.00,65.00,0.00,0.00,'0','0',1,NULL,NULL,NULL,NULL,NULL,496,473),(3937,'2023-08-09','17079','Batom Cobertura Total Haute Pink','33041000','5405','27,54','1,00',0.00,0.00,27.00,0.00,0.00,'0','0',1,NULL,NULL,NULL,NULL,NULL,496,473),(3938,'2023-08-09','17140','SESTO SENSO IN AMORE COLONIA DESODORANTE 100 ','33072010','5405','83,40','1,00',0.00,0.00,83.00,0.00,0.00,'0','0',1,NULL,NULL,NULL,NULL,NULL,496,473),(3939,'2023-08-09','16952','Desodorante Antitranspirante Roll-on Free To ','33072090','5405','17,94','1,00',0.00,0.00,17.00,0.00,0.00,'0','0',1,NULL,NULL,NULL,NULL,NULL,496,473),(3940,'2023-08-09','17203','Catalogo ciclo 07 e 08/23','49111090','5910','3,31','1,00',0.00,0.00,3.00,0.00,0.00,'0','0',1,NULL,NULL,NULL,NULL,NULL,496,473),(3941,'2023-08-09','16658','ADORISSE PURE GOLD COLDES 50ML','33072010','5405','77,94','1,00',0.00,0.00,77.00,0.00,0.00,'0','0',1,NULL,NULL,NULL,NULL,NULL,497,474),(3942,'2023-08-09','4366','Diamonds BLUSH 50ML','33072010','5405','65,94','1,00',0.00,0.00,65.00,0.00,0.00,'0','0',1,NULL,NULL,NULL,NULL,NULL,497,474),(3943,'2023-08-09','84777','LEGEND HERO COL DES 100ML','33072010','5405','71,34','1,00',0.00,0.00,71.00,0.00,0.00,'0','0',1,NULL,NULL,NULL,NULL,NULL,497,474),(3944,'2023-08-09','17090','Adorisse Passion Colonia 50 ml','33030020','5405','77,94','2,00',0.00,0.00,155.00,0.00,0.00,'0','0',1,NULL,NULL,NULL,NULL,NULL,497,474),(3945,'2023-08-09','11148','BRIGHTENING D PO PEROLAS','33049910','5405','71,40','1,00',0.00,0.00,71.00,0.00,0.00,'0','0',1,NULL,NULL,NULL,NULL,NULL,497,474),(3946,'2023-08-09','17203','Catalogo ciclo 07 e 08/23','49111090','5910','3,31','1,00',0.00,0.00,3.00,0.00,0.00,'0','0',1,NULL,NULL,NULL,NULL,NULL,497,474),(3947,'2023-08-09','16091','SESTO SENSO COLONIA DESODORANT','33072010','5405','59,94','1,00',0.00,0.00,59.00,0.00,0.00,'0','0',1,NULL,NULL,NULL,NULL,NULL,498,475),(3948,'2023-08-09','11213','COL DES JF9 CHROME 100ML','33072010','5405','65,94','1,00',0.00,0.00,65.00,0.00,0.00,'0','0',1,NULL,NULL,NULL,NULL,NULL,498,475),(3949,'2023-08-09','84777','LEGEND HERO COL DES 100ML','33072010','5405','71,34','1,00',0.00,0.00,71.00,0.00,0.00,'0','0',1,NULL,NULL,NULL,NULL,NULL,498,475),(3950,'2023-08-09','17090','Adorisse Passion Colonia 50 ml','33030020','5405','77,94','1,00',0.00,0.00,77.00,0.00,0.00,'0','0',1,NULL,NULL,NULL,NULL,NULL,498,475),(3951,'2023-08-09','16658','ADORISSE PURE GOLD COLDES 50ML','33072010','5405','77,94','1,00',0.00,0.00,77.00,0.00,0.00,'0','0',1,NULL,NULL,NULL,NULL,NULL,498,475),(3952,'2023-08-09','17203','Catalogo ciclo 07 e 08/23','49111090','5910','3,31','1,00',0.00,0.00,3.00,0.00,0.00,'0','0',1,NULL,NULL,NULL,NULL,NULL,498,475),(3953,'2023-08-09','16092','LEGEND FOR MEN COL DEO 100ML','33072010','5405','89,40','1,00',0.00,0.00,89.00,0.00,0.00,'0','0',1,NULL,NULL,NULL,NULL,NULL,499,476),(3954,'2023-08-09','17120','InsideSkin with Royal Jelly','21069030','5102','59,94','2,00',0.00,0.00,119.00,0.00,0.00,'0','0',1,NULL,NULL,NULL,NULL,NULL,499,476),(3955,'2023-08-09','17166','InsideEnergy with Royal Jelly and Hyaluronic ','21069030','5102','95,40','1,00',0.00,0.00,95.00,0.00,0.00,'0','0',1,NULL,NULL,NULL,NULL,NULL,499,476),(3956,'2023-08-09','17016','ROYAL BOOST  CREME FACIAL HIDRATANTE 50ML','33049910','5910','5,89','1,00',0.00,0.00,5.00,0.00,0.00,'0','0',1,NULL,NULL,NULL,NULL,NULL,499,476),(3957,'2023-08-09','17203','Catalogo ciclo 07 e 08/23','49111090','5910','3,31','1,00',0.00,0.00,3.00,0.00,0.00,'0','0',1,NULL,NULL,NULL,NULL,NULL,499,476),(3958,'2023-08-09','4340','BATOM MATTE LOVE AFFAIR 4G','33041000','5405','27,54','1,00',0.00,0.00,27.00,0.00,0.00,'0','0',1,NULL,NULL,NULL,NULL,NULL,500,477),(3959,'2023-08-09','16091','SESTO SENSO COLONIA DESODORANT','33072010','5405','59,94','3,00',0.00,0.00,179.00,0.00,0.00,'0','0',1,NULL,NULL,NULL,NULL,NULL,500,477),(3960,'2023-08-09','17165','Eau D Aromes Deo Colonia 100ml - Limited Edit','33072010','5405','77,40','1,00',0.00,0.00,77.00,0.00,0.00,'0','0',1,NULL,NULL,NULL,NULL,NULL,500,477),(3961,'2023-08-09','16090','JF9 BLACK DEO COL 100ML','33072010','5405','83,40','1,00',0.00,0.00,83.00,0.00,0.00,'0','0',1,NULL,NULL,NULL,NULL,NULL,500,477),(3962,'2023-08-09','17203','Catalogo ciclo 07 e 08/23','49111090','5910','3,31','1,00',0.00,0.00,3.00,0.00,0.00,'0','0',1,NULL,NULL,NULL,NULL,NULL,500,477),(3963,'2023-08-09','16091','SESTO SENSO COLONIA DESODORANT','33072010','5405','59,94','1,00',0.00,0.00,59.00,0.00,0.00,'0','0',1,NULL,NULL,NULL,NULL,NULL,501,478),(3964,'2023-08-09','16658','ADORISSE PURE GOLD COLDES 50ML','33072010','5405','77,94','1,00',0.00,0.00,77.00,0.00,0.00,'0','0',1,NULL,NULL,NULL,NULL,NULL,501,478),(3965,'2023-08-09','17165','Eau D Aromes Deo Colonia 100ml - Limited Edit','33072010','5405','77,40','1,00',0.00,0.00,77.00,0.00,0.00,'0','0',1,NULL,NULL,NULL,NULL,NULL,501,478),(3966,'2023-08-09','16656','ADORISSE COLONIA DES 50ML','33072010','5405','99,00','1,00',0.00,0.00,99.00,0.00,0.00,'0','0',1,NULL,NULL,NULL,NULL,NULL,501,478),(3967,'2023-08-09','16458','GARDENIA COL DES BR 50ML','33030020','5405','99,00','1,00',0.00,0.00,99.00,0.00,0.00,'0','0',1,NULL,NULL,NULL,NULL,NULL,501,478),(3968,'2023-08-09','16757','ADORISSE VELVET COL DES 50ML','33072010','5405','99,00','1,00',0.00,0.00,99.00,0.00,0.00,'0','0',1,NULL,NULL,NULL,NULL,NULL,501,478),(3969,'2023-08-09','16623','VESEN COL DESODORANTE NAC 50ML','33072010','5405','77,40','1,00',0.00,0.00,77.00,0.00,0.00,'0','0',1,NULL,NULL,NULL,NULL,NULL,501,478),(3970,'2023-08-09','16092','LEGEND FOR MEN COL DEO 100ML','33072010','5405','89,40','2,00',0.00,0.00,178.00,0.00,0.00,'0','0',1,NULL,NULL,NULL,NULL,NULL,501,478),(3971,'2023-08-09','17044','COLONIA ABSOLUTE LEATHER','33030020','5910','19,79','1,00',0.00,0.00,19.00,0.00,0.00,'0','0',1,NULL,NULL,NULL,NULL,NULL,501,478),(3972,'2023-08-09','17203','Catalogo ciclo 07 e 08/23','49111090','5910','3,31','1,00',0.00,0.00,3.00,0.00,0.00,'0','0',1,NULL,NULL,NULL,NULL,NULL,501,478),(3973,'2023-08-09','16458','GARDENIA COL DES BR 50ML','33030020','5405','99,00','1,00',0.00,0.00,99.00,0.00,0.00,'0','0',1,NULL,NULL,NULL,NULL,NULL,502,479),(3974,'2023-08-09','16090','JF9 BLACK DEO COL 100ML','33072010','5405','83,40','1,00',0.00,0.00,83.00,0.00,0.00,'0','0',1,NULL,NULL,NULL,NULL,NULL,502,479),(3975,'2023-08-09','16459','VALFERRA.DEO COLONIA 100ML','33072010','5405','77,40','1,00',0.00,0.00,77.00,0.00,0.00,'0','0',1,NULL,NULL,NULL,NULL,NULL,502,479),(3976,'2023-08-09','3035','BLUSH EM PO SOFT PEACH','33049100','5405','18,90','1,00',0.00,0.00,18.00,0.00,0.00,'0','0',1,NULL,NULL,NULL,NULL,NULL,502,479),(3977,'2023-08-09','11465','BLUSH EM PO PLUM ROSE','33049100','5405','18,90','1,00',0.00,0.00,18.00,0.00,0.00,'0','0',1,NULL,NULL,NULL,NULL,NULL,502,479),(3978,'2023-08-09','13078','BLUSH EM PO TERRA COTTA','33049100','5405','18,90','1,00',0.00,0.00,18.00,0.00,0.00,'0','0',1,NULL,NULL,NULL,NULL,NULL,502,479),(3979,'2023-08-09','17001','J BROS BALM GEL LIMPEZA FACIAL 100ML','34013000','5405','9,90','1,00',0.00,0.00,9.00,0.00,0.00,'0','0',1,NULL,NULL,NULL,NULL,NULL,502,479),(3980,'2023-08-09','13081','TRIO DE SOMBRAS CAPUCCINO','33042010','5405','21,90','1,00',0.00,0.00,21.00,0.00,0.00,'0','0',1,NULL,NULL,NULL,NULL,NULL,502,479),(3981,'2023-08-09','17203','Catalogo ciclo 07 e 08/23','49111090','5910','3,31','1,00',0.00,0.00,3.00,0.00,0.00,'0','0',1,NULL,NULL,NULL,NULL,NULL,502,479),(3982,'2023-08-09','16650','JANDE COL DESODORANTE NAC 50ML','33072010','5405','71,34','1,00',0.00,0.00,71.00,0.00,0.00,'0','0',1,NULL,NULL,NULL,NULL,NULL,503,480),(3983,'2023-08-09','4366','Diamonds BLUSH 50ML','33072010','5405','65,94','1,00',0.00,0.00,65.00,0.00,0.00,'0','0',1,NULL,NULL,NULL,NULL,NULL,503,480),(3984,'2023-08-09','84777','LEGEND HERO COL DES 100ML','33072010','5405','71,34','1,00',0.00,0.00,71.00,0.00,0.00,'0','0',1,NULL,NULL,NULL,NULL,NULL,503,480),(3985,'2023-08-09','17090','Adorisse Passion Colonia 50 ml','33030020','5405','77,94','3,00',0.00,0.00,233.00,0.00,0.00,'0','0',1,NULL,NULL,NULL,NULL,NULL,503,480),(3986,'2023-08-09','16200','BOLSA SHOW CASE ROXA','42021210','5102','29,90','1,00',0.00,0.00,29.00,0.00,0.00,'0','0',1,NULL,NULL,NULL,NULL,NULL,503,480),(3987,'2023-08-09','16669','J SPORT XTREME COL DES NAC','33072010','5405','65,90','2,00',0.00,0.00,131.00,0.00,0.00,'0','0',1,NULL,NULL,NULL,NULL,NULL,503,480),(3988,'2023-08-09','17143','SPA POWER UP LOCAO CORPORAL ESFOLIANTE REVIGO','33049990','5405','59,40','1,00',0.00,0.00,59.00,0.00,0.00,'0','0',1,NULL,NULL,NULL,NULL,NULL,503,480),(3989,'2023-08-09','17203','Catalogo ciclo 07 e 08/23','49111090','5910','1,66','2,00',0.00,0.00,3.00,0.00,0.00,'0','0',1,NULL,NULL,NULL,NULL,NULL,503,480),(3990,'2023-08-09','16667','YITSU COL DES NAC 100ML','33072010','5405','65,90','2,00',0.00,0.00,131.00,0.00,0.00,'0','0',1,NULL,NULL,NULL,NULL,NULL,504,481),(3991,'2023-08-09','16459','VALFERRA.DEO COLONIA 100ML','33072010','5405','77,40','1,00',0.00,0.00,77.00,0.00,0.00,'0','0',1,NULL,NULL,NULL,NULL,NULL,504,481),(3992,'2023-08-09','16091','SESTO SENSO COLONIA DESODORANT','33072010','5405','59,94','1,00',0.00,0.00,59.00,0.00,0.00,'0','0',1,NULL,NULL,NULL,NULL,NULL,504,481),(3993,'2023-08-09','11213','COL DES JF9 CHROME 100ML','33072010','5405','65,94','1,00',0.00,0.00,65.00,0.00,0.00,'0','0',1,NULL,NULL,NULL,NULL,NULL,504,481),(3994,'2023-08-09','17203','Catalogo ciclo 07 e 08/23','49111090','5910','3,31','1,00',0.00,0.00,3.00,0.00,0.00,'0','0',1,NULL,NULL,NULL,NULL,NULL,504,481),(3995,'2023-08-09','16650','JANDE COL DESODORANTE NAC 50ML','33072010','5405','71,34','1,00',0.00,0.00,71.00,0.00,0.00,'0','0',1,NULL,NULL,NULL,NULL,NULL,505,482),(3996,'2023-08-09','17143','SPA POWER UP LOCAO CORPORAL ESFOLIANTE REVIGO','33049990','5405','36,90','1,00',0.00,0.00,36.00,0.00,0.00,'0','0',1,NULL,NULL,NULL,NULL,NULL,505,482),(3997,'2023-08-09','16667','YITSU COL DES NAC 100ML','33072010','5405','65,90','3,00',0.00,0.00,197.00,0.00,0.00,'0','0',1,NULL,NULL,NULL,NULL,NULL,505,482),(3998,'2023-08-09','17203','Catalogo ciclo 07 e 08/23','49111090','5910','3,31','1,00',0.00,0.00,3.00,0.00,0.00,'0','0',1,NULL,NULL,NULL,NULL,NULL,505,482),(3999,'2023-08-09','17120','InsideSkin with Royal Jelly','21069030','5102','59,94','6,00',0.00,0.00,359.00,0.00,0.00,'0','0',1,NULL,NULL,NULL,NULL,NULL,506,483),(4000,'2023-08-09','17203','Catalogo ciclo 07 e 08/23','49111090','5910','3,31','1,00',0.00,0.00,3.00,0.00,0.00,'0','0',1,NULL,NULL,NULL,NULL,NULL,506,483),(4001,'2023-08-11','16458','GARDENIA COL DES BR 50ML','33030020','5405','99,00','1,00',0.00,0.00,99.00,0.00,0.00,'0','0',1,NULL,NULL,NULL,NULL,NULL,507,479),(4002,'2023-08-11','16090','JF9 BLACK DEO COL 100ML','33072010','5405','83,40','1,00',0.00,0.00,83.00,0.00,0.00,'0','0',1,NULL,NULL,NULL,NULL,NULL,507,479),(4003,'2023-08-11','16459','VALFERRA.DEO COLONIA 100ML','33072010','5405','77,40','1,00',0.00,0.00,77.00,0.00,0.00,'0','0',1,NULL,NULL,NULL,NULL,NULL,507,479),(4004,'2023-08-11','3035','BLUSH EM PO SOFT PEACH','33049100','5405','18,90','1,00',0.00,0.00,18.00,0.00,0.00,'0','0',1,NULL,NULL,NULL,NULL,NULL,507,479),(4005,'2023-08-11','11465','BLUSH EM PO PLUM ROSE','33049100','5405','18,90','1,00',0.00,0.00,18.00,0.00,0.00,'0','0',1,NULL,NULL,NULL,NULL,NULL,507,479),(4006,'2023-08-11','13078','BLUSH EM PO TERRA COTTA','33049100','5405','18,90','1,00',0.00,0.00,18.00,0.00,0.00,'0','0',1,NULL,NULL,NULL,NULL,NULL,507,479),(4007,'2023-08-11','17001','J BROS BALM GEL LIMPEZA FACIAL 100ML','34013000','5405','9,90','1,00',0.00,0.00,9.00,0.00,0.00,'0','0',1,NULL,NULL,NULL,NULL,NULL,507,479),(4008,'2023-08-11','13081','TRIO DE SOMBRAS CAPUCCINO','33042010','5405','21,90','1,00',0.00,0.00,21.00,0.00,0.00,'0','0',1,NULL,NULL,NULL,NULL,NULL,507,479),(4009,'2023-08-11','17203','Catalogo ciclo 07 e 08/23','49111090','5910','3,31','1,00',0.00,0.00,3.00,0.00,0.00,'0','0',1,NULL,NULL,NULL,NULL,NULL,507,479),(4010,'2023-08-11','16650','JANDE COL DESODORANTE NAC 50ML','33072010','5405','71,34','1,00',0.00,0.00,71.00,0.00,0.00,'0','0',1,NULL,NULL,NULL,NULL,NULL,508,480),(4011,'2023-08-11','4366','Diamonds BLUSH 50ML','33072010','5405','65,94','1,00',0.00,0.00,65.00,0.00,0.00,'0','0',1,NULL,NULL,NULL,NULL,NULL,508,480),(4012,'2023-08-11','84777','LEGEND HERO COL DES 100ML','33072010','5405','71,34','1,00',0.00,0.00,71.00,0.00,0.00,'0','0',1,NULL,NULL,NULL,NULL,NULL,508,480),(4013,'2023-08-11','17090','Adorisse Passion Colonia 50 ml','33030020','5405','77,94','3,00',0.00,0.00,233.00,0.00,0.00,'0','0',1,NULL,NULL,NULL,NULL,NULL,508,480),(4014,'2023-08-11','16200','BOLSA SHOW CASE ROXA','42021210','5102','29,90','1,00',0.00,0.00,29.00,0.00,0.00,'0','0',1,NULL,NULL,NULL,NULL,NULL,508,480),(4015,'2023-08-11','16669','J SPORT XTREME COL DES NAC','33072010','5405','65,90','2,00',0.00,0.00,131.00,0.00,0.00,'0','0',1,NULL,NULL,NULL,NULL,NULL,508,480),(4016,'2023-08-11','17143','SPA POWER UP LOCAO CORPORAL ESFOLIANTE REVIGO','33049990','5405','59,40','1,00',0.00,0.00,59.00,0.00,0.00,'0','0',1,NULL,NULL,NULL,NULL,NULL,508,480),(4017,'2023-08-11','17203','Catalogo ciclo 07 e 08/23','49111090','5910','1,66','2,00',0.00,0.00,3.00,0.00,0.00,'0','0',1,NULL,NULL,NULL,NULL,NULL,508,480),(4018,'2023-08-11','16667','YITSU COL DES NAC 100ML','33072010','5405','65,90','2,00',0.00,0.00,131.00,0.00,0.00,'0','0',1,NULL,NULL,NULL,NULL,NULL,509,481),(4019,'2023-08-11','16459','VALFERRA.DEO COLONIA 100ML','33072010','5405','77,40','1,00',0.00,0.00,77.00,0.00,0.00,'0','0',1,NULL,NULL,NULL,NULL,NULL,509,481),(4020,'2023-08-11','16091','SESTO SENSO COLONIA DESODORANT','33072010','5405','59,94','1,00',0.00,0.00,59.00,0.00,0.00,'0','0',1,NULL,NULL,NULL,NULL,NULL,509,481),(4021,'2023-08-11','11213','COL DES JF9 CHROME 100ML','33072010','5405','65,94','1,00',0.00,0.00,65.00,0.00,0.00,'0','0',1,NULL,NULL,NULL,NULL,NULL,509,481),(4022,'2023-08-11','17203','Catalogo ciclo 07 e 08/23','49111090','5910','3,31','1,00',0.00,0.00,3.00,0.00,0.00,'0','0',1,NULL,NULL,NULL,NULL,NULL,509,481),(4023,'2023-08-11','16650','JANDE COL DESODORANTE NAC 50ML','33072010','5405','71,34','1,00',0.00,0.00,71.00,0.00,0.00,'0','0',1,NULL,NULL,NULL,NULL,NULL,510,482),(4024,'2023-08-11','17143','SPA POWER UP LOCAO CORPORAL ESFOLIANTE REVIGO','33049990','5405','36,90','1,00',0.00,0.00,36.00,0.00,0.00,'0','0',1,NULL,NULL,NULL,NULL,NULL,510,482),(4025,'2023-08-11','16667','YITSU COL DES NAC 100ML','33072010','5405','65,90','3,00',0.00,0.00,197.00,0.00,0.00,'0','0',1,NULL,NULL,NULL,NULL,NULL,510,482),(4026,'2023-08-11','17203','Catalogo ciclo 07 e 08/23','49111090','5910','3,31','1,00',0.00,0.00,3.00,0.00,0.00,'0','0',1,NULL,NULL,NULL,NULL,NULL,510,482),(4027,'2023-08-11','17120','InsideSkin with Royal Jelly','21069030','5102','59,94','6,00',0.00,0.00,359.00,0.00,0.00,'0','0',1,NULL,NULL,NULL,NULL,NULL,511,483),(4028,'2023-08-11','17203','Catalogo ciclo 07 e 08/23','49111090','5910','3,31','1,00',0.00,0.00,3.00,0.00,0.00,'0','0',1,NULL,NULL,NULL,NULL,NULL,511,483),(4029,'2023-08-11','16458','GARDENIA COL DES BR 50ML','33030020','5405','68,90','3,00',0.00,0.00,206.00,0.00,0.00,'0','0',1,NULL,NULL,NULL,NULL,NULL,512,484),(4030,'2023-08-11','77385','DELINEADOR PARA OS OLHOS BLACK 1g','33042010','5405','12,90','2,00',0.00,0.00,25.00,0.00,0.00,'0','0',1,NULL,NULL,NULL,NULL,NULL,512,484),(4031,'2023-08-11','11213','COL DES JF9 CHROME 100ML','33072010','5405','65,94','1,00',0.00,0.00,65.00,0.00,0.00,'0','0',1,NULL,NULL,NULL,NULL,NULL,512,484),(4032,'2023-08-11','17203','Catalogo ciclo 07 e 08/23','49111090','5910','3,31','1,00',0.00,0.00,3.00,0.00,0.00,'0','0',1,NULL,NULL,NULL,NULL,NULL,512,484),(4033,'2023-08-11','16458','GARDENIA COL DES BR 50ML','33030020','5405','68,90','3,00',0.00,0.00,206.00,0.00,0.00,'0','0',1,NULL,NULL,NULL,NULL,NULL,513,485),(4034,'2023-08-11','16091','SESTO SENSO COLONIA DESODORANT','33072010','5405','59,94','3,00',0.00,0.00,179.00,0.00,0.00,'0','0',1,NULL,NULL,NULL,NULL,NULL,513,485),(4035,'2023-08-11','17090','Adorisse Passion Colonia 50 ml','33030020','5405','77,94','2,00',0.00,0.00,155.00,0.00,0.00,'0','0',1,NULL,NULL,NULL,NULL,NULL,513,485),(4036,'2023-08-11','17203','Catalogo ciclo 07 e 08/23','49111090','5910','3,31','1,00',0.00,0.00,3.00,0.00,0.00,'0','0',1,NULL,NULL,NULL,NULL,NULL,513,485),(4037,'2023-08-11','16656','ADORISSE COLONIA DES 50ML','33072010','5405','99,00','1,00',0.00,0.00,99.00,0.00,0.00,'0','0',1,NULL,NULL,NULL,NULL,NULL,514,486),(4038,'2023-08-11','16090','JF9 BLACK DEO COL 100ML','33072010','5405','83,40','1,00',0.00,0.00,83.00,0.00,0.00,'0','0',1,NULL,NULL,NULL,NULL,NULL,514,486),(4039,'2023-08-11','16458','GARDENIA COL DES BR 50ML','33030020','5405','99,00','1,00',0.00,0.00,99.00,0.00,0.00,'0','0',1,NULL,NULL,NULL,NULL,NULL,514,486),(4040,'2023-08-11','16667','YITSU COL DES NAC 100ML','33072010','5405','95,40','1,00',0.00,0.00,95.00,0.00,0.00,'0','0',1,NULL,NULL,NULL,NULL,NULL,514,486),(4041,'2023-08-11','17203','Catalogo ciclo 07 e 08/23','49111090','5910','3,31','1,00',0.00,0.00,3.00,0.00,0.00,'0','0',1,NULL,NULL,NULL,NULL,NULL,514,486),(4042,'2023-08-11','16458','GARDENIA COL DES BR 50ML','33030020','5405','68,90','3,00',0.00,0.00,206.00,0.00,0.00,'0','0',1,NULL,NULL,NULL,NULL,NULL,515,487),(4043,'2023-08-11','16091','SESTO SENSO COLONIA DESODORANT','33072010','5405','59,94','1,00',0.00,0.00,59.00,0.00,0.00,'0','0',1,NULL,NULL,NULL,NULL,NULL,515,487),(4044,'2023-08-11','17054','JAFRA ROYAL BATOM MATTE CHIPOTLE','33041000','5405','46,14','1,00',0.00,0.00,46.00,0.00,0.00,'0','0',1,NULL,NULL,NULL,NULL,NULL,515,487),(4045,'2023-08-11','17203','Catalogo ciclo 07 e 08/23','49111090','5910','3,31','1,00',0.00,0.00,3.00,0.00,0.00,'0','0',1,NULL,NULL,NULL,NULL,NULL,515,487),(4046,'2023-08-11','4340','BATOM MATTE LOVE AFFAIR 4G','33041000','5405','27,54','1,00',0.00,0.00,27.00,0.00,0.00,'0','0',1,NULL,NULL,NULL,NULL,NULL,516,488),(4047,'2023-08-11','16656','ADORISSE COLONIA DES 50ML','33072010','5405','99,00','1,00',0.00,0.00,99.00,0.00,0.00,'0','0',1,NULL,NULL,NULL,NULL,NULL,516,488),(4048,'2023-08-11','13065','J SPORT RIDE DEO 100ML','33072010','5405','83,40','2,00',0.00,0.00,166.00,0.00,0.00,'0','0',1,NULL,NULL,NULL,NULL,NULL,516,488),(4049,'2023-08-11','11437','VESEN LIFE DES COL 50ML BR','33072010','5405','77,40','1,00',0.00,0.00,77.00,0.00,0.00,'0','0',1,NULL,NULL,NULL,NULL,NULL,516,488),(4050,'2023-08-11','16092','LEGEND FOR MEN COL DEO 100ML','33072010','5405','89,40','1,00',0.00,0.00,89.00,0.00,0.00,'0','0',1,NULL,NULL,NULL,NULL,NULL,516,488),(4051,'2023-08-11','16459','VALFERRA.DEO COLONIA 100ML','33072010','5405','77,40','1,00',0.00,0.00,77.00,0.00,0.00,'0','0',1,NULL,NULL,NULL,NULL,NULL,516,488),(4052,'2023-08-11','16091','SESTO SENSO COLONIA DESODORANT','33072010','5405','59,94','1,00',0.00,0.00,59.00,0.00,0.00,'0','0',1,NULL,NULL,NULL,NULL,NULL,516,488),(4053,'2023-08-11','16458','GARDENIA COL DES BR 50ML','33030020','5405','68,90','3,00',0.00,0.00,206.00,0.00,0.00,'0','0',1,NULL,NULL,NULL,NULL,NULL,516,488),(4054,'2023-08-11','17203','Catalogo ciclo 07 e 08/23','49111090','5910','3,31','1,00',0.00,0.00,3.00,0.00,0.00,'0','0',1,NULL,NULL,NULL,NULL,NULL,516,488),(4055,'2023-08-11','17156','JAFRA LAPIS DELINEADOR PARA SOBRANCELHAS 1 g ','33042010','5405','17,90','2,00',0.00,0.00,35.00,0.00,0.00,'0','0',1,NULL,NULL,NULL,NULL,NULL,517,489),(4056,'2023-08-11','16458','GARDENIA COL DES BR 50ML','33030020','5405','68,90','3,00',0.00,0.00,206.00,0.00,0.00,'0','0',1,NULL,NULL,NULL,NULL,NULL,517,489),(4057,'2023-08-11','16669','J SPORT XTREME COL DES NAC','33072010','5405','65,90','2,00',0.00,0.00,131.00,0.00,0.00,'0','0',1,NULL,NULL,NULL,NULL,NULL,517,489),(4058,'2023-08-11','16091','SESTO SENSO COLONIA DESODORANT','33072010','5405','59,94','2,00',0.00,0.00,119.00,0.00,0.00,'0','0',1,NULL,NULL,NULL,NULL,NULL,517,489),(4059,'2023-08-11','17090','Adorisse Passion Colonia 50 ml','33030020','5405','77,94','1,00',0.00,0.00,77.00,0.00,0.00,'0','0',1,NULL,NULL,NULL,NULL,NULL,517,489),(4060,'2023-08-11','16658','ADORISSE PURE GOLD COLDES 50ML','33072010','5405','77,94','1,00',0.00,0.00,77.00,0.00,0.00,'0','0',1,NULL,NULL,NULL,NULL,NULL,517,489),(4061,'2023-08-11','17203','Catalogo ciclo 07 e 08/23','49111090','5910','3,31','1,00',0.00,0.00,3.00,0.00,0.00,'0','0',1,NULL,NULL,NULL,NULL,NULL,517,489),(4062,'2023-08-11','16458','GARDENIA COL DES BR 50ML','33030020','5405','68,90','1,00',0.00,0.00,68.00,0.00,0.00,'0','0',1,NULL,NULL,NULL,NULL,NULL,518,490),(4063,'2023-08-11','16669','J SPORT XTREME COL DES NAC','33072010','5405','65,90','1,00',0.00,0.00,65.00,0.00,0.00,'0','0',1,NULL,NULL,NULL,NULL,NULL,518,490),(4064,'2023-08-11','16091','SESTO SENSO COLONIA DESODORANT','33072010','5405','59,94','3,00',0.00,0.00,179.00,0.00,0.00,'0','0',1,NULL,NULL,NULL,NULL,NULL,518,490),(4065,'2023-08-11','16658','ADORISSE PURE GOLD COLDES 50ML','33072010','5405','77,94','1,00',0.00,0.00,77.00,0.00,0.00,'0','0',1,NULL,NULL,NULL,NULL,NULL,518,490),(4066,'2023-08-11','17165','Eau D Aromes Deo Colonia 100ml - Limited Edit','33072010','5405','77,40','2,00',0.00,0.00,154.00,0.00,0.00,'0','0',1,NULL,NULL,NULL,NULL,NULL,518,490),(4067,'2023-08-11','17203','Catalogo ciclo 07 e 08/23','49111090','5910','3,31','1,00',0.00,0.00,3.00,0.00,0.00,'0','0',1,NULL,NULL,NULL,NULL,NULL,518,490),(4068,'2023-08-11','16458','GARDENIA COL DES BR 50ML','33030020','5405','68,90','3,00',0.00,0.00,206.00,0.00,0.00,'0','0',1,NULL,NULL,NULL,NULL,NULL,519,491),(4069,'2023-08-11','17165','Eau D Aromes Deo Colonia 100ml - Limited Edit','33072010','5405','77,40','1,00',0.00,0.00,77.00,0.00,0.00,'0','0',1,NULL,NULL,NULL,NULL,NULL,519,491),(4070,'2023-08-11','16650','JANDE COL DESODORANTE NAC 50ML','33072010','5405','71,34','1,00',0.00,0.00,71.00,0.00,0.00,'0','0',1,NULL,NULL,NULL,NULL,NULL,519,491),(4071,'2023-08-11','17203','Catalogo ciclo 07 e 08/23','49111090','5910','3,31','1,00',0.00,0.00,3.00,0.00,0.00,'0','0',1,NULL,NULL,NULL,NULL,NULL,519,491),(4072,'2023-08-11','16458','GARDENIA COL DES BR 50ML','33030020','5405','68,90','3,00',0.00,0.00,206.00,0.00,0.00,'0','0',1,NULL,NULL,NULL,NULL,NULL,520,492),(4073,'2023-08-11','17031','Luna Bright Hidratante em Gel Com Efeito Clar','33049990','5405','40,90','1,00',0.00,0.00,40.00,0.00,0.00,'0','0',1,NULL,NULL,NULL,NULL,NULL,520,492),(4074,'2023-08-11','17032','LUNA BRIGHT SERUM CONCENTRADO 30 ML','33049910','5405','33,90','1,00',0.00,0.00,33.00,0.00,0.00,'0','0',1,NULL,NULL,NULL,NULL,NULL,520,492),(4075,'2023-08-11','17137','Sabonetes Gardenia (4 sabonetes em forma de f','34011190','5405','15,54','1,00',0.00,0.00,15.00,0.00,0.00,'0','0',1,NULL,NULL,NULL,NULL,NULL,520,492),(4076,'2023-08-11','17089','Gel Demaquilante para Area dos Olhos 30 ml','33049990','5405','16,80','1,00',0.00,0.00,16.00,0.00,0.00,'0','0',1,NULL,NULL,NULL,NULL,NULL,520,492),(4077,'2023-08-11','17203','Catalogo ciclo 07 e 08/23','49111090','5910','3,31','1,00',0.00,0.00,3.00,0.00,0.00,'0','0',1,NULL,NULL,NULL,NULL,NULL,520,492),(4078,'2023-08-11','16458','GARDENIA COL DES BR 50ML','33030020','5405','68,90','3,00',0.00,0.00,206.00,0.00,0.00,'0','0',1,NULL,NULL,NULL,NULL,NULL,521,493),(4079,'2023-08-11','16658','ADORISSE PURE GOLD COLDES 50ML','33072010','5405','77,94','1,00',0.00,0.00,77.00,0.00,0.00,'0','0',1,NULL,NULL,NULL,NULL,NULL,521,493),(4080,'2023-08-11','16669','J SPORT XTREME COL DES NAC','33072010','5405','65,90','1,00',0.00,0.00,65.00,0.00,0.00,'0','0',1,NULL,NULL,NULL,NULL,NULL,521,493),(4081,'2023-08-11','17203','Catalogo ciclo 07 e 08/23','49111090','5910','3,31','1,00',0.00,0.00,3.00,0.00,0.00,'0','0',1,NULL,NULL,NULL,NULL,NULL,521,493),(4082,'2023-08-11','16458','GARDENIA COL DES BR 50ML','33030020','5405','68,90','3,00',0.00,0.00,206.00,0.00,0.00,'0','0',1,NULL,NULL,NULL,NULL,NULL,522,494),(4083,'2023-08-11','16092','LEGEND FOR MEN COL DEO 100ML','33072010','5405','89,40','1,00',0.00,0.00,89.00,0.00,0.00,'0','0',1,NULL,NULL,NULL,NULL,NULL,522,494),(4084,'2023-08-11','16450','SACOLA FREEDOM TO BE YOU G','48192000','5102','5,00','1,00',0.00,0.00,5.00,0.00,0.00,'0','0',1,NULL,NULL,NULL,NULL,NULL,522,494),(4085,'2023-08-11','17203','Catalogo ciclo 07 e 08/23','49111090','5910','3,31','1,00',0.00,0.00,3.00,0.00,0.00,'0','0',1,NULL,NULL,NULL,NULL,NULL,522,494),(4086,'2023-08-11','16458','GARDENIA COL DES BR 50ML','33030020','5405','68,90','3,00',0.00,0.00,206.00,0.00,0.00,'0','0',1,NULL,NULL,NULL,NULL,NULL,523,495),(4087,'2023-08-11','16091','SESTO SENSO COLONIA DESODORANT','33072010','5405','59,94','1,00',0.00,0.00,59.00,0.00,0.00,'0','0',1,NULL,NULL,NULL,NULL,NULL,523,495),(4088,'2023-08-11','17090','Adorisse Passion Colonia 50 ml','33030020','5405','77,94','2,00',0.00,0.00,155.00,0.00,0.00,'0','0',1,NULL,NULL,NULL,NULL,NULL,523,495),(4089,'2023-08-11','16650','JANDE COL DESODORANTE NAC 50ML','33072010','5405','71,34','1,00',0.00,0.00,71.00,0.00,0.00,'0','0',1,NULL,NULL,NULL,NULL,NULL,523,495),(4090,'2023-08-11','17203','Catalogo ciclo 07 e 08/23','49111090','5910','3,31','1,00',0.00,0.00,3.00,0.00,0.00,'0','0',1,NULL,NULL,NULL,NULL,NULL,523,495),(4091,'2023-08-11','16458','GARDENIA COL DES BR 50ML','33030020','5405','68,90','2,00',0.00,0.00,137.00,0.00,0.00,'0','0',1,NULL,NULL,NULL,NULL,NULL,524,496),(4092,'2023-08-11','17067','Royal Almond Sabonetes','34011190','5405','23,94','1,00',0.00,0.00,23.00,0.00,0.00,'0','0',1,NULL,NULL,NULL,NULL,NULL,524,496),(4093,'2023-08-11','17090','Adorisse Passion Colonia 50 ml','33030020','5405','77,94','2,00',0.00,0.00,155.00,0.00,0.00,'0','0',1,NULL,NULL,NULL,NULL,NULL,524,496),(4094,'2023-08-11','17001','J BROS BALM GEL LIMPEZA FACIAL 100ML','34013000','5405','9,90','4,00',0.00,0.00,39.00,0.00,0.00,'0','0',1,NULL,NULL,NULL,NULL,NULL,524,496),(4095,'2023-08-11','17203','Catalogo ciclo 07 e 08/23','49111090','5910','3,31','1,00',0.00,0.00,3.00,0.00,0.00,'0','0',1,NULL,NULL,NULL,NULL,NULL,524,496),(4096,'2023-08-11','16458','GARDENIA COL DES BR 50ML','33030020','5405','68,90','3,00',0.00,0.00,206.00,0.00,0.00,'0','0',1,NULL,NULL,NULL,NULL,NULL,525,497),(4097,'2023-08-11','17156','JAFRA LAPIS DELINEADOR PARA SOBRANCELHAS 1 g ','33042010','5405','17,90','2,00',0.00,0.00,35.00,0.00,0.00,'0','0',1,NULL,NULL,NULL,NULL,NULL,525,497),(4098,'2023-08-11','16669','J SPORT XTREME COL DES NAC','33072010','5405','65,90','1,00',0.00,0.00,65.00,0.00,0.00,'0','0',1,NULL,NULL,NULL,NULL,NULL,525,497),(4099,'2023-08-11','17203','Catalogo ciclo 07 e 08/23','49111090','5910','3,31','1,00',0.00,0.00,3.00,0.00,0.00,'0','0',1,NULL,NULL,NULL,NULL,NULL,525,497),(4100,'2023-08-11','16458','GARDENIA COL DES BR 50ML','33030020','5405','68,90','2,00',0.00,0.00,137.00,0.00,0.00,'0','0',1,NULL,NULL,NULL,NULL,NULL,526,498),(4101,'2023-08-11','16669','J SPORT XTREME COL DES NAC','33072010','5405','65,90','2,00',0.00,0.00,131.00,0.00,0.00,'0','0',1,NULL,NULL,NULL,NULL,NULL,526,498),(4102,'2023-08-11','11213','COL DES JF9 CHROME 100ML','33072010','5405','65,94','2,00',0.00,0.00,131.00,0.00,0.00,'0','0',1,NULL,NULL,NULL,NULL,NULL,526,498),(4103,'2023-08-11','84777','LEGEND HERO COL DES 100ML','33072010','5405','71,34','2,00',0.00,0.00,142.00,0.00,0.00,'0','0',1,NULL,NULL,NULL,NULL,NULL,526,498),(4104,'2023-08-11','17203','Catalogo ciclo 07 e 08/23','49111090','5910','3,31','1,00',0.00,0.00,3.00,0.00,0.00,'0','0',1,NULL,NULL,NULL,NULL,NULL,526,498),(4105,'2023-08-11','16458','GARDENIA COL DES BR 50ML','33030020','5405','68,90','3,00',0.00,0.00,206.00,0.00,0.00,'0','0',1,NULL,NULL,NULL,NULL,NULL,527,499),(4106,'2023-08-11','17165','Eau D Aromes Deo Colonia 100ml - Limited Edit','33072010','5405','77,40','1,00',0.00,0.00,77.00,0.00,0.00,'0','0',1,NULL,NULL,NULL,NULL,NULL,527,499),(4107,'2023-08-11','16846','N6 PINCEL JAFRA PARA ESFUMAR','96033000','5102','15,60','1,00',0.00,0.00,15.00,0.00,0.00,'0','0',1,NULL,NULL,NULL,NULL,NULL,527,499),(4108,'2023-08-11','17203','Catalogo ciclo 07 e 08/23','49111090','5910','3,31','1,00',0.00,0.00,3.00,0.00,0.00,'0','0',1,NULL,NULL,NULL,NULL,NULL,527,499),(4109,'2023-08-11','16667','YITSU COL DES NAC 100ML','33072010','5405','65,90','2,00',0.00,0.00,131.00,0.00,0.00,'0','0',1,NULL,NULL,NULL,NULL,NULL,528,500),(4110,'2023-08-11','17121','JAFRA ROYAL CLEAR SMART TONICO FACIAL CLAREAD','33049910','5405','44,34','1,00',0.00,0.00,44.00,0.00,0.00,'0','0',1,NULL,NULL,NULL,NULL,NULL,528,500),(4111,'2023-08-11','17119','InsideHair with Royal Jelly','21069030','5102','83,40','1,00',0.00,0.00,83.00,0.00,0.00,'0','0',1,NULL,NULL,NULL,NULL,NULL,528,500),(4112,'2023-08-11','17120','InsideSkin with Royal Jelly','21069030','5102','59,94','1,00',0.00,0.00,59.00,0.00,0.00,'0','0',1,NULL,NULL,NULL,NULL,NULL,528,500),(4113,'2023-08-11','17162','JAFRA BATOM COBERTURA TOTAL MATTE 4 G  LUST','33041000','5405','21,90','2,00',0.00,0.00,43.00,0.00,0.00,'0','0',1,NULL,NULL,NULL,NULL,NULL,528,500),(4114,'2023-08-11','17203','Catalogo ciclo 07 e 08/23','49111090','5910','3,31','1,00',0.00,0.00,3.00,0.00,0.00,'0','0',1,NULL,NULL,NULL,NULL,NULL,528,500),(4115,'2023-08-15','16458','GARDENIA COL DES BR 50ML','33030020','5405','68,90','3,00',0.00,0.00,206.00,0.00,0.00,'0','0',1,NULL,NULL,NULL,NULL,NULL,529,501),(4116,'2023-08-15','17090','Adorisse Passion Colonia 50 ml','33030020','5405','77,94','1,00',0.00,0.00,77.00,0.00,0.00,'0','0',1,NULL,NULL,NULL,NULL,NULL,529,501),(4117,'2023-08-15','17120','InsideSkin with Royal Jelly','21069030','5102','59,94','1,00',0.00,0.00,59.00,0.00,0.00,'0','0',1,NULL,NULL,NULL,NULL,NULL,529,501),(4118,'2023-08-15','16658','ADORISSE PURE GOLD COLDES 50ML','33072010','5405','77,94','2,00',0.00,0.00,155.00,0.00,0.00,'0','0',1,NULL,NULL,NULL,NULL,NULL,529,501),(4119,'2023-08-15','16669','J SPORT XTREME COL DES NAC','33072010','5405','65,90','2,00',0.00,0.00,131.00,0.00,0.00,'0','0',1,NULL,NULL,NULL,NULL,NULL,529,501),(4120,'2023-08-15','17203','Catalogo ciclo 07 e 08/23','49111090','5910','3,31','1,00',0.00,0.00,3.00,0.00,0.00,'0','0',1,NULL,NULL,NULL,NULL,NULL,529,501),(4121,'2023-08-15','16623','VESEN COL DESODORANTE NAC 50ML','33072010','5405','77,40','1,00',0.00,0.00,77.00,0.00,0.00,'0','0',1,NULL,NULL,NULL,NULL,NULL,530,502),(4122,'2023-08-15','16092','LEGEND FOR MEN COL DEO 100ML','33072010','5405','89,40','1,00',0.00,0.00,89.00,0.00,0.00,'0','0',1,NULL,NULL,NULL,NULL,NULL,530,502),(4123,'2023-08-15','16458','GARDENIA COL DES BR 50ML','33030020','5405','68,90','3,00',0.00,0.00,206.00,0.00,0.00,'0','0',1,NULL,NULL,NULL,NULL,NULL,530,502),(4124,'2023-08-15','17203','Catalogo ciclo 07 e 08/23','49111090','5910','3,31','1,00',0.00,0.00,3.00,0.00,0.00,'0','0',1,NULL,NULL,NULL,NULL,NULL,530,502),(4125,'2023-08-15','16458','GARDENIA COL DES BR 50ML','33030020','5405','68,90','2,00',0.00,0.00,137.00,0.00,0.00,'0','0',1,NULL,NULL,NULL,NULL,NULL,531,503),(4126,'2023-08-15','16091','SESTO SENSO COLONIA DESODORANT','33072010','5405','59,94','7,00',0.00,0.00,419.00,0.00,0.00,'0','0',1,NULL,NULL,NULL,NULL,NULL,531,503),(4127,'2023-08-15','17203','Catalogo ciclo 07 e 08/23','49111090','5910','3,31','1,00',0.00,0.00,3.00,0.00,0.00,'0','0',1,NULL,NULL,NULL,NULL,NULL,531,503),(4128,'2023-08-15','4366','Diamonds BLUSH 50ML','33072010','5405','65,94','2,00',0.00,0.00,131.00,0.00,0.00,'0','0',1,NULL,NULL,NULL,NULL,NULL,532,504),(4129,'2023-08-15','17120','InsideSkin with Royal Jelly','21069030','5102','59,94','1,00',0.00,0.00,59.00,0.00,0.00,'0','0',1,NULL,NULL,NULL,NULL,NULL,532,504),(4130,'2023-08-15','17156','JAFRA LAPIS DELINEADOR PARA SOBRANCELHAS 1 g ','33042010','5405','17,90','2,00',0.00,0.00,35.00,0.00,0.00,'0','0',1,NULL,NULL,NULL,NULL,NULL,532,504),(4131,'2023-08-15','16669','J SPORT XTREME COL DES NAC','33072010','5405','65,90','1,00',0.00,0.00,65.00,0.00,0.00,'0','0',1,NULL,NULL,NULL,NULL,NULL,532,504),(4132,'2023-08-15','16091','SESTO SENSO COLONIA DESODORANT','33072010','5405','59,94','1,00',0.00,0.00,59.00,0.00,0.00,'0','0',1,NULL,NULL,NULL,NULL,NULL,532,504),(4133,'2023-08-15','17203','Catalogo ciclo 07 e 08/23','49111090','5910','3,31','1,00',0.00,0.00,3.00,0.00,0.00,'0','0',1,NULL,NULL,NULL,NULL,NULL,532,504),(4134,'2023-08-15','16092','LEGEND FOR MEN COL DEO 100ML','33072010','5405','89,40','1,00',0.00,0.00,89.00,0.00,0.00,'0','0',1,NULL,NULL,NULL,NULL,NULL,533,505),(4135,'2023-08-15','47730','NAVIGO HOMME DEO COL 100ML','33072010','5405','113,40','1,00',0.00,0.00,113.00,0.00,0.00,'0','0',1,NULL,NULL,NULL,NULL,NULL,533,505),(4136,'2023-08-15','16656','ADORISSE COLONIA DES 50ML','33072010','5405','99,00','1,00',0.00,0.00,99.00,0.00,0.00,'0','0',1,NULL,NULL,NULL,NULL,NULL,533,505),(4137,'2023-08-15','17165','Eau D Aromes Deo Colonia 100ml - Limited Edit','33072010','5405','77,40','1,00',0.00,0.00,77.00,0.00,0.00,'0','0',1,NULL,NULL,NULL,NULL,NULL,533,505),(4138,'2023-08-15','16458','GARDENIA COL DES BR 50ML','33030020','5405','68,90','1,00',0.00,0.00,68.00,0.00,0.00,'0','0',1,NULL,NULL,NULL,NULL,NULL,533,505),(4139,'2023-08-15','17203','Catalogo ciclo 07 e 08/23','49111090','5910','3,31','1,00',0.00,0.00,3.00,0.00,0.00,'0','0',1,NULL,NULL,NULL,NULL,NULL,533,505),(4140,'2023-08-15','16091','SESTO SENSO COLONIA DESODORANT','33072010','5405','59,94','1,00',0.00,0.00,59.00,0.00,0.00,'0','0',1,NULL,NULL,NULL,NULL,NULL,534,506),(4141,'2023-08-15','17165','Eau D Aromes Deo Colonia 100ml - Limited Edit','33072010','5405','77,40','1,00',0.00,0.00,77.00,0.00,0.00,'0','0',1,NULL,NULL,NULL,NULL,NULL,534,506),(4142,'2023-08-15','16458','GARDENIA COL DES BR 50ML','33030020','5405','68,90','1,00',0.00,0.00,68.00,0.00,0.00,'0','0',1,NULL,NULL,NULL,NULL,NULL,534,506),(4143,'2023-08-15','4366','Diamonds BLUSH 50ML','33072010','5405','65,94','1,00',0.00,0.00,65.00,0.00,0.00,'0','0',1,NULL,NULL,NULL,NULL,NULL,534,506),(4144,'2023-08-15','17156','JAFRA LAPIS DELINEADOR PARA SOBRANCELHAS 1 g ','33042010','5405','17,90','2,00',0.00,0.00,35.00,0.00,0.00,'0','0',1,NULL,NULL,NULL,NULL,NULL,534,506),(4145,'2023-08-15','17016','ROYAL BOOST  CREME FACIAL HIDRATANTE 50ML','33049910','5910','5,89','1,00',0.00,0.00,5.00,0.00,0.00,'0','0',1,NULL,NULL,NULL,NULL,NULL,534,506),(4146,'2023-08-15','17203','Catalogo ciclo 07 e 08/23','49111090','5910','3,31','1,00',0.00,0.00,3.00,0.00,0.00,'0','0',1,NULL,NULL,NULL,NULL,NULL,534,506),(4150,'2023-08-15','16458','GARDENIA COL DES BR 50ML','33030020','5405','68,90','3,00',0.00,0.00,206.00,0.00,0.00,'0','0',1,NULL,NULL,NULL,NULL,NULL,536,508),(4151,'2023-08-15','16669','J SPORT XTREME COL DES NAC','33072010','5405','65,90','1,00',0.00,0.00,65.00,0.00,0.00,'0','0',1,NULL,NULL,NULL,NULL,NULL,536,508),(4152,'2023-08-15','4645','PARIS ET MOI DEO PARFUM 50ML','33072010','5405','103,20','1,00',0.00,0.00,103.00,0.00,0.00,'0','0',1,NULL,NULL,NULL,NULL,NULL,536,508),(4153,'2023-08-15','17203','Catalogo ciclo 07 e 08/23','49111090','5910','1,66','2,00',0.00,0.00,3.00,0.00,0.00,'0','0',1,NULL,NULL,NULL,NULL,NULL,536,508),(4154,'2023-08-15','16091','SESTO SENSO COLONIA DESODORANT','33072010','5405','59,94','1,00',0.00,0.00,59.00,0.00,0.00,'0','0',1,NULL,NULL,NULL,NULL,NULL,537,509),(4155,'2023-08-15','4366','Diamonds BLUSH 50ML','33072010','5405','65,94','1,00',0.00,0.00,65.00,0.00,0.00,'0','0',1,NULL,NULL,NULL,NULL,NULL,537,509),(4156,'2023-08-15','16090','JF9 BLACK DEO COL 100ML','33072010','5405','83,40','1,00',0.00,0.00,83.00,0.00,0.00,'0','0',1,NULL,NULL,NULL,NULL,NULL,537,509),(4157,'2023-08-15','16460','J-SPORT DEO COL 100ML','33072010','5405','65,73','1,00',0.00,0.00,65.00,0.00,0.00,'0','0',1,NULL,NULL,NULL,NULL,NULL,537,509),(4158,'2023-08-15','16757','ADORISSE VELVET COL DES 50ML','33072010','5405','65,73','1,00',0.00,0.00,65.00,0.00,0.00,'0','0',1,NULL,NULL,NULL,NULL,NULL,537,509),(4159,'2023-08-15','17153','JAFRA LEGEND PRIVE COLONIA  100 ML','33030020','5405','65,73','1,00',0.00,0.00,65.00,0.00,0.00,'0','0',1,NULL,NULL,NULL,NULL,NULL,537,509),(4160,'2023-08-15','17016','ROYAL BOOST  CREME FACIAL HIDRATANTE 50ML','33049910','5910','5,89','1,00',0.00,0.00,5.00,0.00,0.00,'0','0',1,NULL,NULL,NULL,NULL,NULL,537,509),(4161,'2023-08-15','17203','Catalogo ciclo 07 e 08/23','49111090','5910','3,31','1,00',0.00,0.00,3.00,0.00,0.00,'0','0',1,NULL,NULL,NULL,NULL,NULL,537,509),(4162,'2023-08-15','16458','GARDENIA COL DES BR 50ML','33030020','5405','68,90','3,00',0.00,0.00,206.00,0.00,0.00,'0','0',1,NULL,NULL,NULL,NULL,NULL,538,510),(4163,'2023-08-15','16669','J SPORT XTREME COL DES NAC','33072010','5405','65,90','3,00',0.00,0.00,197.00,0.00,0.00,'0','0',1,NULL,NULL,NULL,NULL,NULL,538,510),(4164,'2023-08-15','17203','Catalogo ciclo 07 e 08/23','49111090','5910','3,31','1,00',0.00,0.00,3.00,0.00,0.00,'0','0',1,NULL,NULL,NULL,NULL,NULL,538,510),(4165,'2023-08-15','16458','GARDENIA COL DES BR 50ML','33030020','5405','68,90','2,00',0.00,0.00,137.00,0.00,0.00,'0','0',1,NULL,NULL,NULL,NULL,NULL,539,511),(4166,'2023-08-15','17073','Royal Defy Rico Creme de Limpeza 125 Ml','33049990','5405','85,90','1,00',0.00,0.00,85.00,0.00,0.00,'0','0',1,NULL,NULL,NULL,NULL,NULL,539,511),(4167,'2023-08-15','17021','ROYAL REVITALIZE  SERUM FACIAL HIDRATANTE 30 ','33049910','5405','91,14','1,00',0.00,0.00,91.00,0.00,0.00,'0','0',1,NULL,NULL,NULL,NULL,NULL,539,511),(4168,'2023-08-15','17203','Catalogo ciclo 07 e 08/23','49111090','5910','3,31','1,00',0.00,0.00,3.00,0.00,0.00,'0','0',1,NULL,NULL,NULL,NULL,NULL,539,511),(4169,'2023-08-15','13081','TRIO DE SOMBRAS CAPUCCINO','33042010','5405','21,90','1,00',0.00,0.00,21.00,0.00,0.00,'0','0',1,NULL,NULL,NULL,NULL,NULL,540,512),(4170,'2023-08-15','17096','Base Always Amplo Espectro FPS 15  BISQUE','33049990','5405','19,00','1,00',0.00,0.00,19.00,0.00,0.00,'0','0',1,NULL,NULL,NULL,NULL,NULL,540,512),(4171,'2023-08-15','17001','J BROS BALM GEL LIMPEZA FACIAL 100ML','34013000','5405','9,90','1,00',0.00,0.00,9.00,0.00,0.00,'0','0',1,NULL,NULL,NULL,NULL,NULL,540,512),(4172,'2023-08-15','16956','Hidratante Desodorante Corporal Free To Be Ne','33072090','5405','47,94','1,00',0.00,0.00,47.00,0.00,0.00,'0','0',1,NULL,NULL,NULL,NULL,NULL,540,512),(4173,'2023-08-15','4366','Diamonds BLUSH 50ML','33072010','5405','65,94','1,00',0.00,0.00,65.00,0.00,0.00,'0','0',1,NULL,NULL,NULL,NULL,NULL,540,512),(4174,'2023-08-15','16458','GARDENIA COL DES BR 50ML','33030020','5405','68,90','1,00',0.00,0.00,68.00,0.00,0.00,'0','0',1,NULL,NULL,NULL,NULL,NULL,540,512),(4175,'2023-08-15','17003','J BROS SHOWER GEL 250ML','34013000','5405','29,94','1,00',0.00,0.00,29.00,0.00,0.00,'0','0',1,NULL,NULL,NULL,NULL,NULL,540,512),(4176,'2023-08-15','16091','SESTO SENSO COLONIA DESODORANT','33072010','5405','59,94','1,00',0.00,0.00,59.00,0.00,0.00,'0','0',1,NULL,NULL,NULL,NULL,NULL,540,512),(4177,'2023-08-15','17088','Sabonete Eau Daromes','34011190','5405','22,14','1,00',0.00,0.00,22.00,0.00,0.00,'0','0',1,NULL,NULL,NULL,NULL,NULL,540,512),(4178,'2023-08-15','17203','Catalogo ciclo 07 e 08/23','49111090','5910','3,31','1,00',0.00,0.00,3.00,0.00,0.00,'0','0',1,NULL,NULL,NULL,NULL,NULL,540,512),(4179,'2023-08-15','16458','GARDENIA COL DES BR 50ML','33030020','5405','68,90','2,00',0.00,0.00,137.00,0.00,0.00,'0','0',1,NULL,NULL,NULL,NULL,NULL,541,513),(4180,'2023-08-15','17156','JAFRA LAPIS DELINEADOR PARA SOBRANCELHAS 1 g ','33042010','5405','17,90','2,00',0.00,0.00,35.00,0.00,0.00,'0','0',1,NULL,NULL,NULL,NULL,NULL,541,513),(4181,'2023-08-15','11213','COL DES JF9 CHROME 100ML','33072010','5405','65,94','1,00',0.00,0.00,65.00,0.00,0.00,'0','0',1,NULL,NULL,NULL,NULL,NULL,541,513),(4182,'2023-08-15','4366','Diamonds BLUSH 50ML','33072010','5405','65,94','1,00',0.00,0.00,65.00,0.00,0.00,'0','0',1,NULL,NULL,NULL,NULL,NULL,541,513),(4183,'2023-08-15','17203','Catalogo ciclo 07 e 08/23','49111090','5910','3,31','1,00',0.00,0.00,3.00,0.00,0.00,'0','0',1,NULL,NULL,NULL,NULL,NULL,541,513),(4184,'2023-08-15','16458','GARDENIA COL DES BR 50ML','33030020','5405','68,90','1,00',0.00,0.00,68.00,0.00,0.00,'0','0',1,NULL,NULL,NULL,NULL,NULL,542,514),(4185,'2023-08-15','16669','J SPORT XTREME COL DES NAC','33072010','5405','65,90','1,00',0.00,0.00,65.00,0.00,0.00,'0','0',1,NULL,NULL,NULL,NULL,NULL,542,514),(4186,'2023-08-15','16091','SESTO SENSO COLONIA DESODORANT','33072010','5405','59,94','1,00',0.00,0.00,59.00,0.00,0.00,'0','0',1,NULL,NULL,NULL,NULL,NULL,542,514),(4187,'2023-08-15','11213','COL DES JF9 CHROME 100ML','33072010','5405','65,94','1,00',0.00,0.00,65.00,0.00,0.00,'0','0',1,NULL,NULL,NULL,NULL,NULL,542,514),(4188,'2023-08-15','4366','Diamonds BLUSH 50ML','33072010','5405','65,94','1,00',0.00,0.00,65.00,0.00,0.00,'0','0',1,NULL,NULL,NULL,NULL,NULL,542,514),(4189,'2023-08-15','17203','Catalogo ciclo 07 e 08/23','49111090','5910','3,31','1,00',0.00,0.00,3.00,0.00,0.00,'0','0',1,NULL,NULL,NULL,NULL,NULL,542,514),(4190,'2023-08-15','17001','J BROS BALM GEL LIMPEZA FACIAL 100ML','34013000','5405','9,90','1,00',0.00,0.00,9.00,0.00,0.00,'0','0',1,NULL,NULL,NULL,NULL,NULL,543,515),(4191,'2023-08-15','16996','J BROS BALM POS BARBA 100 ML','33071000','5405','23,94','1,00',0.00,0.00,23.00,0.00,0.00,'0','0',1,NULL,NULL,NULL,NULL,NULL,543,515),(4192,'2023-08-15','16849','FITA OLFATIVA BLOCO 40 UNID','49111090','5102','8,00','1,00',0.00,0.00,8.00,0.00,0.00,'0','0',1,NULL,NULL,NULL,NULL,NULL,543,515),(4193,'2023-08-15','17083','Kit 11 Amostras Fragrancias Masculinas 2,5ml','33072010','5405','19,90','1,00',0.00,0.00,19.00,0.00,0.00,'0','0',1,NULL,NULL,NULL,NULL,NULL,543,515),(4194,'2023-08-15','17141','Kit 14 Amostras Fragrancias Femininas 2,5ml','33072010','5405','26,90','1,00',0.00,0.00,26.00,0.00,0.00,'0','0',1,NULL,NULL,NULL,NULL,NULL,543,515),(4195,'2023-08-15','19072','PORTA-AMOSTRAS 4ML','42022900','5102','19,90','1,00',0.00,0.00,19.00,0.00,0.00,'0','0',1,NULL,NULL,NULL,NULL,NULL,543,515),(4196,'2023-08-15','16458','GARDENIA COL DES BR 50ML','33030020','5405','68,90','1,00',0.00,0.00,68.00,0.00,0.00,'0','0',1,NULL,NULL,NULL,NULL,NULL,543,515),(4197,'2023-08-15','11473','JAFRA XCLUSIVE DEO COL BR','33072010','5405','75,00','1,00',0.00,0.00,75.00,0.00,0.00,'0','0',1,NULL,NULL,NULL,NULL,NULL,543,515),(4198,'2023-08-15','17044','COLONIA ABSOLUTE LEATHER','33030020','5405','89,40','1,00',0.00,0.00,89.00,0.00,0.00,'0','0',1,NULL,NULL,NULL,NULL,NULL,543,515),(4199,'2023-08-15','17016','ROYAL BOOST  CREME FACIAL HIDRATANTE 50ML','33049910','5910','5,89','1,00',0.00,0.00,5.00,0.00,0.00,'0','0',1,NULL,NULL,NULL,NULL,NULL,543,515),(4200,'2023-08-15','17203','Catalogo ciclo 07 e 08/23','49111090','5910','3,31','1,00',0.00,0.00,3.00,0.00,0.00,'0','0',1,NULL,NULL,NULL,NULL,NULL,543,515),(4201,'2023-08-15','16090','JF9 BLACK DEO COL 100ML','33072010','5405','83,40','2,00',0.00,0.00,166.00,0.00,0.00,'0','0',1,NULL,NULL,NULL,NULL,NULL,544,516),(4202,'2023-08-15','16092','LEGEND FOR MEN COL DEO 100ML','33072010','5405','89,40','2,00',0.00,0.00,178.00,0.00,0.00,'0','0',1,NULL,NULL,NULL,NULL,NULL,544,516),(4203,'2023-08-15','16458','GARDENIA COL DES BR 50ML','33030020','5405','68,90','1,00',0.00,0.00,68.00,0.00,0.00,'0','0',1,NULL,NULL,NULL,NULL,NULL,544,516),(4204,'2023-08-15','17070','Sabonete Legend 4 sabonetes de 40gr','34011190','5405','21,54','1,00',0.00,0.00,21.00,0.00,0.00,'0','0',1,NULL,NULL,NULL,NULL,NULL,544,516),(4205,'2023-08-15','17140','SESTO SENSO IN AMORE COLONIA DESODORANTE 100 ','33072010','5405','83,40','1,00',0.00,0.00,83.00,0.00,0.00,'0','0',1,NULL,NULL,NULL,NULL,NULL,544,516),(4206,'2023-08-15','17044','COLONIA ABSOLUTE LEATHER','33030020','5910','19,79','1,00',0.00,0.00,19.00,0.00,0.00,'0','0',1,NULL,NULL,NULL,NULL,NULL,544,516),(4207,'2023-08-15','17203','Catalogo ciclo 07 e 08/23','49111090','5910','3,31','1,00',0.00,0.00,3.00,0.00,0.00,'0','0',1,NULL,NULL,NULL,NULL,NULL,544,516),(4208,'2023-08-15','17001','J BROS BALM GEL LIMPEZA FACIAL 100ML','34013000','5405','9,90','2,00',0.00,0.00,19.00,0.00,0.00,'0','0',1,NULL,NULL,NULL,NULL,NULL,545,517),(4209,'2023-08-15','11465','BLUSH EM PO PLUM ROSE','33049100','5405','18,90','1,00',0.00,0.00,18.00,0.00,0.00,'0','0',1,NULL,NULL,NULL,NULL,NULL,545,517),(4210,'2023-08-15','11466','MAQUIAGEM FAC PO 2 EM 1 BEIGE','33049990','5405','39,90','1,00',0.00,0.00,39.00,0.00,0.00,'0','0',1,NULL,NULL,NULL,NULL,NULL,545,517),(4211,'2023-08-15','17096','Base Always Amplo Espectro FPS 15  BISQUE','33049990','5405','19,00','1,00',0.00,0.00,19.00,0.00,0.00,'0','0',1,NULL,NULL,NULL,NULL,NULL,545,517),(4212,'2023-08-15','17032','LUNA BRIGHT SERUM CONCENTRADO 30 ML','33049910','5405','33,90','1,00',0.00,0.00,33.00,0.00,0.00,'0','0',1,NULL,NULL,NULL,NULL,NULL,545,517),(4213,'2023-08-15','16658','ADORISSE PURE GOLD COLDES 50ML','33072010','5405','77,94','1,00',0.00,0.00,77.00,0.00,0.00,'0','0',1,NULL,NULL,NULL,NULL,NULL,545,517),(4214,'2023-08-15','16458','GARDENIA COL DES BR 50ML','33030020','5405','68,90','2,00',0.00,0.00,137.00,0.00,0.00,'0','0',1,NULL,NULL,NULL,NULL,NULL,545,517),(4215,'2023-08-15','17203','Catalogo ciclo 07 e 08/23','49111090','5910','3,31','1,00',0.00,0.00,3.00,0.00,0.00,'0','0',1,NULL,NULL,NULL,NULL,NULL,545,517),(4216,'2023-08-15','16458','GARDENIA COL DES BR 50ML','33030020','5405','68,90','2,00',0.00,0.00,137.00,0.00,0.00,'0','0',1,NULL,NULL,NULL,NULL,NULL,546,518),(4217,'2023-08-15','16658','ADORISSE PURE GOLD COLDES 50ML','33072010','5405','77,94','1,00',0.00,0.00,77.00,0.00,0.00,'0','0',1,NULL,NULL,NULL,NULL,NULL,546,518),(4218,'2023-08-15','16091','SESTO SENSO COLONIA DESODORANT','33072010','5405','59,94','3,00',0.00,0.00,179.00,0.00,0.00,'0','0',1,NULL,NULL,NULL,NULL,NULL,546,518),(4219,'2023-08-15','77385','DELINEADOR PARA OS OLHOS BLACK 1g','33042010','5405','12,90','1,00',0.00,0.00,12.00,0.00,0.00,'0','0',1,NULL,NULL,NULL,NULL,NULL,546,518),(4220,'2023-08-15','17165','Eau D Aromes Deo Colonia 100ml - Limited Edit','33072010','5405','77,40','2,00',0.00,0.00,154.00,0.00,0.00,'0','0',1,NULL,NULL,NULL,NULL,NULL,546,518),(4221,'2023-08-15','17203','Catalogo ciclo 07 e 08/23','49111090','5910','3,31','1,00',0.00,0.00,3.00,0.00,0.00,'0','0',1,NULL,NULL,NULL,NULL,NULL,546,518),(4222,'2023-08-15','17156','JAFRA LAPIS DELINEADOR PARA SOBRANCELHAS 1 g ','33042010','5405','17,90','1,00',0.00,0.00,17.00,0.00,0.00,'0','0',1,NULL,NULL,NULL,NULL,NULL,547,519),(4223,'2023-08-15','17012','ROYAL BOOST CREME FACIAL HIDRATANTE  CONTROLE','33049910','5405','35,94','1,00',0.00,0.00,35.00,0.00,0.00,'0','0',1,NULL,NULL,NULL,NULL,NULL,547,519),(4224,'2023-08-15','16623','VESEN COL DESODORANTE NAC 50ML','33072010','5405','77,40','1,00',0.00,0.00,77.00,0.00,0.00,'0','0',1,NULL,NULL,NULL,NULL,NULL,547,519),(4225,'2023-08-15','16458','GARDENIA COL DES BR 50ML','33030020','5405','68,90','3,00',0.00,0.00,206.00,0.00,0.00,'0','0',1,NULL,NULL,NULL,NULL,NULL,547,519),(4226,'2023-08-15','16669','J SPORT XTREME COL DES NAC','33072010','5405','65,90','1,00',0.00,0.00,65.00,0.00,0.00,'0','0',1,NULL,NULL,NULL,NULL,NULL,547,519),(4227,'2023-08-15','16658','ADORISSE PURE GOLD COLDES 50ML','33072010','5405','77,94','1,00',0.00,0.00,77.00,0.00,0.00,'0','0',1,NULL,NULL,NULL,NULL,NULL,547,519),(4228,'2023-08-15','16091','SESTO SENSO COLONIA DESODORANT','33072010','5405','59,94','1,00',0.00,0.00,59.00,0.00,0.00,'0','0',1,NULL,NULL,NULL,NULL,NULL,547,519),(4229,'2023-08-15','17090','Adorisse Passion Colonia 50 ml','33030020','5405','77,94','1,00',0.00,0.00,77.00,0.00,0.00,'0','0',1,NULL,NULL,NULL,NULL,NULL,547,519),(4230,'2023-08-15','17203','Catalogo ciclo 07 e 08/23','49111090','5910','3,31','1,00',0.00,0.00,3.00,0.00,0.00,'0','0',1,NULL,NULL,NULL,NULL,NULL,547,519),(4231,'2023-08-15','16458','GARDENIA COL DES BR 50ML','33030020','5405','68,90','3,00',0.00,0.00,206.00,0.00,0.00,'0','0',1,NULL,NULL,NULL,NULL,NULL,548,520),(4232,'2023-08-15','77385','DELINEADOR PARA OS OLHOS BLACK 1g','33042010','5405','12,90','1,00',0.00,0.00,12.00,0.00,0.00,'0','0',1,NULL,NULL,NULL,NULL,NULL,548,520),(4233,'2023-08-15','11148','BRIGHTENING D PO PEROLAS','33049910','5405','71,40','1,00',0.00,0.00,71.00,0.00,0.00,'0','0',1,NULL,NULL,NULL,NULL,NULL,548,520),(4234,'2023-08-15','17156','JAFRA LAPIS DELINEADOR PARA SOBRANCELHAS 1 g ','33042010','5405','17,90','1,00',0.00,0.00,17.00,0.00,0.00,'0','0',1,NULL,NULL,NULL,NULL,NULL,548,520),(4235,'2023-08-15','17203','Catalogo ciclo 07 e 08/23','49111090','5910','3,31','1,00',0.00,0.00,3.00,0.00,0.00,'0','0',1,NULL,NULL,NULL,NULL,NULL,548,520),(4236,'2023-08-15','16458','GARDENIA COL DES BR 50ML','33030020','5405','68,90','3,00',0.00,0.00,206.00,0.00,0.00,'0','0',1,NULL,NULL,NULL,NULL,NULL,549,521),(4237,'2023-08-15','16658','ADORISSE PURE GOLD COLDES 50ML','33072010','5405','77,94','3,00',0.00,0.00,233.00,0.00,0.00,'0','0',1,NULL,NULL,NULL,NULL,NULL,549,521),(4238,'2023-08-15','17203','Catalogo ciclo 07 e 08/23','49111090','5910','3,31','1,00',0.00,0.00,3.00,0.00,0.00,'0','0',1,NULL,NULL,NULL,NULL,NULL,549,521),(4239,'2023-08-15','16458','GARDENIA COL DES BR 50ML','33030020','5405','68,90','3,00',0.00,0.00,206.00,0.00,0.00,'0','0',1,NULL,NULL,NULL,NULL,NULL,550,522),(4240,'2023-08-15','11466','MAQUIAGEM FAC PO 2 EM 1 BEIGE','33049990','5405','39,90','1,00',0.00,0.00,39.00,0.00,0.00,'0','0',1,NULL,NULL,NULL,NULL,NULL,550,522),(4241,'2023-08-15','3035','BLUSH EM PO SOFT PEACH','33049100','5405','18,90','1,00',0.00,0.00,18.00,0.00,0.00,'0','0',1,NULL,NULL,NULL,NULL,NULL,550,522),(4242,'2023-08-15','11465','BLUSH EM PO PLUM ROSE','33049100','5405','18,90','1,00',0.00,0.00,18.00,0.00,0.00,'0','0',1,NULL,NULL,NULL,NULL,NULL,550,522),(4243,'2023-08-15','13081','TRIO DE SOMBRAS CAPUCCINO','33042010','5405','21,90','1,00',0.00,0.00,21.00,0.00,0.00,'0','0',1,NULL,NULL,NULL,NULL,NULL,550,522),(4244,'2023-08-15','17203','Catalogo ciclo 07 e 08/23','49111090','5910','3,31','1,00',0.00,0.00,3.00,0.00,0.00,'0','0',1,NULL,NULL,NULL,NULL,NULL,550,522),(4245,'2023-08-15','16458','GARDENIA COL DES BR 50ML','33030020','5405','68,90','3,00',0.00,0.00,206.00,0.00,0.00,'0','0',1,NULL,NULL,NULL,NULL,NULL,551,523),(4246,'2023-08-15','16091','SESTO SENSO COLONIA DESODORANT','33072010','5405','59,94','1,00',0.00,0.00,59.00,0.00,0.00,'0','0',1,NULL,NULL,NULL,NULL,NULL,551,523),(4247,'2023-08-15','16459','VALFERRA.DEO COLONIA 100ML','33072010','5405','77,40','1,00',0.00,0.00,77.00,0.00,0.00,'0','0',1,NULL,NULL,NULL,NULL,NULL,551,523),(4248,'2023-08-15','17203','Catalogo ciclo 07 e 08/23','49111090','5910','3,31','1,00',0.00,0.00,3.00,0.00,0.00,'0','0',1,NULL,NULL,NULL,NULL,NULL,551,523),(4249,'2023-08-15','11213','COL DES JF9 CHROME 100ML','33072010','5405','65,94','2,00',0.00,0.00,131.00,0.00,0.00,'0','0',1,NULL,NULL,NULL,NULL,NULL,552,524),(4250,'2023-08-15','16090','JF9 BLACK DEO COL 100ML','33072010','5405','83,40','2,00',0.00,0.00,166.00,0.00,0.00,'0','0',1,NULL,NULL,NULL,NULL,NULL,552,524),(4251,'2023-08-15','16658','ADORISSE PURE GOLD COLDES 50ML','33072010','5405','77,94','2,00',0.00,0.00,155.00,0.00,0.00,'0','0',1,NULL,NULL,NULL,NULL,NULL,552,524),(4252,'2023-08-15','17203','Catalogo ciclo 07 e 08/23','49111090','5910','3,31','1,00',0.00,0.00,3.00,0.00,0.00,'0','0',1,NULL,NULL,NULL,NULL,NULL,552,524),(4253,'2023-08-15','16658','ADORISSE PURE GOLD COLDES 50ML','33072010','5405','77,94','3,00',0.00,0.00,233.00,0.00,0.00,'0','0',1,NULL,NULL,NULL,NULL,NULL,553,525),(4254,'2023-08-15','16458','GARDENIA COL DES BR 50ML','33030020','5405','68,90','3,00',0.00,0.00,206.00,0.00,0.00,'0','0',1,NULL,NULL,NULL,NULL,NULL,553,525),(4255,'2023-08-15','16650','JANDE COL DESODORANTE NAC 50ML','33072010','5405','71,34','2,00',0.00,0.00,142.00,0.00,0.00,'0','0',1,NULL,NULL,NULL,NULL,NULL,553,525),(4256,'2023-08-15','17203','Catalogo ciclo 07 e 08/23','49111090','5910','3,31','1,00',0.00,0.00,3.00,0.00,0.00,'0','0',1,NULL,NULL,NULL,NULL,NULL,553,525),(4257,'2023-08-15','16458','GARDENIA COL DES BR 50ML','33030020','5405','68,90','3,00',0.00,0.00,206.00,0.00,0.00,'0','0',1,NULL,NULL,NULL,NULL,NULL,554,526),(4258,'2023-08-15','16091','SESTO SENSO COLONIA DESODORANT','33072010','5405','59,94','1,00',0.00,0.00,59.00,0.00,0.00,'0','0',1,NULL,NULL,NULL,NULL,NULL,554,526),(4259,'2023-08-15','17171','Power Oil - Hair Booster Baobab 30 ml','33059000','5405','71,94','1,00',0.00,0.00,71.00,0.00,0.00,'0','0',1,NULL,NULL,NULL,NULL,NULL,554,526),(4260,'2023-08-15','17096','Base Always Amplo Espectro FPS 15  BISQUE','33049990','5405','19,00','1,00',0.00,0.00,19.00,0.00,0.00,'0','0',1,NULL,NULL,NULL,NULL,NULL,554,526),(4261,'2023-08-15','17098','Base Always Amplo Espectro FPS 15  BUFF','33049990','5405','19,00','1,00',0.00,0.00,19.00,0.00,0.00,'0','0',1,NULL,NULL,NULL,NULL,NULL,554,526),(4262,'2023-08-15','17203','Catalogo ciclo 07 e 08/23','49111090','5910','3,31','1,00',0.00,0.00,3.00,0.00,0.00,'0','0',1,NULL,NULL,NULL,NULL,NULL,554,526),(4263,'2023-08-15','16458','GARDENIA COL DES BR 50ML','33030020','5405','68,90','3,00',0.00,0.00,206.00,0.00,0.00,'0','0',1,NULL,NULL,NULL,NULL,NULL,555,527),(4264,'2023-08-15','17090','Adorisse Passion Colonia 50 ml','33030020','5405','77,94','2,00',0.00,0.00,155.00,0.00,0.00,'0','0',1,NULL,NULL,NULL,NULL,NULL,555,527),(4265,'2023-08-15','17203','Catalogo ciclo 07 e 08/23','49111090','5910','3,31','1,00',0.00,0.00,3.00,0.00,0.00,'0','0',1,NULL,NULL,NULL,NULL,NULL,555,527),(4266,'2023-08-15','16458','GARDENIA COL DES BR 50ML','33030020','5405','68,90','2,00',0.00,0.00,137.00,0.00,0.00,'0','0',1,NULL,NULL,NULL,NULL,NULL,556,528),(4267,'2023-08-15','17090','Adorisse Passion Colonia 50 ml','33030020','5405','77,94','2,00',0.00,0.00,155.00,0.00,0.00,'0','0',1,NULL,NULL,NULL,NULL,NULL,556,528),(4268,'2023-08-15','47730','NAVIGO HOMME DEO COL 100ML','33072010','5405','113,40','1,00',0.00,0.00,113.00,0.00,0.00,'0','0',1,NULL,NULL,NULL,NULL,NULL,556,528),(4269,'2023-08-15','17203','Catalogo ciclo 07 e 08/23','49111090','5910','3,31','1,00',0.00,0.00,3.00,0.00,0.00,'0','0',1,NULL,NULL,NULL,NULL,NULL,556,528),(4270,'2023-08-15','16460','J-SPORT DEO COL 100ML','33072010','5405','65,73','1,00',0.00,0.00,65.00,0.00,0.00,'0','0',1,NULL,NULL,NULL,NULL,NULL,557,529),(4271,'2023-08-15','16757','ADORISSE VELVET COL DES 50ML','33072010','5405','65,73','1,00',0.00,0.00,65.00,0.00,0.00,'0','0',1,NULL,NULL,NULL,NULL,NULL,557,529),(4272,'2023-08-15','17153','JAFRA LEGEND PRIVE COLONIA  100 ML','33030020','5405','65,73','1,00',0.00,0.00,65.00,0.00,0.00,'0','0',1,NULL,NULL,NULL,NULL,NULL,557,529),(4273,'2023-08-15','16667','YITSU COL DES NAC 100ML','33072010','5405','95,40','1,00',0.00,0.00,95.00,0.00,0.00,'0','0',1,NULL,NULL,NULL,NULL,NULL,557,529),(4274,'2023-08-15','16092','LEGEND FOR MEN COL DEO 100ML','33072010','5405','89,40','1,00',0.00,0.00,89.00,0.00,0.00,'0','0',1,NULL,NULL,NULL,NULL,NULL,557,529),(4275,'2023-08-15','17203','Catalogo ciclo 07 e 08/23','49111090','5910','3,31','1,00',0.00,0.00,3.00,0.00,0.00,'0','0',1,NULL,NULL,NULL,NULL,NULL,557,529),(4276,'2023-08-15','17165','Eau D Aromes Deo Colonia 100ml - Limited Edit','33072010','5405','77,40','4,00',0.00,0.00,309.00,0.00,0.00,'0','0',1,NULL,NULL,NULL,NULL,NULL,558,530),(4277,'2023-08-15','17203','Catalogo ciclo 07 e 08/23','49111090','5910','3,31','1,00',0.00,0.00,3.00,0.00,0.00,'0','0',1,NULL,NULL,NULL,NULL,NULL,558,530),(4282,'2023-08-15','16458','GARDENIA COL DES BR 50ML','33030020','5405','68,90','3,00',0.00,0.00,206.00,0.00,0.00,'0','0',1,NULL,NULL,NULL,NULL,NULL,560,531),(4283,'2023-08-15','16650','JANDE COL DESODORANTE NAC 50ML','33072010','5405','71,34','2,00',0.00,0.00,142.00,0.00,0.00,'0','0',1,NULL,NULL,NULL,NULL,NULL,560,531),(4284,'2023-08-15','17156','JAFRA LAPIS DELINEADOR PARA SOBRANCELHAS 1 g ','33042010','5405','17,90','1,00',0.00,0.00,17.00,0.00,0.00,'0','0',1,NULL,NULL,NULL,NULL,NULL,560,531),(4285,'2023-08-15','11213','COL DES JF9 CHROME 100ML','33072010','5405','65,94','2,00',0.00,0.00,131.00,0.00,0.00,'0','0',1,NULL,NULL,NULL,NULL,NULL,560,531),(4286,'2023-08-15','17203','Catalogo ciclo 07 e 08/23','49111090','5910','3,31','1,00',0.00,0.00,3.00,0.00,0.00,'0','0',1,NULL,NULL,NULL,NULL,NULL,560,531),(4287,'2023-08-15','16458','GARDENIA COL DES BR 50ML','33030020','5405','68,90','3,00',0.00,0.00,206.00,0.00,0.00,'0','0',1,NULL,NULL,NULL,NULL,NULL,561,532),(4288,'2023-08-15','4366','Diamonds BLUSH 50ML','33072010','5405','65,94','2,00',0.00,0.00,131.00,0.00,0.00,'0','0',1,NULL,NULL,NULL,NULL,NULL,561,532),(4289,'2023-08-15','17203','Catalogo ciclo 07 e 08/23','49111090','5910','3,31','1,00',0.00,0.00,3.00,0.00,0.00,'0','0',1,NULL,NULL,NULL,NULL,NULL,561,532),(4290,'2023-08-15','16458','GARDENIA COL DES BR 50ML','33030020','5405','68,90','3,00',0.00,0.00,206.00,0.00,0.00,'0','0',1,NULL,NULL,NULL,NULL,NULL,562,533),(4291,'2023-08-15','16091','SESTO SENSO COLONIA DESODORANT','33072010','5405','59,94','2,00',0.00,0.00,119.00,0.00,0.00,'0','0',1,NULL,NULL,NULL,NULL,NULL,562,533),(4292,'2023-08-15','17203','Catalogo ciclo 07 e 08/23','49111090','5910','3,31','1,00',0.00,0.00,3.00,0.00,0.00,'0','0',1,NULL,NULL,NULL,NULL,NULL,562,533),(4293,'2023-08-15','16458','GARDENIA COL DES BR 50ML','33030020','5405','68,90','1,00',0.00,0.00,68.00,0.00,0.00,'0','0',1,NULL,NULL,NULL,NULL,NULL,563,534),(4294,'2023-08-15','16669','J SPORT XTREME COL DES NAC','33072010','5405','65,90','1,00',0.00,0.00,65.00,0.00,0.00,'0','0',1,NULL,NULL,NULL,NULL,NULL,563,534),(4295,'2023-08-15','16092','LEGEND FOR MEN COL DEO 100ML','33072010','5405','89,40','2,00',0.00,0.00,178.00,0.00,0.00,'0','0',1,NULL,NULL,NULL,NULL,NULL,563,534),(4296,'2023-08-15','16091','SESTO SENSO COLONIA DESODORANT','33072010','5405','59,94','3,00',0.00,0.00,179.00,0.00,0.00,'0','0',1,NULL,NULL,NULL,NULL,NULL,563,534),(4297,'2023-08-15','77385','DELINEADOR PARA OS OLHOS BLACK 1g','33042010','5405','12,90','1,00',0.00,0.00,12.00,0.00,0.00,'0','0',1,NULL,NULL,NULL,NULL,NULL,563,534),(4298,'2023-08-15','17044','COLONIA ABSOLUTE LEATHER','33030020','5910','19,79','1,00',0.00,0.00,19.00,0.00,0.00,'0','0',1,NULL,NULL,NULL,NULL,NULL,563,534),(4299,'2023-08-15','17203','Catalogo ciclo 07 e 08/23','49111090','5910','3,31','1,00',0.00,0.00,3.00,0.00,0.00,'0','0',1,NULL,NULL,NULL,NULL,NULL,563,534),(4300,'2023-08-15','17165','Eau D Aromes Deo Colonia 100ml - Limited Edit','33072010','5405','77,40','1,00',0.00,0.00,77.00,0.00,0.00,'0','0',1,NULL,NULL,NULL,NULL,NULL,564,535),(4301,'2023-08-15','17140','SESTO SENSO IN AMORE COLONIA DESODORANTE 100 ','33072010','5405','83,40','1,00',0.00,0.00,83.00,0.00,0.00,'0','0',1,NULL,NULL,NULL,NULL,NULL,564,535),(4302,'2023-08-15','16458','GARDENIA COL DES BR 50ML','33030020','5405','99,00','1,00',0.00,0.00,99.00,0.00,0.00,'0','0',1,NULL,NULL,NULL,NULL,NULL,564,535),(4303,'2023-08-15','17137','Sabonetes Gardenia (4 sabonetes em forma de f','34011190','5405','15,54','1,00',0.00,0.00,15.00,0.00,0.00,'0','0',1,NULL,NULL,NULL,NULL,NULL,564,535),(4304,'2023-08-15','77385','DELINEADOR PARA OS OLHOS BLACK 1g','33042010','5405','12,90','1,00',0.00,0.00,12.00,0.00,0.00,'0','0',1,NULL,NULL,NULL,NULL,NULL,564,535),(4305,'2023-08-15','4340','BATOM MATTE LOVE AFFAIR 4G','33041000','5405','27,54','1,00',0.00,0.00,27.00,0.00,0.00,'0','0',1,NULL,NULL,NULL,NULL,NULL,564,535),(4306,'2023-08-15','17162','JAFRA BATOM COBERTURA TOTAL MATTE 4 G  LUST','33041000','5405','27,54','1,00',0.00,0.00,27.00,0.00,0.00,'0','0',1,NULL,NULL,NULL,NULL,NULL,564,535),(4307,'2023-08-15','17203','Catalogo ciclo 07 e 08/23','49111090','5910','3,31','1,00',0.00,0.00,3.00,0.00,0.00,'0','0',1,NULL,NULL,NULL,NULL,NULL,564,535),(4308,'2023-08-15','16460','J-SPORT DEO COL 100ML','33072010','5405','65,73','1,00',0.00,0.00,65.00,0.00,0.00,'0','0',1,NULL,NULL,NULL,NULL,NULL,565,536),(4309,'2023-08-15','16757','ADORISSE VELVET COL DES 50ML','33072010','5405','65,73','1,00',0.00,0.00,65.00,0.00,0.00,'0','0',1,NULL,NULL,NULL,NULL,NULL,565,536),(4310,'2023-08-15','17153','JAFRA LEGEND PRIVE COLONIA  100 ML','33030020','5405','65,73','1,00',0.00,0.00,65.00,0.00,0.00,'0','0',1,NULL,NULL,NULL,NULL,NULL,565,536),(4311,'2023-08-15','16650','JANDE COL DESODORANTE NAC 50ML','33072010','5405','71,34','1,00',0.00,0.00,71.00,0.00,0.00,'0','0',1,NULL,NULL,NULL,NULL,NULL,565,536),(4312,'2023-08-15','16091','SESTO SENSO COLONIA DESODORANT','33072010','5405','59,94','1,00',0.00,0.00,59.00,0.00,0.00,'0','0',1,NULL,NULL,NULL,NULL,NULL,565,536),(4313,'2023-08-15','16623','VESEN COL DESODORANTE NAC 50ML','33072010','5405','77,40','1,00',0.00,0.00,77.00,0.00,0.00,'0','0',1,NULL,NULL,NULL,NULL,NULL,565,536),(4314,'2023-08-15','16092','LEGEND FOR MEN COL DEO 100ML','33072010','5405','89,40','1,00',0.00,0.00,89.00,0.00,0.00,'0','0',1,NULL,NULL,NULL,NULL,NULL,565,536),(4315,'2023-08-15','17083','Kit 11 Amostras Fragrancias Masculinas 2,5ml','33072010','5405','19,90','1,00',0.00,0.00,19.00,0.00,0.00,'0','0',1,NULL,NULL,NULL,NULL,NULL,565,536),(4316,'2023-08-15','17141','Kit 14 Amostras Fragrancias Femininas 2,5ml','33072010','5405','26,90','1,00',0.00,0.00,26.00,0.00,0.00,'0','0',1,NULL,NULL,NULL,NULL,NULL,565,536),(4317,'2023-08-15','17203','Catalogo ciclo 07 e 08/23','49111090','5910','3,31','1,00',0.00,0.00,3.00,0.00,0.00,'0','0',1,NULL,NULL,NULL,NULL,NULL,565,536),(4318,'2023-08-15','84777','LEGEND HERO COL DES 100ML','33072010','5405','71,34','3,00',0.00,0.00,214.00,0.00,0.00,'0','0',1,NULL,NULL,NULL,NULL,NULL,566,537),(4319,'2023-08-15','4366','Diamonds BLUSH 50ML','33072010','5405','65,94','1,00',0.00,0.00,65.00,0.00,0.00,'0','0',1,NULL,NULL,NULL,NULL,NULL,566,537),(4320,'2023-08-15','16091','SESTO SENSO COLONIA DESODORANT','33072010','5405','59,94','1,00',0.00,0.00,59.00,0.00,0.00,'0','0',1,NULL,NULL,NULL,NULL,NULL,566,537),(4321,'2023-08-15','17016','ROYAL BOOST  CREME FACIAL HIDRATANTE 50ML','33049910','5910','5,89','1,00',0.00,0.00,5.00,0.00,0.00,'0','0',1,NULL,NULL,NULL,NULL,NULL,566,537),(4322,'2023-08-15','17203','Catalogo ciclo 07 e 08/23','49111090','5910','3,31','1,00',0.00,0.00,3.00,0.00,0.00,'0','0',1,NULL,NULL,NULL,NULL,NULL,566,537),(4323,'2023-08-15','16460','J-SPORT DEO COL 100ML','33072010','5405','65,73','1,00',0.00,0.00,65.00,0.00,0.00,'0','0',1,NULL,NULL,NULL,NULL,NULL,567,538),(4324,'2023-08-15','16757','ADORISSE VELVET COL DES 50ML','33072010','5405','65,73','1,00',0.00,0.00,65.00,0.00,0.00,'0','0',1,NULL,NULL,NULL,NULL,NULL,567,538),(4325,'2023-08-15','17153','JAFRA LEGEND PRIVE COLONIA  100 ML','33030020','5405','65,73','1,00',0.00,0.00,65.00,0.00,0.00,'0','0',1,NULL,NULL,NULL,NULL,NULL,567,538),(4326,'2023-08-15','17090','Adorisse Passion Colonia 50 ml','33030020','5405','77,94','2,00',0.00,0.00,155.00,0.00,0.00,'0','0',1,NULL,NULL,NULL,NULL,NULL,567,538),(4327,'2023-08-15','17203','Catalogo ciclo 07 e 08/23','49111090','5910','3,31','1,00',0.00,0.00,3.00,0.00,0.00,'0','0',1,NULL,NULL,NULL,NULL,NULL,567,538),(4328,'2023-08-15','4366','Diamonds BLUSH 50ML','33072010','5405','65,94','1,00',0.00,0.00,65.00,0.00,0.00,'0','0',1,NULL,NULL,NULL,NULL,NULL,568,539),(4329,'2023-08-15','17096','Base Always Amplo Espectro FPS 15  BISQUE','33049990','5405','19,00','1,00',0.00,0.00,19.00,0.00,0.00,'0','0',1,NULL,NULL,NULL,NULL,NULL,568,539),(4330,'2023-08-15','17203','Catalogo ciclo 07 e 08/23','49111090','5910','3,31','1,00',0.00,0.00,3.00,0.00,0.00,'0','0',1,NULL,NULL,NULL,NULL,NULL,568,539),(4331,'2023-08-15','16671','DIAMONDS COLONIA DES 50ML','33072010','5405','89,40','1,00',0.00,0.00,89.00,0.00,0.00,'0','0',1,NULL,NULL,NULL,NULL,NULL,568,539),(4332,'2023-08-15','16458','GARDENIA COL DES BR 50ML','33030020','5405','68,90','2,00',0.00,0.00,137.00,0.00,0.00,'0','0',1,NULL,NULL,NULL,NULL,NULL,568,539),(4333,'2023-08-15','16460','J-SPORT DEO COL 100ML','33072010','5405','65,74','2,00',0.00,0.00,131.00,0.00,0.00,'0','0',1,NULL,NULL,NULL,NULL,NULL,569,540),(4334,'2023-08-15','16757','ADORISSE VELVET COL DES 50ML','33072010','5405','65,74','2,00',0.00,0.00,131.00,0.00,0.00,'0','0',1,NULL,NULL,NULL,NULL,NULL,569,540),(4335,'2023-08-15','17153','JAFRA LEGEND PRIVE COLONIA  100 ML','33030020','5405','65,74','2,00',0.00,0.00,131.00,0.00,0.00,'0','0',1,NULL,NULL,NULL,NULL,NULL,569,540),(4336,'2023-08-15','16091','SESTO SENSO COLONIA DESODORANT','33072010','5405','59,94','1,00',0.00,0.00,59.00,0.00,0.00,'0','0',1,NULL,NULL,NULL,NULL,NULL,569,540),(4337,'2023-08-15','17203','Catalogo ciclo 07 e 08/23','49111090','5910','3,31','1,00',0.00,0.00,3.00,0.00,0.00,'0','0',1,NULL,NULL,NULL,NULL,NULL,569,540),(4338,'2023-08-15','16669','J SPORT XTREME COL DES NAC','33072010','5405','65,90','2,00',0.00,0.00,131.00,0.00,0.00,'0','0',1,NULL,NULL,NULL,NULL,NULL,570,541),(4339,'2023-08-15','16460','J-SPORT DEO COL 100ML','33072010','5405','65,73','1,00',0.00,0.00,65.00,0.00,0.00,'0','0',1,NULL,NULL,NULL,NULL,NULL,570,541),(4340,'2023-08-15','16757','ADORISSE VELVET COL DES 50ML','33072010','5405','65,73','1,00',0.00,0.00,65.00,0.00,0.00,'0','0',1,NULL,NULL,NULL,NULL,NULL,570,541),(4341,'2023-08-15','17153','JAFRA LEGEND PRIVE COLONIA  100 ML','33030020','5405','65,73','1,00',0.00,0.00,65.00,0.00,0.00,'0','0',1,NULL,NULL,NULL,NULL,NULL,570,541),(4342,'2023-08-15','17203','Catalogo ciclo 07 e 08/23','49111090','5910','3,31','1,00',0.00,0.00,3.00,0.00,0.00,'0','0',1,NULL,NULL,NULL,NULL,NULL,570,541),(4343,'2023-08-15','4366','Diamonds BLUSH 50ML','33072010','5405','65,94','1,00',0.00,0.00,65.00,0.00,0.00,'0','0',1,NULL,NULL,NULL,NULL,NULL,571,542),(4344,'2023-08-15','16658','ADORISSE PURE GOLD COLDES 50ML','33072010','5405','77,94','1,00',0.00,0.00,77.00,0.00,0.00,'0','0',1,NULL,NULL,NULL,NULL,NULL,571,542),(4345,'2023-08-15','16091','SESTO SENSO COLONIA DESODORANT','33072010','5405','59,94','1,00',0.00,0.00,59.00,0.00,0.00,'0','0',1,NULL,NULL,NULL,NULL,NULL,571,542),(4346,'2023-08-15','16460','J-SPORT DEO COL 100ML','33072010','5405','65,73','1,00',0.00,0.00,65.00,0.00,0.00,'0','0',1,NULL,NULL,NULL,NULL,NULL,571,542),(4347,'2023-08-15','16757','ADORISSE VELVET COL DES 50ML','33072010','5405','65,73','1,00',0.00,0.00,65.00,0.00,0.00,'0','0',1,NULL,NULL,NULL,NULL,NULL,571,542),(4348,'2023-08-15','17153','JAFRA LEGEND PRIVE COLONIA  100 ML','33030020','5405','65,73','1,00',0.00,0.00,65.00,0.00,0.00,'0','0',1,NULL,NULL,NULL,NULL,NULL,571,542),(4349,'2023-08-15','16092','LEGEND FOR MEN COL DEO 100ML','33072010','5405','89,40','1,00',0.00,0.00,89.00,0.00,0.00,'0','0',1,NULL,NULL,NULL,NULL,NULL,571,542),(4350,'2023-08-15','17137','Sabonetes Gardenia (4 sabonetes em forma de f','34011190','5405','15,54','1,00',0.00,0.00,15.00,0.00,0.00,'0','0',1,NULL,NULL,NULL,NULL,NULL,571,542),(4351,'2023-08-15','17044','COLONIA ABSOLUTE LEATHER','33030020','5910','19,79','1,00',0.00,0.00,19.00,0.00,0.00,'0','0',1,NULL,NULL,NULL,NULL,NULL,571,542),(4352,'2023-08-15','17203','Catalogo ciclo 07 e 08/23','49111090','5910','3,31','1,00',0.00,0.00,3.00,0.00,0.00,'0','0',1,NULL,NULL,NULL,NULL,NULL,571,542),(4353,'2023-08-15','16088','ROYAL JELLY SABONETE 5 UNID','34011190','5405','29,94','1,00',0.00,0.00,29.00,0.00,0.00,'0','0',1,NULL,NULL,NULL,NULL,NULL,572,543),(4354,'2023-08-15','17123','JAFRA ROYAL CLEAR SMART HIDRATANTE EM GEL OIL','33049990','5405','59,34','1,00',0.00,0.00,59.00,0.00,0.00,'0','0',1,NULL,NULL,NULL,NULL,NULL,572,543),(4355,'2023-08-15','17121','JAFRA ROYAL CLEAR SMART TONICO FACIAL CLAREAD','33049910','5405','44,34','1,00',0.00,0.00,44.00,0.00,0.00,'0','0',1,NULL,NULL,NULL,NULL,NULL,572,543),(4356,'2023-08-15','16458','GARDENIA COL DES BR 50ML','33030020','5405','68,90','1,00',0.00,0.00,68.00,0.00,0.00,'0','0',1,NULL,NULL,NULL,NULL,NULL,572,543),(4357,'2023-08-15','16092','LEGEND FOR MEN COL DEO 100ML','33072010','5405','89,40','2,00',0.00,0.00,178.00,0.00,0.00,'0','0',1,NULL,NULL,NULL,NULL,NULL,572,543),(4358,'2023-08-15','17167','Hidratacao Regeneradora - Shampoo 240 ml','33051000','5405','41,94','1,00',0.00,0.00,41.00,0.00,0.00,'0','0',1,NULL,NULL,NULL,NULL,NULL,572,543),(4359,'2023-08-15','17168','Hidratacao Regeneradora - Condicionador 240 m','33059000','5405','47,94','1,00',0.00,0.00,47.00,0.00,0.00,'0','0',1,NULL,NULL,NULL,NULL,NULL,572,543),(4360,'2023-08-15','17146','Jafra Creme Facial Umectante com Geleia Real ','33049910','5405','137,40','1,00',0.00,0.00,137.00,0.00,0.00,'0','0',1,NULL,NULL,NULL,NULL,NULL,572,543),(4361,'2023-08-15','17203','Catalogo ciclo 07 e 08/23','49111090','5910','3,31','1,00',0.00,0.00,3.00,0.00,0.00,'0','0',1,NULL,NULL,NULL,NULL,NULL,572,543),(4362,'2023-08-18','16458','GARDENIA COL DES BR 50ML','33030020','5405','68,90','3,00',0.00,0.00,206.00,0.00,0.00,'0','0',1,NULL,NULL,NULL,NULL,NULL,573,507),(4363,'2023-08-18','4366','Diamonds BLUSH 50ML','33072010','5405','65,94','3,00',0.00,0.00,197.00,0.00,0.00,'0','0',1,NULL,NULL,NULL,NULL,NULL,573,507),(4364,'2023-08-18','17203','Catalogo ciclo 07 e 08/23','49111090','5910','3,31','1,00',0.00,0.00,3.00,0.00,0.00,'0','0',1,NULL,NULL,NULL,NULL,NULL,573,507),(4365,'2023-08-18','16458','GARDENIA COL DES BR 50ML','33030020','5405','68,90','3,00',0.00,0.00,206.00,0.00,0.00,'0','0',1,NULL,NULL,NULL,NULL,NULL,574,508),(4366,'2023-08-18','16669','J SPORT XTREME COL DES NAC','33072010','5405','65,90','1,00',0.00,0.00,65.00,0.00,0.00,'0','0',1,NULL,NULL,NULL,NULL,NULL,574,508),(4367,'2023-08-18','4645','PARIS ET MOI DEO PARFUM 50ML','33072010','5405','103,20','1,00',0.00,0.00,103.00,0.00,0.00,'0','0',1,NULL,NULL,NULL,NULL,NULL,574,508),(4368,'2023-08-18','17203','Catalogo ciclo 07 e 08/23','49111090','5910','1,66','2,00',0.00,0.00,3.00,0.00,0.00,'0','0',1,NULL,NULL,NULL,NULL,NULL,574,508),(4369,'2023-08-18','16091','SESTO SENSO COLONIA DESODORANT','33072010','5405','59,94','1,00',0.00,0.00,59.00,0.00,0.00,'0','0',1,NULL,NULL,NULL,NULL,NULL,575,509),(4370,'2023-08-18','4366','Diamonds BLUSH 50ML','33072010','5405','65,94','1,00',0.00,0.00,65.00,0.00,0.00,'0','0',1,NULL,NULL,NULL,NULL,NULL,575,509),(4371,'2023-08-18','16090','JF9 BLACK DEO COL 100ML','33072010','5405','83,40','1,00',0.00,0.00,83.00,0.00,0.00,'0','0',1,NULL,NULL,NULL,NULL,NULL,575,509),(4372,'2023-08-18','16460','J-SPORT DEO COL 100ML','33072010','5405','65,73','1,00',0.00,0.00,65.00,0.00,0.00,'0','0',1,NULL,NULL,NULL,NULL,NULL,575,509),(4373,'2023-08-18','16757','ADORISSE VELVET COL DES 50ML','33072010','5405','65,73','1,00',0.00,0.00,65.00,0.00,0.00,'0','0',1,NULL,NULL,NULL,NULL,NULL,575,509),(4374,'2023-08-18','17153','JAFRA LEGEND PRIVE COLONIA  100 ML','33030020','5405','65,73','1,00',0.00,0.00,65.00,0.00,0.00,'0','0',1,NULL,NULL,NULL,NULL,NULL,575,509),(4375,'2023-08-18','17016','ROYAL BOOST  CREME FACIAL HIDRATANTE 50ML','33049910','5910','5,89','1,00',0.00,0.00,5.00,0.00,0.00,'0','0',1,NULL,NULL,NULL,NULL,NULL,575,509),(4376,'2023-08-18','17203','Catalogo ciclo 07 e 08/23','49111090','5910','3,31','1,00',0.00,0.00,3.00,0.00,0.00,'0','0',1,NULL,NULL,NULL,NULL,NULL,575,509),(4377,'2023-08-18','16458','GARDENIA COL DES BR 50ML','33030020','5405','68,90','3,00',0.00,0.00,206.00,0.00,0.00,'0','0',1,NULL,NULL,NULL,NULL,NULL,576,510),(4378,'2023-08-18','16669','J SPORT XTREME COL DES NAC','33072010','5405','65,90','3,00',0.00,0.00,197.00,0.00,0.00,'0','0',1,NULL,NULL,NULL,NULL,NULL,576,510),(4379,'2023-08-18','17203','Catalogo ciclo 07 e 08/23','49111090','5910','3,31','1,00',0.00,0.00,3.00,0.00,0.00,'0','0',1,NULL,NULL,NULL,NULL,NULL,576,510),(4380,'2023-08-18','16458','GARDENIA COL DES BR 50ML','33030020','5405','68,90','2,00',0.00,0.00,137.00,0.00,0.00,'0','0',1,NULL,NULL,NULL,NULL,NULL,577,511),(4381,'2023-08-18','17073','Royal Defy Rico Creme de Limpeza 125 Ml','33049990','5405','85,90','1,00',0.00,0.00,85.00,0.00,0.00,'0','0',1,NULL,NULL,NULL,NULL,NULL,577,511),(4382,'2023-08-18','17021','ROYAL REVITALIZE  SERUM FACIAL HIDRATANTE 30 ','33049910','5405','91,14','1,00',0.00,0.00,91.00,0.00,0.00,'0','0',1,NULL,NULL,NULL,NULL,NULL,577,511),(4383,'2023-08-18','17203','Catalogo ciclo 07 e 08/23','49111090','5910','3,31','1,00',0.00,0.00,3.00,0.00,0.00,'0','0',1,NULL,NULL,NULL,NULL,NULL,577,511),(4384,'2023-08-18','13081','TRIO DE SOMBRAS CAPUCCINO','33042010','5405','21,90','1,00',0.00,0.00,21.00,0.00,0.00,'0','0',1,NULL,NULL,NULL,NULL,NULL,578,512),(4385,'2023-08-18','17096','Base Always Amplo Espectro FPS 15  BISQUE','33049990','5405','19,00','1,00',0.00,0.00,19.00,0.00,0.00,'0','0',1,NULL,NULL,NULL,NULL,NULL,578,512),(4386,'2023-08-18','17001','J BROS BALM GEL LIMPEZA FACIAL 100ML','34013000','5405','9,90','1,00',0.00,0.00,9.00,0.00,0.00,'0','0',1,NULL,NULL,NULL,NULL,NULL,578,512),(4387,'2023-08-18','16956','Hidratante Desodorante Corporal Free To Be Ne','33072090','5405','47,94','1,00',0.00,0.00,47.00,0.00,0.00,'0','0',1,NULL,NULL,NULL,NULL,NULL,578,512),(4388,'2023-08-18','4366','Diamonds BLUSH 50ML','33072010','5405','65,94','1,00',0.00,0.00,65.00,0.00,0.00,'0','0',1,NULL,NULL,NULL,NULL,NULL,578,512),(4389,'2023-08-18','16458','GARDENIA COL DES BR 50ML','33030020','5405','68,90','1,00',0.00,0.00,68.00,0.00,0.00,'0','0',1,NULL,NULL,NULL,NULL,NULL,578,512),(4390,'2023-08-18','17003','J BROS SHOWER GEL 250ML','34013000','5405','29,94','1,00',0.00,0.00,29.00,0.00,0.00,'0','0',1,NULL,NULL,NULL,NULL,NULL,578,512),(4391,'2023-08-18','16091','SESTO SENSO COLONIA DESODORANT','33072010','5405','59,94','1,00',0.00,0.00,59.00,0.00,0.00,'0','0',1,NULL,NULL,NULL,NULL,NULL,578,512),(4392,'2023-08-18','17088','Sabonete Eau Daromes','34011190','5405','22,14','1,00',0.00,0.00,22.00,0.00,0.00,'0','0',1,NULL,NULL,NULL,NULL,NULL,578,512),(4393,'2023-08-18','17203','Catalogo ciclo 07 e 08/23','49111090','5910','3,31','1,00',0.00,0.00,3.00,0.00,0.00,'0','0',1,NULL,NULL,NULL,NULL,NULL,578,512),(4394,'2023-08-18','16458','GARDENIA COL DES BR 50ML','33030020','5405','68,90','2,00',0.00,0.00,137.00,0.00,0.00,'0','0',1,NULL,NULL,NULL,NULL,NULL,579,513),(4395,'2023-08-18','17156','JAFRA LAPIS DELINEADOR PARA SOBRANCELHAS 1 g ','33042010','5405','17,90','2,00',0.00,0.00,35.00,0.00,0.00,'0','0',1,NULL,NULL,NULL,NULL,NULL,579,513),(4396,'2023-08-18','11213','COL DES JF9 CHROME 100ML','33072010','5405','65,94','1,00',0.00,0.00,65.00,0.00,0.00,'0','0',1,NULL,NULL,NULL,NULL,NULL,579,513),(4397,'2023-08-18','4366','Diamonds BLUSH 50ML','33072010','5405','65,94','1,00',0.00,0.00,65.00,0.00,0.00,'0','0',1,NULL,NULL,NULL,NULL,NULL,579,513),(4398,'2023-08-18','17203','Catalogo ciclo 07 e 08/23','49111090','5910','3,31','1,00',0.00,0.00,3.00,0.00,0.00,'0','0',1,NULL,NULL,NULL,NULL,NULL,579,513),(4399,'2023-08-18','16458','GARDENIA COL DES BR 50ML','33030020','5405','68,90','1,00',0.00,0.00,68.00,0.00,0.00,'0','0',1,NULL,NULL,NULL,NULL,NULL,580,514),(4400,'2023-08-18','16669','J SPORT XTREME COL DES NAC','33072010','5405','65,90','1,00',0.00,0.00,65.00,0.00,0.00,'0','0',1,NULL,NULL,NULL,NULL,NULL,580,514),(4401,'2023-08-18','16091','SESTO SENSO COLONIA DESODORANT','33072010','5405','59,94','1,00',0.00,0.00,59.00,0.00,0.00,'0','0',1,NULL,NULL,NULL,NULL,NULL,580,514),(4402,'2023-08-18','11213','COL DES JF9 CHROME 100ML','33072010','5405','65,94','1,00',0.00,0.00,65.00,0.00,0.00,'0','0',1,NULL,NULL,NULL,NULL,NULL,580,514),(4403,'2023-08-18','4366','Diamonds BLUSH 50ML','33072010','5405','65,94','1,00',0.00,0.00,65.00,0.00,0.00,'0','0',1,NULL,NULL,NULL,NULL,NULL,580,514),(4404,'2023-08-18','17203','Catalogo ciclo 07 e 08/23','49111090','5910','3,31','1,00',0.00,0.00,3.00,0.00,0.00,'0','0',1,NULL,NULL,NULL,NULL,NULL,580,514),(4405,'2023-08-18','17001','J BROS BALM GEL LIMPEZA FACIAL 100ML','34013000','5405','9,90','1,00',0.00,0.00,9.00,0.00,0.00,'0','0',1,NULL,NULL,NULL,NULL,NULL,581,515),(4406,'2023-08-18','16996','J BROS BALM POS BARBA 100 ML','33071000','5405','23,94','1,00',0.00,0.00,23.00,0.00,0.00,'0','0',1,NULL,NULL,NULL,NULL,NULL,581,515),(4407,'2023-08-18','16849','FITA OLFATIVA BLOCO 40 UNID','49111090','5102','8,00','1,00',0.00,0.00,8.00,0.00,0.00,'0','0',1,NULL,NULL,NULL,NULL,NULL,581,515),(4408,'2023-08-18','17083','Kit 11 Amostras Fragrancias Masculinas 2,5ml','33072010','5405','19,90','1,00',0.00,0.00,19.00,0.00,0.00,'0','0',1,NULL,NULL,NULL,NULL,NULL,581,515),(4409,'2023-08-18','17141','Kit 14 Amostras Fragrancias Femininas 2,5ml','33072010','5405','26,90','1,00',0.00,0.00,26.00,0.00,0.00,'0','0',1,NULL,NULL,NULL,NULL,NULL,581,515),(4410,'2023-08-18','19072','PORTA-AMOSTRAS 4ML','42022900','5102','19,90','1,00',0.00,0.00,19.00,0.00,0.00,'0','0',1,NULL,NULL,NULL,NULL,NULL,581,515),(4411,'2023-08-18','16458','GARDENIA COL DES BR 50ML','33030020','5405','68,90','1,00',0.00,0.00,68.00,0.00,0.00,'0','0',1,NULL,NULL,NULL,NULL,NULL,581,515),(4412,'2023-08-18','11473','JAFRA XCLUSIVE DEO COL BR','33072010','5405','75,00','1,00',0.00,0.00,75.00,0.00,0.00,'0','0',1,NULL,NULL,NULL,NULL,NULL,581,515),(4413,'2023-08-18','17044','COLONIA ABSOLUTE LEATHER','33030020','5405','89,40','1,00',0.00,0.00,89.00,0.00,0.00,'0','0',1,NULL,NULL,NULL,NULL,NULL,581,515),(4414,'2023-08-18','17016','ROYAL BOOST  CREME FACIAL HIDRATANTE 50ML','33049910','5910','5,89','1,00',0.00,0.00,5.00,0.00,0.00,'0','0',1,NULL,NULL,NULL,NULL,NULL,581,515),(4415,'2023-08-18','17203','Catalogo ciclo 07 e 08/23','49111090','5910','3,31','1,00',0.00,0.00,3.00,0.00,0.00,'0','0',1,NULL,NULL,NULL,NULL,NULL,581,515),(4416,'2023-08-18','16090','JF9 BLACK DEO COL 100ML','33072010','5405','83,40','2,00',0.00,0.00,166.00,0.00,0.00,'0','0',1,NULL,NULL,NULL,NULL,NULL,582,516),(4417,'2023-08-18','16092','LEGEND FOR MEN COL DEO 100ML','33072010','5405','89,40','2,00',0.00,0.00,178.00,0.00,0.00,'0','0',1,NULL,NULL,NULL,NULL,NULL,582,516),(4418,'2023-08-18','16458','GARDENIA COL DES BR 50ML','33030020','5405','68,90','1,00',0.00,0.00,68.00,0.00,0.00,'0','0',1,NULL,NULL,NULL,NULL,NULL,582,516),(4419,'2023-08-18','17070','Sabonete Legend 4 sabonetes de 40gr','34011190','5405','21,54','1,00',0.00,0.00,21.00,0.00,0.00,'0','0',1,NULL,NULL,NULL,NULL,NULL,582,516),(4420,'2023-08-18','17140','SESTO SENSO IN AMORE COLONIA DESODORANTE 100 ','33072010','5405','83,40','1,00',0.00,0.00,83.00,0.00,0.00,'0','0',1,NULL,NULL,NULL,NULL,NULL,582,516),(4421,'2023-08-18','17044','COLONIA ABSOLUTE LEATHER','33030020','5910','19,79','1,00',0.00,0.00,19.00,0.00,0.00,'0','0',1,NULL,NULL,NULL,NULL,NULL,582,516),(4422,'2023-08-18','17203','Catalogo ciclo 07 e 08/23','49111090','5910','3,31','1,00',0.00,0.00,3.00,0.00,0.00,'0','0',1,NULL,NULL,NULL,NULL,NULL,582,516),(4423,'2023-08-18','16458','GARDENIA COL DES BR 50ML','33030020','5405','68,90','2,00',0.00,0.00,137.00,0.00,0.00,'0','0',1,NULL,NULL,NULL,NULL,NULL,583,518),(4424,'2023-08-18','16658','ADORISSE PURE GOLD COLDES 50ML','33072010','5405','77,94','1,00',0.00,0.00,77.00,0.00,0.00,'0','0',1,NULL,NULL,NULL,NULL,NULL,583,518),(4425,'2023-08-18','16091','SESTO SENSO COLONIA DESODORANT','33072010','5405','59,94','3,00',0.00,0.00,179.00,0.00,0.00,'0','0',1,NULL,NULL,NULL,NULL,NULL,583,518),(4426,'2023-08-18','77385','DELINEADOR PARA OS OLHOS BLACK 1g','33042010','5405','12,90','1,00',0.00,0.00,12.00,0.00,0.00,'0','0',1,NULL,NULL,NULL,NULL,NULL,583,518),(4427,'2023-08-18','17165','Eau D Aromes Deo Colonia 100ml - Limited Edit','33072010','5405','77,40','2,00',0.00,0.00,154.00,0.00,0.00,'0','0',1,NULL,NULL,NULL,NULL,NULL,583,518),(4428,'2023-08-18','17203','Catalogo ciclo 07 e 08/23','49111090','5910','3,31','1,00',0.00,0.00,3.00,0.00,0.00,'0','0',1,NULL,NULL,NULL,NULL,NULL,583,518),(4429,'2023-08-18','17156','JAFRA LAPIS DELINEADOR PARA SOBRANCELHAS 1 g ','33042010','5405','17,90','1,00',0.00,0.00,17.00,0.00,0.00,'0','0',1,NULL,NULL,NULL,NULL,NULL,584,519),(4430,'2023-08-18','17012','ROYAL BOOST CREME FACIAL HIDRATANTE  CONTROLE','33049910','5405','35,94','1,00',0.00,0.00,35.00,0.00,0.00,'0','0',1,NULL,NULL,NULL,NULL,NULL,584,519),(4431,'2023-08-18','16623','VESEN COL DESODORANTE NAC 50ML','33072010','5405','77,40','1,00',0.00,0.00,77.00,0.00,0.00,'0','0',1,NULL,NULL,NULL,NULL,NULL,584,519),(4432,'2023-08-18','16458','GARDENIA COL DES BR 50ML','33030020','5405','68,90','3,00',0.00,0.00,206.00,0.00,0.00,'0','0',1,NULL,NULL,NULL,NULL,NULL,584,519),(4433,'2023-08-18','16669','J SPORT XTREME COL DES NAC','33072010','5405','65,90','1,00',0.00,0.00,65.00,0.00,0.00,'0','0',1,NULL,NULL,NULL,NULL,NULL,584,519),(4434,'2023-08-18','16658','ADORISSE PURE GOLD COLDES 50ML','33072010','5405','77,94','1,00',0.00,0.00,77.00,0.00,0.00,'0','0',1,NULL,NULL,NULL,NULL,NULL,584,519),(4435,'2023-08-18','16091','SESTO SENSO COLONIA DESODORANT','33072010','5405','59,94','1,00',0.00,0.00,59.00,0.00,0.00,'0','0',1,NULL,NULL,NULL,NULL,NULL,584,519),(4436,'2023-08-18','17090','Adorisse Passion Colonia 50 ml','33030020','5405','77,94','1,00',0.00,0.00,77.00,0.00,0.00,'0','0',1,NULL,NULL,NULL,NULL,NULL,584,519),(4437,'2023-08-18','17203','Catalogo ciclo 07 e 08/23','49111090','5910','3,31','1,00',0.00,0.00,3.00,0.00,0.00,'0','0',1,NULL,NULL,NULL,NULL,NULL,584,519),(4438,'2023-08-18','16458','GARDENIA COL DES BR 50ML','33030020','5405','68,90','3,00',0.00,0.00,206.00,0.00,0.00,'0','0',1,NULL,NULL,NULL,NULL,NULL,585,520),(4439,'2023-08-18','77385','DELINEADOR PARA OS OLHOS BLACK 1g','33042010','5405','12,90','1,00',0.00,0.00,12.00,0.00,0.00,'0','0',1,NULL,NULL,NULL,NULL,NULL,585,520),(4440,'2023-08-18','11148','BRIGHTENING D PO PEROLAS','33049910','5405','71,40','1,00',0.00,0.00,71.00,0.00,0.00,'0','0',1,NULL,NULL,NULL,NULL,NULL,585,520),(4441,'2023-08-18','17156','JAFRA LAPIS DELINEADOR PARA SOBRANCELHAS 1 g ','33042010','5405','17,90','1,00',0.00,0.00,17.00,0.00,0.00,'0','0',1,NULL,NULL,NULL,NULL,NULL,585,520),(4442,'2023-08-18','17203','Catalogo ciclo 07 e 08/23','49111090','5910','3,31','1,00',0.00,0.00,3.00,0.00,0.00,'0','0',1,NULL,NULL,NULL,NULL,NULL,585,520),(4443,'2023-08-18','16458','GARDENIA COL DES BR 50ML','33030020','5405','68,90','3,00',0.00,0.00,206.00,0.00,0.00,'0','0',1,NULL,NULL,NULL,NULL,NULL,586,521),(4444,'2023-08-18','16658','ADORISSE PURE GOLD COLDES 50ML','33072010','5405','77,94','3,00',0.00,0.00,233.00,0.00,0.00,'0','0',1,NULL,NULL,NULL,NULL,NULL,586,521),(4445,'2023-08-18','17203','Catalogo ciclo 07 e 08/23','49111090','5910','3,31','1,00',0.00,0.00,3.00,0.00,0.00,'0','0',1,NULL,NULL,NULL,NULL,NULL,586,521),(4446,'2023-08-18','16458','GARDENIA COL DES BR 50ML','33030020','5405','68,90','3,00',0.00,0.00,206.00,0.00,0.00,'0','0',1,NULL,NULL,NULL,NULL,NULL,587,522),(4447,'2023-08-18','11466','MAQUIAGEM FAC PO 2 EM 1 BEIGE','33049990','5405','39,90','1,00',0.00,0.00,39.00,0.00,0.00,'0','0',1,NULL,NULL,NULL,NULL,NULL,587,522),(4448,'2023-08-18','3035','BLUSH EM PO SOFT PEACH','33049100','5405','18,90','1,00',0.00,0.00,18.00,0.00,0.00,'0','0',1,NULL,NULL,NULL,NULL,NULL,587,522),(4449,'2023-08-18','11465','BLUSH EM PO PLUM ROSE','33049100','5405','18,90','1,00',0.00,0.00,18.00,0.00,0.00,'0','0',1,NULL,NULL,NULL,NULL,NULL,587,522),(4450,'2023-08-18','13081','TRIO DE SOMBRAS CAPUCCINO','33042010','5405','21,90','1,00',0.00,0.00,21.00,0.00,0.00,'0','0',1,NULL,NULL,NULL,NULL,NULL,587,522),(4451,'2023-08-18','17203','Catalogo ciclo 07 e 08/23','49111090','5910','3,31','1,00',0.00,0.00,3.00,0.00,0.00,'0','0',1,NULL,NULL,NULL,NULL,NULL,587,522),(4452,'2023-08-18','16458','GARDENIA COL DES BR 50ML','33030020','5405','68,90','3,00',0.00,0.00,206.00,0.00,0.00,'0','0',1,NULL,NULL,NULL,NULL,NULL,588,523),(4453,'2023-08-18','16091','SESTO SENSO COLONIA DESODORANT','33072010','5405','59,94','1,00',0.00,0.00,59.00,0.00,0.00,'0','0',1,NULL,NULL,NULL,NULL,NULL,588,523),(4454,'2023-08-18','16459','VALFERRA.DEO COLONIA 100ML','33072010','5405','77,40','1,00',0.00,0.00,77.00,0.00,0.00,'0','0',1,NULL,NULL,NULL,NULL,NULL,588,523),(4455,'2023-08-18','17203','Catalogo ciclo 07 e 08/23','49111090','5910','3,31','1,00',0.00,0.00,3.00,0.00,0.00,'0','0',1,NULL,NULL,NULL,NULL,NULL,588,523),(4456,'2023-08-18','11213','COL DES JF9 CHROME 100ML','33072010','5405','65,94','2,00',0.00,0.00,131.00,0.00,0.00,'0','0',1,NULL,NULL,NULL,NULL,NULL,589,524),(4457,'2023-08-18','16090','JF9 BLACK DEO COL 100ML','33072010','5405','83,40','2,00',0.00,0.00,166.00,0.00,0.00,'0','0',1,NULL,NULL,NULL,NULL,NULL,589,524),(4458,'2023-08-18','16658','ADORISSE PURE GOLD COLDES 50ML','33072010','5405','77,94','2,00',0.00,0.00,155.00,0.00,0.00,'0','0',1,NULL,NULL,NULL,NULL,NULL,589,524),(4459,'2023-08-18','17203','Catalogo ciclo 07 e 08/23','49111090','5910','3,31','1,00',0.00,0.00,3.00,0.00,0.00,'0','0',1,NULL,NULL,NULL,NULL,NULL,589,524),(4460,'2023-08-18','16658','ADORISSE PURE GOLD COLDES 50ML','33072010','5405','77,94','3,00',0.00,0.00,233.00,0.00,0.00,'0','0',1,NULL,NULL,NULL,NULL,NULL,590,525),(4461,'2023-08-18','16458','GARDENIA COL DES BR 50ML','33030020','5405','68,90','3,00',0.00,0.00,206.00,0.00,0.00,'0','0',1,NULL,NULL,NULL,NULL,NULL,590,525),(4462,'2023-08-18','16650','JANDE COL DESODORANTE NAC 50ML','33072010','5405','71,34','2,00',0.00,0.00,142.00,0.00,0.00,'0','0',1,NULL,NULL,NULL,NULL,NULL,590,525),(4463,'2023-08-18','17203','Catalogo ciclo 07 e 08/23','49111090','5910','3,31','1,00',0.00,0.00,3.00,0.00,0.00,'0','0',1,NULL,NULL,NULL,NULL,NULL,590,525),(4464,'2023-08-18','16458','GARDENIA COL DES BR 50ML','33030020','5405','68,90','3,00',0.00,0.00,206.00,0.00,0.00,'0','0',1,NULL,NULL,NULL,NULL,NULL,591,526),(4465,'2023-08-18','16091','SESTO SENSO COLONIA DESODORANT','33072010','5405','59,94','1,00',0.00,0.00,59.00,0.00,0.00,'0','0',1,NULL,NULL,NULL,NULL,NULL,591,526),(4466,'2023-08-18','17171','Power Oil - Hair Booster Baobab 30 ml','33059000','5405','71,94','1,00',0.00,0.00,71.00,0.00,0.00,'0','0',1,NULL,NULL,NULL,NULL,NULL,591,526),(4467,'2023-08-18','17096','Base Always Amplo Espectro FPS 15  BISQUE','33049990','5405','19,00','1,00',0.00,0.00,19.00,0.00,0.00,'0','0',1,NULL,NULL,NULL,NULL,NULL,591,526),(4468,'2023-08-18','17098','Base Always Amplo Espectro FPS 15  BUFF','33049990','5405','19,00','1,00',0.00,0.00,19.00,0.00,0.00,'0','0',1,NULL,NULL,NULL,NULL,NULL,591,526),(4469,'2023-08-18','17203','Catalogo ciclo 07 e 08/23','49111090','5910','3,31','1,00',0.00,0.00,3.00,0.00,0.00,'0','0',1,NULL,NULL,NULL,NULL,NULL,591,526),(4470,'2023-08-18','16458','GARDENIA COL DES BR 50ML','33030020','5405','68,90','3,00',0.00,0.00,206.00,0.00,0.00,'0','0',1,NULL,NULL,NULL,NULL,NULL,592,527),(4471,'2023-08-18','17090','Adorisse Passion Colonia 50 ml','33030020','5405','77,94','2,00',0.00,0.00,155.00,0.00,0.00,'0','0',1,NULL,NULL,NULL,NULL,NULL,592,527),(4472,'2023-08-18','17203','Catalogo ciclo 07 e 08/23','49111090','5910','3,31','1,00',0.00,0.00,3.00,0.00,0.00,'0','0',1,NULL,NULL,NULL,NULL,NULL,592,527),(4473,'2023-08-18','16458','GARDENIA COL DES BR 50ML','33030020','5405','68,90','2,00',0.00,0.00,137.00,0.00,0.00,'0','0',1,NULL,NULL,NULL,NULL,NULL,593,528),(4474,'2023-08-18','17090','Adorisse Passion Colonia 50 ml','33030020','5405','77,94','2,00',0.00,0.00,155.00,0.00,0.00,'0','0',1,NULL,NULL,NULL,NULL,NULL,593,528),(4475,'2023-08-18','47730','NAVIGO HOMME DEO COL 100ML','33072010','5405','113,40','1,00',0.00,0.00,113.00,0.00,0.00,'0','0',1,NULL,NULL,NULL,NULL,NULL,593,528),(4476,'2023-08-18','17203','Catalogo ciclo 07 e 08/23','49111090','5910','3,31','1,00',0.00,0.00,3.00,0.00,0.00,'0','0',1,NULL,NULL,NULL,NULL,NULL,593,528),(4477,'2023-08-18','16460','J-SPORT DEO COL 100ML','33072010','5405','65,73','1,00',0.00,0.00,65.00,0.00,0.00,'0','0',1,NULL,NULL,NULL,NULL,NULL,594,529),(4478,'2023-08-18','16757','ADORISSE VELVET COL DES 50ML','33072010','5405','65,73','1,00',0.00,0.00,65.00,0.00,0.00,'0','0',1,NULL,NULL,NULL,NULL,NULL,594,529),(4479,'2023-08-18','17153','JAFRA LEGEND PRIVE COLONIA  100 ML','33030020','5405','65,73','1,00',0.00,0.00,65.00,0.00,0.00,'0','0',1,NULL,NULL,NULL,NULL,NULL,594,529),(4480,'2023-08-18','16667','YITSU COL DES NAC 100ML','33072010','5405','95,40','1,00',0.00,0.00,95.00,0.00,0.00,'0','0',1,NULL,NULL,NULL,NULL,NULL,594,529),(4481,'2023-08-18','16092','LEGEND FOR MEN COL DEO 100ML','33072010','5405','89,40','1,00',0.00,0.00,89.00,0.00,0.00,'0','0',1,NULL,NULL,NULL,NULL,NULL,594,529),(4482,'2023-08-18','17203','Catalogo ciclo 07 e 08/23','49111090','5910','3,31','1,00',0.00,0.00,3.00,0.00,0.00,'0','0',1,NULL,NULL,NULL,NULL,NULL,594,529),(4483,'2023-08-18','17165','Eau D Aromes Deo Colonia 100ml - Limited Edit','33072010','5405','77,40','4,00',0.00,0.00,309.00,0.00,0.00,'0','0',1,NULL,NULL,NULL,NULL,NULL,595,530),(4484,'2023-08-18','17203','Catalogo ciclo 07 e 08/23','49111090','5910','3,31','1,00',0.00,0.00,3.00,0.00,0.00,'0','0',1,NULL,NULL,NULL,NULL,NULL,595,530),(4489,'2023-08-18','16458','GARDENIA COL DES BR 50ML','33030020','5405','68,90','3,00',0.00,0.00,206.00,0.00,0.00,'0','0',1,NULL,NULL,NULL,NULL,NULL,597,531),(4490,'2023-08-18','16650','JANDE COL DESODORANTE NAC 50ML','33072010','5405','71,34','2,00',0.00,0.00,142.00,0.00,0.00,'0','0',1,NULL,NULL,NULL,NULL,NULL,597,531),(4491,'2023-08-18','17156','JAFRA LAPIS DELINEADOR PARA SOBRANCELHAS 1 g ','33042010','5405','17,90','1,00',0.00,0.00,17.00,0.00,0.00,'0','0',1,NULL,NULL,NULL,NULL,NULL,597,531),(4492,'2023-08-18','11213','COL DES JF9 CHROME 100ML','33072010','5405','65,94','2,00',0.00,0.00,131.00,0.00,0.00,'0','0',1,NULL,NULL,NULL,NULL,NULL,597,531),(4493,'2023-08-18','17203','Catalogo ciclo 07 e 08/23','49111090','5910','3,31','1,00',0.00,0.00,3.00,0.00,0.00,'0','0',1,NULL,NULL,NULL,NULL,NULL,597,531),(4494,'2023-08-18','16458','GARDENIA COL DES BR 50ML','33030020','5405','68,90','3,00',0.00,0.00,206.00,0.00,0.00,'0','0',1,NULL,NULL,NULL,NULL,NULL,598,532),(4495,'2023-08-18','4366','Diamonds BLUSH 50ML','33072010','5405','65,94','2,00',0.00,0.00,131.00,0.00,0.00,'0','0',1,NULL,NULL,NULL,NULL,NULL,598,532),(4496,'2023-08-18','17203','Catalogo ciclo 07 e 08/23','49111090','5910','3,31','1,00',0.00,0.00,3.00,0.00,0.00,'0','0',1,NULL,NULL,NULL,NULL,NULL,598,532),(4497,'2023-08-18','16458','GARDENIA COL DES BR 50ML','33030020','5405','68,90','3,00',0.00,0.00,206.00,0.00,0.00,'0','0',1,NULL,NULL,NULL,NULL,NULL,599,533),(4498,'2023-08-18','16091','SESTO SENSO COLONIA DESODORANT','33072010','5405','59,94','2,00',0.00,0.00,119.00,0.00,0.00,'0','0',1,NULL,NULL,NULL,NULL,NULL,599,533),(4499,'2023-08-18','17203','Catalogo ciclo 07 e 08/23','49111090','5910','3,31','1,00',0.00,0.00,3.00,0.00,0.00,'0','0',1,NULL,NULL,NULL,NULL,NULL,599,533),(4500,'2023-08-18','16458','GARDENIA COL DES BR 50ML','33030020','5405','68,90','1,00',0.00,0.00,68.00,0.00,0.00,'0','0',1,NULL,NULL,NULL,NULL,NULL,600,534),(4501,'2023-08-18','16669','J SPORT XTREME COL DES NAC','33072010','5405','65,90','1,00',0.00,0.00,65.00,0.00,0.00,'0','0',1,NULL,NULL,NULL,NULL,NULL,600,534),(4502,'2023-08-18','16092','LEGEND FOR MEN COL DEO 100ML','33072010','5405','89,40','2,00',0.00,0.00,178.00,0.00,0.00,'0','0',1,NULL,NULL,NULL,NULL,NULL,600,534),(4503,'2023-08-18','16091','SESTO SENSO COLONIA DESODORANT','33072010','5405','59,94','3,00',0.00,0.00,179.00,0.00,0.00,'0','0',1,NULL,NULL,NULL,NULL,NULL,600,534),(4504,'2023-08-18','77385','DELINEADOR PARA OS OLHOS BLACK 1g','33042010','5405','12,90','1,00',0.00,0.00,12.00,0.00,0.00,'0','0',1,NULL,NULL,NULL,NULL,NULL,600,534),(4505,'2023-08-18','17044','COLONIA ABSOLUTE LEATHER','33030020','5910','19,79','1,00',0.00,0.00,19.00,0.00,0.00,'0','0',1,NULL,NULL,NULL,NULL,NULL,600,534),(4506,'2023-08-18','17203','Catalogo ciclo 07 e 08/23','49111090','5910','3,31','1,00',0.00,0.00,3.00,0.00,0.00,'0','0',1,NULL,NULL,NULL,NULL,NULL,600,534),(4507,'2023-08-18','17165','Eau D Aromes Deo Colonia 100ml - Limited Edit','33072010','5405','77,40','1,00',0.00,0.00,77.00,0.00,0.00,'0','0',1,NULL,NULL,NULL,NULL,NULL,601,535),(4508,'2023-08-18','17140','SESTO SENSO IN AMORE COLONIA DESODORANTE 100 ','33072010','5405','83,40','1,00',0.00,0.00,83.00,0.00,0.00,'0','0',1,NULL,NULL,NULL,NULL,NULL,601,535),(4509,'2023-08-18','16458','GARDENIA COL DES BR 50ML','33030020','5405','99,00','1,00',0.00,0.00,99.00,0.00,0.00,'0','0',1,NULL,NULL,NULL,NULL,NULL,601,535),(4510,'2023-08-18','17137','Sabonetes Gardenia (4 sabonetes em forma de f','34011190','5405','15,54','1,00',0.00,0.00,15.00,0.00,0.00,'0','0',1,NULL,NULL,NULL,NULL,NULL,601,535),(4511,'2023-08-18','77385','DELINEADOR PARA OS OLHOS BLACK 1g','33042010','5405','12,90','1,00',0.00,0.00,12.00,0.00,0.00,'0','0',1,NULL,NULL,NULL,NULL,NULL,601,535),(4512,'2023-08-18','4340','BATOM MATTE LOVE AFFAIR 4G','33041000','5405','27,54','1,00',0.00,0.00,27.00,0.00,0.00,'0','0',1,NULL,NULL,NULL,NULL,NULL,601,535),(4513,'2023-08-18','17162','JAFRA BATOM COBERTURA TOTAL MATTE 4 G  LUST','33041000','5405','27,54','1,00',0.00,0.00,27.00,0.00,0.00,'0','0',1,NULL,NULL,NULL,NULL,NULL,601,535),(4514,'2023-08-18','17203','Catalogo ciclo 07 e 08/23','49111090','5910','3,31','1,00',0.00,0.00,3.00,0.00,0.00,'0','0',1,NULL,NULL,NULL,NULL,NULL,601,535),(4515,'2023-08-18','16460','J-SPORT DEO COL 100ML','33072010','5405','65,73','1,00',0.00,0.00,65.00,0.00,0.00,'0','0',1,NULL,NULL,NULL,NULL,NULL,602,536),(4516,'2023-08-18','16757','ADORISSE VELVET COL DES 50ML','33072010','5405','65,73','1,00',0.00,0.00,65.00,0.00,0.00,'0','0',1,NULL,NULL,NULL,NULL,NULL,602,536),(4517,'2023-08-18','17153','JAFRA LEGEND PRIVE COLONIA  100 ML','33030020','5405','65,73','1,00',0.00,0.00,65.00,0.00,0.00,'0','0',1,NULL,NULL,NULL,NULL,NULL,602,536),(4518,'2023-08-18','16650','JANDE COL DESODORANTE NAC 50ML','33072010','5405','71,34','1,00',0.00,0.00,71.00,0.00,0.00,'0','0',1,NULL,NULL,NULL,NULL,NULL,602,536),(4519,'2023-08-18','16091','SESTO SENSO COLONIA DESODORANT','33072010','5405','59,94','1,00',0.00,0.00,59.00,0.00,0.00,'0','0',1,NULL,NULL,NULL,NULL,NULL,602,536),(4520,'2023-08-18','16623','VESEN COL DESODORANTE NAC 50ML','33072010','5405','77,40','1,00',0.00,0.00,77.00,0.00,0.00,'0','0',1,NULL,NULL,NULL,NULL,NULL,602,536),(4521,'2023-08-18','16092','LEGEND FOR MEN COL DEO 100ML','33072010','5405','89,40','1,00',0.00,0.00,89.00,0.00,0.00,'0','0',1,NULL,NULL,NULL,NULL,NULL,602,536),(4522,'2023-08-18','17083','Kit 11 Amostras Fragrancias Masculinas 2,5ml','33072010','5405','19,90','1,00',0.00,0.00,19.00,0.00,0.00,'0','0',1,NULL,NULL,NULL,NULL,NULL,602,536),(4523,'2023-08-18','17141','Kit 14 Amostras Fragrancias Femininas 2,5ml','33072010','5405','26,90','1,00',0.00,0.00,26.00,0.00,0.00,'0','0',1,NULL,NULL,NULL,NULL,NULL,602,536),(4524,'2023-08-18','17203','Catalogo ciclo 07 e 08/23','49111090','5910','3,31','1,00',0.00,0.00,3.00,0.00,0.00,'0','0',1,NULL,NULL,NULL,NULL,NULL,602,536),(4525,'2023-08-18','84777','LEGEND HERO COL DES 100ML','33072010','5405','71,34','3,00',0.00,0.00,214.00,0.00,0.00,'0','0',1,NULL,NULL,NULL,NULL,NULL,603,537),(4526,'2023-08-18','4366','Diamonds BLUSH 50ML','33072010','5405','65,94','1,00',0.00,0.00,65.00,0.00,0.00,'0','0',1,NULL,NULL,NULL,NULL,NULL,603,537),(4527,'2023-08-18','16091','SESTO SENSO COLONIA DESODORANT','33072010','5405','59,94','1,00',0.00,0.00,59.00,0.00,0.00,'0','0',1,NULL,NULL,NULL,NULL,NULL,603,537),(4528,'2023-08-18','17016','ROYAL BOOST  CREME FACIAL HIDRATANTE 50ML','33049910','5910','5,89','1,00',0.00,0.00,5.00,0.00,0.00,'0','0',1,NULL,NULL,NULL,NULL,NULL,603,537),(4529,'2023-08-18','17203','Catalogo ciclo 07 e 08/23','49111090','5910','3,31','1,00',0.00,0.00,3.00,0.00,0.00,'0','0',1,NULL,NULL,NULL,NULL,NULL,603,537),(4530,'2023-08-18','16460','J-SPORT DEO COL 100ML','33072010','5405','65,73','1,00',0.00,0.00,65.00,0.00,0.00,'0','0',1,NULL,NULL,NULL,NULL,NULL,604,538),(4531,'2023-08-18','16757','ADORISSE VELVET COL DES 50ML','33072010','5405','65,73','1,00',0.00,0.00,65.00,0.00,0.00,'0','0',1,NULL,NULL,NULL,NULL,NULL,604,538),(4532,'2023-08-18','17153','JAFRA LEGEND PRIVE COLONIA  100 ML','33030020','5405','65,73','1,00',0.00,0.00,65.00,0.00,0.00,'0','0',1,NULL,NULL,NULL,NULL,NULL,604,538),(4533,'2023-08-18','17090','Adorisse Passion Colonia 50 ml','33030020','5405','77,94','2,00',0.00,0.00,155.00,0.00,0.00,'0','0',1,NULL,NULL,NULL,NULL,NULL,604,538),(4534,'2023-08-18','17203','Catalogo ciclo 07 e 08/23','49111090','5910','3,31','1,00',0.00,0.00,3.00,0.00,0.00,'0','0',1,NULL,NULL,NULL,NULL,NULL,604,538),(4535,'2023-08-18','4366','Diamonds BLUSH 50ML','33072010','5405','65,94','1,00',0.00,0.00,65.00,0.00,0.00,'0','0',1,NULL,NULL,NULL,NULL,NULL,605,539),(4536,'2023-08-18','17096','Base Always Amplo Espectro FPS 15  BISQUE','33049990','5405','19,00','1,00',0.00,0.00,19.00,0.00,0.00,'0','0',1,NULL,NULL,NULL,NULL,NULL,605,539),(4537,'2023-08-18','17203','Catalogo ciclo 07 e 08/23','49111090','5910','3,31','1,00',0.00,0.00,3.00,0.00,0.00,'0','0',1,NULL,NULL,NULL,NULL,NULL,605,539),(4538,'2023-08-18','16671','DIAMONDS COLONIA DES 50ML','33072010','5405','89,40','1,00',0.00,0.00,89.00,0.00,0.00,'0','0',1,NULL,NULL,NULL,NULL,NULL,605,539),(4539,'2023-08-18','16458','GARDENIA COL DES BR 50ML','33030020','5405','68,90','2,00',0.00,0.00,137.00,0.00,0.00,'0','0',1,NULL,NULL,NULL,NULL,NULL,605,539),(4540,'2023-08-18','16460','J-SPORT DEO COL 100ML','33072010','5405','65,74','2,00',0.00,0.00,131.00,0.00,0.00,'0','0',1,NULL,NULL,NULL,NULL,NULL,606,540),(4541,'2023-08-18','16757','ADORISSE VELVET COL DES 50ML','33072010','5405','65,74','2,00',0.00,0.00,131.00,0.00,0.00,'0','0',1,NULL,NULL,NULL,NULL,NULL,606,540),(4542,'2023-08-18','17153','JAFRA LEGEND PRIVE COLONIA  100 ML','33030020','5405','65,74','2,00',0.00,0.00,131.00,0.00,0.00,'0','0',1,NULL,NULL,NULL,NULL,NULL,606,540),(4543,'2023-08-18','16091','SESTO SENSO COLONIA DESODORANT','33072010','5405','59,94','1,00',0.00,0.00,59.00,0.00,0.00,'0','0',1,NULL,NULL,NULL,NULL,NULL,606,540),(4544,'2023-08-18','17203','Catalogo ciclo 07 e 08/23','49111090','5910','3,31','1,00',0.00,0.00,3.00,0.00,0.00,'0','0',1,NULL,NULL,NULL,NULL,NULL,606,540),(4545,'2023-08-18','16669','J SPORT XTREME COL DES NAC','33072010','5405','65,90','2,00',0.00,0.00,131.00,0.00,0.00,'0','0',1,NULL,NULL,NULL,NULL,NULL,607,541),(4546,'2023-08-18','16460','J-SPORT DEO COL 100ML','33072010','5405','65,73','1,00',0.00,0.00,65.00,0.00,0.00,'0','0',1,NULL,NULL,NULL,NULL,NULL,607,541),(4547,'2023-08-18','16757','ADORISSE VELVET COL DES 50ML','33072010','5405','65,73','1,00',0.00,0.00,65.00,0.00,0.00,'0','0',1,NULL,NULL,NULL,NULL,NULL,607,541),(4548,'2023-08-18','17153','JAFRA LEGEND PRIVE COLONIA  100 ML','33030020','5405','65,73','1,00',0.00,0.00,65.00,0.00,0.00,'0','0',1,NULL,NULL,NULL,NULL,NULL,607,541),(4549,'2023-08-18','17203','Catalogo ciclo 07 e 08/23','49111090','5910','3,31','1,00',0.00,0.00,3.00,0.00,0.00,'0','0',1,NULL,NULL,NULL,NULL,NULL,607,541),(4550,'2023-08-18','4366','Diamonds BLUSH 50ML','33072010','5405','65,94','1,00',0.00,0.00,65.00,0.00,0.00,'0','0',1,NULL,NULL,NULL,NULL,NULL,608,542),(4551,'2023-08-18','16658','ADORISSE PURE GOLD COLDES 50ML','33072010','5405','77,94','1,00',0.00,0.00,77.00,0.00,0.00,'0','0',1,NULL,NULL,NULL,NULL,NULL,608,542),(4552,'2023-08-18','16091','SESTO SENSO COLONIA DESODORANT','33072010','5405','59,94','1,00',0.00,0.00,59.00,0.00,0.00,'0','0',1,NULL,NULL,NULL,NULL,NULL,608,542),(4553,'2023-08-18','16460','J-SPORT DEO COL 100ML','33072010','5405','65,73','1,00',0.00,0.00,65.00,0.00,0.00,'0','0',1,NULL,NULL,NULL,NULL,NULL,608,542),(4554,'2023-08-18','16757','ADORISSE VELVET COL DES 50ML','33072010','5405','65,73','1,00',0.00,0.00,65.00,0.00,0.00,'0','0',1,NULL,NULL,NULL,NULL,NULL,608,542),(4555,'2023-08-18','17153','JAFRA LEGEND PRIVE COLONIA  100 ML','33030020','5405','65,73','1,00',0.00,0.00,65.00,0.00,0.00,'0','0',1,NULL,NULL,NULL,NULL,NULL,608,542),(4556,'2023-08-18','16092','LEGEND FOR MEN COL DEO 100ML','33072010','5405','89,40','1,00',0.00,0.00,89.00,0.00,0.00,'0','0',1,NULL,NULL,NULL,NULL,NULL,608,542),(4557,'2023-08-18','17137','Sabonetes Gardenia (4 sabonetes em forma de f','34011190','5405','15,54','1,00',0.00,0.00,15.00,0.00,0.00,'0','0',1,NULL,NULL,NULL,NULL,NULL,608,542),(4558,'2023-08-18','17044','COLONIA ABSOLUTE LEATHER','33030020','5910','19,79','1,00',0.00,0.00,19.00,0.00,0.00,'0','0',1,NULL,NULL,NULL,NULL,NULL,608,542),(4559,'2023-08-18','17203','Catalogo ciclo 07 e 08/23','49111090','5910','3,31','1,00',0.00,0.00,3.00,0.00,0.00,'0','0',1,NULL,NULL,NULL,NULL,NULL,608,542),(4560,'2023-08-18','16088','ROYAL JELLY SABONETE 5 UNID','34011190','5405','29,94','1,00',0.00,0.00,29.00,0.00,0.00,'0','0',1,NULL,NULL,NULL,NULL,NULL,609,543),(4561,'2023-08-18','17123','JAFRA ROYAL CLEAR SMART HIDRATANTE EM GEL OIL','33049990','5405','59,34','1,00',0.00,0.00,59.00,0.00,0.00,'0','0',1,NULL,NULL,NULL,NULL,NULL,609,543),(4562,'2023-08-18','17121','JAFRA ROYAL CLEAR SMART TONICO FACIAL CLAREAD','33049910','5405','44,34','1,00',0.00,0.00,44.00,0.00,0.00,'0','0',1,NULL,NULL,NULL,NULL,NULL,609,543),(4563,'2023-08-18','16458','GARDENIA COL DES BR 50ML','33030020','5405','68,90','1,00',0.00,0.00,68.00,0.00,0.00,'0','0',1,NULL,NULL,NULL,NULL,NULL,609,543),(4564,'2023-08-18','16092','LEGEND FOR MEN COL DEO 100ML','33072010','5405','89,40','2,00',0.00,0.00,178.00,0.00,0.00,'0','0',1,NULL,NULL,NULL,NULL,NULL,609,543),(4565,'2023-08-18','17167','Hidratacao Regeneradora - Shampoo 240 ml','33051000','5405','41,94','1,00',0.00,0.00,41.00,0.00,0.00,'0','0',1,NULL,NULL,NULL,NULL,NULL,609,543),(4566,'2023-08-18','17168','Hidratacao Regeneradora - Condicionador 240 m','33059000','5405','47,94','1,00',0.00,0.00,47.00,0.00,0.00,'0','0',1,NULL,NULL,NULL,NULL,NULL,609,543),(4567,'2023-08-18','17146','Jafra Creme Facial Umectante com Geleia Real ','33049910','5405','137,40','1,00',0.00,0.00,137.00,0.00,0.00,'0','0',1,NULL,NULL,NULL,NULL,NULL,609,543),(4568,'2023-08-18','17203','Catalogo ciclo 07 e 08/23','49111090','5910','3,31','1,00',0.00,0.00,3.00,0.00,0.00,'0','0',1,NULL,NULL,NULL,NULL,NULL,609,543),(4569,'2023-08-18','16458','GARDENIA COL DES BR 50ML','33030020','5405','68,90','2,00',0.00,0.00,137.00,0.00,0.00,'0','0',1,NULL,NULL,NULL,NULL,NULL,610,544),(4570,'2023-08-18','11213','COL DES JF9 CHROME 100ML','33072010','5405','65,94','2,00',0.00,0.00,131.00,0.00,0.00,'0','0',1,NULL,NULL,NULL,NULL,NULL,610,544),(4571,'2023-08-18','4366','Diamonds BLUSH 50ML','33072010','5405','65,94','1,00',0.00,0.00,65.00,0.00,0.00,'0','0',1,NULL,NULL,NULL,NULL,NULL,610,544),(4572,'2023-08-18','16650','JANDE COL DESODORANTE NAC 50ML','33072010','5405','71,34','1,00',0.00,0.00,71.00,0.00,0.00,'0','0',1,NULL,NULL,NULL,NULL,NULL,610,544),(4573,'2023-08-18','17203','Catalogo ciclo 07 e 08/23','49111090','5910','3,31','1,00',0.00,0.00,3.00,0.00,0.00,'0','0',1,NULL,NULL,NULL,NULL,NULL,610,544),(4574,'2023-08-18','16092','LEGEND FOR MEN COL DEO 100ML','33072010','5405','89,40','3,00',0.00,0.00,268.00,0.00,0.00,'0','0',1,NULL,NULL,NULL,NULL,NULL,611,545),(4575,'2023-08-18','17053','VESEN BODY LOTION','33072090','5405','33,00','1,00',0.00,0.00,33.00,0.00,0.00,'0','0',1,NULL,NULL,NULL,NULL,NULL,611,545),(4576,'2023-08-18','17203','Catalogo ciclo 07 e 08/23','49111090','5910','3,31','1,00',0.00,0.00,3.00,0.00,0.00,'0','0',1,NULL,NULL,NULL,NULL,NULL,611,545),(4577,'2023-08-18','16658','ADORISSE PURE GOLD COLDES 50ML','33072010','5405','77,94','3,00',0.00,0.00,233.00,0.00,0.00,'0','0',1,NULL,NULL,NULL,NULL,NULL,612,546),(4578,'2023-08-18','16460','J-SPORT DEO COL 100ML','33072010','5405','65,74','2,00',0.00,0.00,131.00,0.00,0.00,'0','0',1,NULL,NULL,NULL,NULL,NULL,612,546),(4579,'2023-08-18','16757','ADORISSE VELVET COL DES 50ML','33072010','5405','65,74','2,00',0.00,0.00,131.00,0.00,0.00,'0','0',1,NULL,NULL,NULL,NULL,NULL,612,546),(4580,'2023-08-18','17153','JAFRA LEGEND PRIVE COLONIA  100 ML','33030020','5405','65,74','2,00',0.00,0.00,131.00,0.00,0.00,'0','0',1,NULL,NULL,NULL,NULL,NULL,612,546),(4581,'2023-08-18','16623','VESEN COL DESODORANTE NAC 50ML','33072010','5405','77,40','1,00',0.00,0.00,77.00,0.00,0.00,'0','0',1,NULL,NULL,NULL,NULL,NULL,612,546),(4582,'2023-08-18','17162','JAFRA BATOM COBERTURA TOTAL MATTE 4 G  LUST','33041000','5405','27,54','1,00',0.00,0.00,27.00,0.00,0.00,'0','0',1,NULL,NULL,NULL,NULL,NULL,612,546),(4583,'2023-08-18','17203','Catalogo ciclo 07 e 08/23','49111090','5910','3,31','1,00',0.00,0.00,3.00,0.00,0.00,'0','0',1,NULL,NULL,NULL,NULL,NULL,612,546),(4584,'2023-08-18','16460','J-SPORT DEO COL 100ML','33072010','5405','65,73','1,00',0.00,0.00,65.00,0.00,0.00,'0','0',1,NULL,NULL,NULL,NULL,NULL,613,547),(4585,'2023-08-18','16757','ADORISSE VELVET COL DES 50ML','33072010','5405','65,73','1,00',0.00,0.00,65.00,0.00,0.00,'0','0',1,NULL,NULL,NULL,NULL,NULL,613,547),(4586,'2023-08-18','17153','JAFRA LEGEND PRIVE COLONIA  100 ML','33030020','5405','65,73','1,00',0.00,0.00,65.00,0.00,0.00,'0','0',1,NULL,NULL,NULL,NULL,NULL,613,547),(4587,'2023-08-18','17120','InsideSkin with Royal Jelly','21069030','5102','59,94','1,00',0.00,0.00,59.00,0.00,0.00,'0','0',1,NULL,NULL,NULL,NULL,NULL,613,547),(4588,'2023-08-18','4366','Diamonds BLUSH 50ML','33072010','5405','65,94','3,00',0.00,0.00,197.00,0.00,0.00,'0','0',1,NULL,NULL,NULL,NULL,NULL,613,547),(4589,'2023-08-18','17203','Catalogo ciclo 07 e 08/23','49111090','5910','3,31','1,00',0.00,0.00,3.00,0.00,0.00,'0','0',1,NULL,NULL,NULL,NULL,NULL,613,547),(4590,'2023-08-18','4366','Diamonds BLUSH 50ML','33072010','5405','65,94','1,00',0.00,0.00,65.00,0.00,0.00,'0','0',1,NULL,NULL,NULL,NULL,NULL,614,548),(4591,'2023-08-18','16658','ADORISSE PURE GOLD COLDES 50ML','33072010','5405','77,94','1,00',0.00,0.00,77.00,0.00,0.00,'0','0',1,NULL,NULL,NULL,NULL,NULL,614,548),(4592,'2023-08-18','84777','LEGEND HERO COL DES 100ML','33072010','5405','71,34','1,00',0.00,0.00,71.00,0.00,0.00,'0','0',1,NULL,NULL,NULL,NULL,NULL,614,548),(4593,'2023-08-18','16460','J-SPORT DEO COL 100ML','33072010','5405','65,73','1,00',0.00,0.00,65.00,0.00,0.00,'0','0',1,NULL,NULL,NULL,NULL,NULL,614,548),(4594,'2023-08-18','16757','ADORISSE VELVET COL DES 50ML','33072010','5405','65,73','1,00',0.00,0.00,65.00,0.00,0.00,'0','0',1,NULL,NULL,NULL,NULL,NULL,614,548),(4595,'2023-08-18','17153','JAFRA LEGEND PRIVE COLONIA  100 ML','33030020','5405','65,73','1,00',0.00,0.00,65.00,0.00,0.00,'0','0',1,NULL,NULL,NULL,NULL,NULL,614,548),(4596,'2023-08-18','17083','Kit 11 Amostras Fragrancias Masculinas 2,5ml','33072010','5405','19,90','1,00',0.00,0.00,19.00,0.00,0.00,'0','0',1,NULL,NULL,NULL,NULL,NULL,614,548),(4597,'2023-08-18','17141','Kit 14 Amostras Fragrancias Femininas 2,5ml','33072010','5405','26,90','1,00',0.00,0.00,26.00,0.00,0.00,'0','0',1,NULL,NULL,NULL,NULL,NULL,614,548),(4598,'2023-08-18','17016','ROYAL BOOST  CREME FACIAL HIDRATANTE 50ML','33049910','5910','5,89','1,00',0.00,0.00,5.00,0.00,0.00,'0','0',1,NULL,NULL,NULL,NULL,NULL,614,548),(4599,'2023-08-18','17203','Catalogo ciclo 07 e 08/23','49111090','5910','3,31','1,00',0.00,0.00,3.00,0.00,0.00,'0','0',1,NULL,NULL,NULL,NULL,NULL,614,548),(4600,'2023-08-18','16669','J SPORT XTREME COL DES NAC','33072010','5405','65,90','1,00',0.00,0.00,65.00,0.00,0.00,'0','0',1,NULL,NULL,NULL,NULL,NULL,615,549),(4601,'2023-08-18','4366','Diamonds BLUSH 50ML','33072010','5405','65,94','1,00',0.00,0.00,65.00,0.00,0.00,'0','0',1,NULL,NULL,NULL,NULL,NULL,615,549),(4602,'2023-08-18','16658','ADORISSE PURE GOLD COLDES 50ML','33072010','5405','77,94','2,00',0.00,0.00,155.00,0.00,0.00,'0','0',1,NULL,NULL,NULL,NULL,NULL,615,549),(4603,'2023-08-18','17090','Adorisse Passion Colonia 50 ml','33030020','5405','77,94','1,00',0.00,0.00,77.00,0.00,0.00,'0','0',1,NULL,NULL,NULL,NULL,NULL,615,549),(4604,'2023-08-18','17203','Catalogo ciclo 07 e 08/23','49111090','5910','3,31','1,00',0.00,0.00,3.00,0.00,0.00,'0','0',1,NULL,NULL,NULL,NULL,NULL,615,549),(4605,'2023-08-18','16091','SESTO SENSO COLONIA DESODORANT','33072010','5405','59,94','3,00',0.00,0.00,179.00,0.00,0.00,'0','0',1,NULL,NULL,NULL,NULL,NULL,616,550),(4606,'2023-08-18','94217','LS ROYAL JELLY ROSE NOUVEAU','33041000','5405','46,14','1,00',0.00,0.00,46.00,0.00,0.00,'0','0',1,NULL,NULL,NULL,NULL,NULL,616,550),(4607,'2023-08-18','16460','J-SPORT DEO COL 100ML','33072010','5405','65,73','1,00',0.00,0.00,65.00,0.00,0.00,'0','0',1,NULL,NULL,NULL,NULL,NULL,616,550),(4608,'2023-08-18','16757','ADORISSE VELVET COL DES 50ML','33072010','5405','65,73','1,00',0.00,0.00,65.00,0.00,0.00,'0','0',1,NULL,NULL,NULL,NULL,NULL,616,550),(4609,'2023-08-18','17153','JAFRA LEGEND PRIVE COLONIA  100 ML','33030020','5405','65,73','1,00',0.00,0.00,65.00,0.00,0.00,'0','0',1,NULL,NULL,NULL,NULL,NULL,616,550),(4610,'2023-08-18','17203','Catalogo ciclo 07 e 08/23','49111090','5910','1,66','2,00',0.00,0.00,3.00,0.00,0.00,'0','0',1,NULL,NULL,NULL,NULL,NULL,616,550),(4611,'2023-08-18','16460','J-SPORT DEO COL 100ML','33072010','5405','65,74','2,00',0.00,0.00,131.00,0.00,0.00,'0','0',1,NULL,NULL,NULL,NULL,NULL,617,551),(4612,'2023-08-18','16757','ADORISSE VELVET COL DES 50ML','33072010','5405','65,74','2,00',0.00,0.00,131.00,0.00,0.00,'0','0',1,NULL,NULL,NULL,NULL,NULL,617,551),(4613,'2023-08-18','17153','JAFRA LEGEND PRIVE COLONIA  100 ML','33030020','5405','65,74','2,00',0.00,0.00,131.00,0.00,0.00,'0','0',1,NULL,NULL,NULL,NULL,NULL,617,551),(4614,'2023-08-18','16090','JF9 BLACK DEO COL 100ML','33072010','5405','83,40','1,00',0.00,0.00,83.00,0.00,0.00,'0','0',1,NULL,NULL,NULL,NULL,NULL,617,551),(4615,'2023-08-18','17137','Sabonetes Gardenia (4 sabonetes em forma de f','34011190','5405','15,54','1,00',0.00,0.00,15.00,0.00,0.00,'0','0',1,NULL,NULL,NULL,NULL,NULL,617,551),(4616,'2023-08-18','17203','Catalogo ciclo 07 e 08/23','49111090','5910','3,31','1,00',0.00,0.00,3.00,0.00,0.00,'0','0',1,NULL,NULL,NULL,NULL,NULL,617,551),(4617,'2023-08-18','16460','J-SPORT DEO COL 100ML','33072010','5405','65,73','1,00',0.00,0.00,65.00,0.00,0.00,'0','0',1,NULL,NULL,NULL,NULL,NULL,618,552),(4618,'2023-08-18','16757','ADORISSE VELVET COL DES 50ML','33072010','5405','65,73','1,00',0.00,0.00,65.00,0.00,0.00,'0','0',1,NULL,NULL,NULL,NULL,NULL,618,552),(4619,'2023-08-18','17153','JAFRA LEGEND PRIVE COLONIA  100 ML','33030020','5405','65,73','1,00',0.00,0.00,65.00,0.00,0.00,'0','0',1,NULL,NULL,NULL,NULL,NULL,618,552),(4620,'2023-08-18','16658','ADORISSE PURE GOLD COLDES 50ML','33072010','5405','77,94','2,00',0.00,0.00,155.00,0.00,0.00,'0','0',1,NULL,NULL,NULL,NULL,NULL,618,552),(4621,'2023-08-18','17203','Catalogo ciclo 07 e 08/23','49111090','5910','3,31','1,00',0.00,0.00,3.00,0.00,0.00,'0','0',1,NULL,NULL,NULL,NULL,NULL,618,552),(4622,'2023-08-18','16656','ADORISSE COLONIA DES 50ML','33072010','5405','99,00','1,00',0.00,0.00,99.00,0.00,0.00,'0','0',1,NULL,NULL,NULL,NULL,NULL,619,553),(4623,'2023-08-18','17165','Eau D Aromes Deo Colonia 100ml - Limited Edit','33072010','5405','77,40','1,00',0.00,0.00,77.00,0.00,0.00,'0','0',1,NULL,NULL,NULL,NULL,NULL,619,553),(4624,'2023-08-18','16092','LEGEND FOR MEN COL DEO 100ML','33072010','5405','89,40','1,00',0.00,0.00,89.00,0.00,0.00,'0','0',1,NULL,NULL,NULL,NULL,NULL,619,553),(4625,'2023-08-18','17125','JAFRA EAU D AROMES HOMME COLONIA  100 ML','33030020','5405','95,40','1,00',0.00,0.00,95.00,0.00,0.00,'0','0',1,NULL,NULL,NULL,NULL,NULL,619,553),(4626,'2023-08-18','17016','ROYAL BOOST  CREME FACIAL HIDRATANTE 50ML','33049910','5910','5,89','1,00',0.00,0.00,5.00,0.00,0.00,'0','0',1,NULL,NULL,NULL,NULL,NULL,619,553),(4627,'2023-08-18','17203','Catalogo ciclo 07 e 08/23','49111090','5910','3,31','1,00',0.00,0.00,3.00,0.00,0.00,'0','0',1,NULL,NULL,NULL,NULL,NULL,619,553),(4628,'2023-08-18','16623','VESEN COL DESODORANTE NAC 50ML','33072010','5405','77,40','2,00',0.00,0.00,154.00,0.00,0.00,'0','0',1,NULL,NULL,NULL,NULL,NULL,620,554),(4629,'2023-08-18','16092','LEGEND FOR MEN COL DEO 100ML','33072010','5405','89,40','1,00',0.00,0.00,89.00,0.00,0.00,'0','0',1,NULL,NULL,NULL,NULL,NULL,620,554),(4630,'2023-08-18','4366','Diamonds BLUSH 50ML','33072010','5405','65,94','1,00',0.00,0.00,65.00,0.00,0.00,'0','0',1,NULL,NULL,NULL,NULL,NULL,620,554),(4631,'2023-08-18','17016','ROYAL BOOST  CREME FACIAL HIDRATANTE 50ML','33049910','5910','5,89','1,00',0.00,0.00,5.00,0.00,0.00,'0','0',1,NULL,NULL,NULL,NULL,NULL,620,554),(4632,'2023-08-18','17203','Catalogo ciclo 07 e 08/23','49111090','5910','3,31','1,00',0.00,0.00,3.00,0.00,0.00,'0','0',1,NULL,NULL,NULL,NULL,NULL,620,554),(4633,'2023-08-18','16623','VESEN COL DESODORANTE NAC 50ML','33072010','5405','77,40','1,00',0.00,0.00,77.00,0.00,0.00,'0','0',1,NULL,NULL,NULL,NULL,NULL,621,555),(4634,'2023-08-18','16458','GARDENIA COL DES BR 50ML','33030020','5405','68,90','3,00',0.00,0.00,206.00,0.00,0.00,'0','0',1,NULL,NULL,NULL,NULL,NULL,621,555),(4635,'2023-08-18','17156','JAFRA LAPIS DELINEADOR PARA SOBRANCELHAS 1 g ','33042010','5405','17,90','1,00',0.00,0.00,17.00,0.00,0.00,'0','0',1,NULL,NULL,NULL,NULL,NULL,621,555),(4636,'2023-08-18','17203','Catalogo ciclo 07 e 08/23','49111090','5910','3,31','1,00',0.00,0.00,3.00,0.00,0.00,'0','0',1,NULL,NULL,NULL,NULL,NULL,621,555),(4637,'2023-08-18','16458','GARDENIA COL DES BR 50ML','33030020','5405','68,90','3,00',0.00,0.00,206.00,0.00,0.00,'0','0',1,NULL,NULL,NULL,NULL,NULL,622,556),(4638,'2023-08-18','17165','Eau D Aromes Deo Colonia 100ml - Limited Edit','33072010','5405','77,40','1,00',0.00,0.00,77.00,0.00,0.00,'0','0',1,NULL,NULL,NULL,NULL,NULL,622,556),(4639,'2023-08-18','17088','Sabonete Eau Daromes','34011190','5405','22,14','1,00',0.00,0.00,22.00,0.00,0.00,'0','0',1,NULL,NULL,NULL,NULL,NULL,622,556),(4640,'2023-08-18','17203','Catalogo ciclo 07 e 08/23','49111090','5910','3,31','1,00',0.00,0.00,3.00,0.00,0.00,'0','0',1,NULL,NULL,NULL,NULL,NULL,622,556),(4641,'2023-08-18','16669','J SPORT XTREME COL DES NAC','33072010','5405','65,90','1,00',0.00,0.00,65.00,0.00,0.00,'0','0',1,NULL,NULL,NULL,NULL,NULL,623,557),(4642,'2023-08-18','16458','GARDENIA COL DES BR 50ML','33030020','5405','68,90','1,00',0.00,0.00,68.00,0.00,0.00,'0','0',1,NULL,NULL,NULL,NULL,NULL,623,557),(4643,'2023-08-18','4366','Diamonds BLUSH 50ML','33072010','5405','65,94','1,00',0.00,0.00,65.00,0.00,0.00,'0','0',1,NULL,NULL,NULL,NULL,NULL,623,557),(4644,'2023-08-18','16091','SESTO SENSO COLONIA DESODORANT','33072010','5405','59,94','1,00',0.00,0.00,59.00,0.00,0.00,'0','0',1,NULL,NULL,NULL,NULL,NULL,623,557),(4645,'2023-08-18','17090','Adorisse Passion Colonia 50 ml','33030020','5405','77,94','1,00',0.00,0.00,77.00,0.00,0.00,'0','0',1,NULL,NULL,NULL,NULL,NULL,623,557),(4646,'2023-08-18','17203','Catalogo ciclo 07 e 08/23','49111090','5910','3,31','1,00',0.00,0.00,3.00,0.00,0.00,'0','0',1,NULL,NULL,NULL,NULL,NULL,623,557),(4647,'2023-08-18','16460','J-SPORT DEO COL 100ML','33072010','5405','65,73','1,00',0.00,0.00,65.00,0.00,0.00,'0','0',1,NULL,NULL,NULL,NULL,NULL,624,558),(4648,'2023-08-18','16757','ADORISSE VELVET COL DES 50ML','33072010','5405','65,73','1,00',0.00,0.00,65.00,0.00,0.00,'0','0',1,NULL,NULL,NULL,NULL,NULL,624,558),(4649,'2023-08-18','17153','JAFRA LEGEND PRIVE COLONIA  100 ML','33030020','5405','65,73','1,00',0.00,0.00,65.00,0.00,0.00,'0','0',1,NULL,NULL,NULL,NULL,NULL,624,558),(4650,'2023-08-18','16091','SESTO SENSO COLONIA DESODORANT','33072010','5405','59,94','1,00',0.00,0.00,59.00,0.00,0.00,'0','0',1,NULL,NULL,NULL,NULL,NULL,624,558),(4651,'2023-08-18','16658','ADORISSE PURE GOLD COLDES 50ML','33072010','5405','77,94','1,00',0.00,0.00,77.00,0.00,0.00,'0','0',1,NULL,NULL,NULL,NULL,NULL,624,558),(4652,'2023-08-18','17203','Catalogo ciclo 07 e 08/23','49111090','5910','3,31','1,00',0.00,0.00,3.00,0.00,0.00,'0','0',1,NULL,NULL,NULL,NULL,NULL,624,558),(4653,'2023-08-18','16091','SESTO SENSO COLONIA DESODORANT','33072010','5405','59,94','2,00',0.00,0.00,119.00,0.00,0.00,'0','0',1,NULL,NULL,NULL,NULL,NULL,625,559),(4654,'2023-08-18','16948','Colonia Desodorante Splash Free To Be New 250','33072010','5405','41,94','2,00',0.00,0.00,83.00,0.00,0.00,'0','0',1,NULL,NULL,NULL,NULL,NULL,625,559),(4655,'2023-08-18','11213','COL DES JF9 CHROME 100ML','33072010','5405','65,94','2,00',0.00,0.00,131.00,0.00,0.00,'0','0',1,NULL,NULL,NULL,NULL,NULL,625,559),(4656,'2023-08-18','16460','J-SPORT DEO COL 100ML','33072010','5405','65,73','1,00',0.00,0.00,65.00,0.00,0.00,'0','0',1,NULL,NULL,NULL,NULL,NULL,625,559),(4657,'2023-08-18','16757','ADORISSE VELVET COL DES 50ML','33072010','5405','65,73','1,00',0.00,0.00,65.00,0.00,0.00,'0','0',1,NULL,NULL,NULL,NULL,NULL,625,559),(4658,'2023-08-18','17153','JAFRA LEGEND PRIVE COLONIA  100 ML','33030020','5405','65,73','1,00',0.00,0.00,65.00,0.00,0.00,'0','0',1,NULL,NULL,NULL,NULL,NULL,625,559),(4659,'2023-08-18','16952','Desodorante Antitranspirante Roll-on Free To ','33072090','5405','17,94','2,00',0.00,0.00,35.00,0.00,0.00,'0','0',1,NULL,NULL,NULL,NULL,NULL,625,559),(4660,'2023-08-18','17203','Catalogo ciclo 07 e 08/23','49111090','5910','1,66','2,00',0.00,0.00,3.00,0.00,0.00,'0','0',1,NULL,NULL,NULL,NULL,NULL,625,559),(4661,'2023-08-18','16669','J SPORT XTREME COL DES NAC','33072010','5405','65,90','3,00',0.00,0.00,197.00,0.00,0.00,'0','0',1,NULL,NULL,NULL,NULL,NULL,626,560),(4662,'2023-08-18','16460','J-SPORT DEO COL 100ML','33072010','5405','65,74','2,00',0.00,0.00,131.00,0.00,0.00,'0','0',1,NULL,NULL,NULL,NULL,NULL,626,560),(4663,'2023-08-18','16757','ADORISSE VELVET COL DES 50ML','33072010','5405','65,74','2,00',0.00,0.00,131.00,0.00,0.00,'0','0',1,NULL,NULL,NULL,NULL,NULL,626,560),(4664,'2023-08-18','17153','JAFRA LEGEND PRIVE COLONIA  100 ML','33030020','5405','65,74','2,00',0.00,0.00,131.00,0.00,0.00,'0','0',1,NULL,NULL,NULL,NULL,NULL,626,560),(4665,'2023-08-18','16950','Desodorante Antitranspirante Roll-on Free To ','33072010','5405','17,94','2,00',0.00,0.00,35.00,0.00,0.00,'0','0',1,NULL,NULL,NULL,NULL,NULL,626,560),(4666,'2023-08-18','16952','Desodorante Antitranspirante Roll-on Free To ','33072090','5405','17,94','2,00',0.00,0.00,35.00,0.00,0.00,'0','0',1,NULL,NULL,NULL,NULL,NULL,626,560),(4667,'2023-08-18','17203','Catalogo ciclo 07 e 08/23','49111090','5910','3,31','1,00',0.00,0.00,3.00,0.00,0.00,'0','0',1,NULL,NULL,NULL,NULL,NULL,626,560),(4668,'2023-08-18','84777','LEGEND HERO COL DES 100ML','33072010','5405','71,34','1,00',0.00,0.00,71.00,0.00,0.00,'0','0',1,NULL,NULL,NULL,NULL,NULL,627,561),(4669,'2023-08-18','89124','MASCARA.MALIBU DE LIMPEZA','33049990','5405','65,40','1,00',0.00,0.00,65.00,0.00,0.00,'0','0',1,NULL,NULL,NULL,NULL,NULL,627,561),(4670,'2023-08-18','17104','Royal Jelly Creme Hidratante para as Maos com','33049910','5405','53,34','1,00',0.00,0.00,53.00,0.00,0.00,'0','0',1,NULL,NULL,NULL,NULL,NULL,627,561),(4671,'2023-08-18','17165','Eau D Aromes Deo Colonia 100ml - Limited Edit','33072010','5405','77,40','2,00',0.00,0.00,154.00,0.00,0.00,'0','0',1,NULL,NULL,NULL,NULL,NULL,627,561),(4672,'2023-08-18','7620','DEO PARFUM ADORISSE NIGHT 50 ML','33072010','5405','99,00','1,00',0.00,0.00,99.00,0.00,0.00,'0','0',1,NULL,NULL,NULL,NULL,NULL,627,561),(4673,'2023-08-18','77385','DELINEADOR PARA OS OLHOS BLACK 1g','33042010','5405','12,90','1,00',0.00,0.00,12.00,0.00,0.00,'0','0',1,NULL,NULL,NULL,NULL,NULL,627,561),(4674,'2023-08-18','16650','JANDE COL DESODORANTE NAC 50ML','33072010','5405','71,34','1,00',0.00,0.00,71.00,0.00,0.00,'0','0',1,NULL,NULL,NULL,NULL,NULL,627,561),(4675,'2023-08-18','16092','LEGEND FOR MEN COL DEO 100ML','33072010','5405','89,40','3,00',0.00,0.00,268.00,0.00,0.00,'0','0',1,NULL,NULL,NULL,NULL,NULL,627,561),(4676,'2023-08-18','17044','COLONIA ABSOLUTE LEATHER','33030020','5910','19,79','1,00',0.00,0.00,19.00,0.00,0.00,'0','0',1,NULL,NULL,NULL,NULL,NULL,627,561),(4677,'2023-08-18','17203','Catalogo ciclo 07 e 08/23','49111090','5910','3,31','1,00',0.00,0.00,3.00,0.00,0.00,'0','0',1,NULL,NULL,NULL,NULL,NULL,627,561),(4678,'2023-08-18','17162','JAFRA BATOM COBERTURA TOTAL MATTE 4 G  LUST','33041000','5405','27,54','1,00',0.00,0.00,27.00,0.00,0.00,'0','0',1,NULL,NULL,NULL,NULL,NULL,628,562),(4679,'2023-08-18','94252','LS ROYAL JELLY REGAL RED','33041000','5405','46,14','1,00',0.00,0.00,46.00,0.00,0.00,'0','0',1,NULL,NULL,NULL,NULL,NULL,628,562),(4680,'2023-08-18','16623','VESEN COL DESODORANTE NAC 50ML','33072010','5405','77,40','1,00',0.00,0.00,77.00,0.00,0.00,'0','0',1,NULL,NULL,NULL,NULL,NULL,628,562),(4681,'2023-08-18','17081','Precious Protein Creme para as Maos','33049990','5405','29,94','1,00',0.00,0.00,29.00,0.00,0.00,'0','0',1,NULL,NULL,NULL,NULL,NULL,628,562),(4682,'2023-08-18','16088','ROYAL JELLY SABONETE 5 UNID','34011190','5405','29,94','2,00',0.00,0.00,59.00,0.00,0.00,'0','0',1,NULL,NULL,NULL,NULL,NULL,628,562),(4683,'2023-08-18','11213','COL DES JF9 CHROME 100ML','33072010','5405','65,94','1,00',0.00,0.00,65.00,0.00,0.00,'0','0',1,NULL,NULL,NULL,NULL,NULL,628,562),(4684,'2023-08-18','17203','Catalogo ciclo 07 e 08/23','49111090','5910','3,31','1,00',0.00,0.00,3.00,0.00,0.00,'0','0',1,NULL,NULL,NULL,NULL,NULL,628,562),(4685,'2023-08-18','11465','BLUSH EM PO PLUM ROSE','33049100','5405','18,90','2,00',0.00,0.00,37.00,0.00,0.00,'0','0',1,NULL,NULL,NULL,NULL,NULL,629,563),(4686,'2023-08-18','17096','Base Always Amplo Espectro FPS 15  BISQUE','33049990','5405','19,00','2,00',0.00,0.00,38.00,0.00,0.00,'0','0',1,NULL,NULL,NULL,NULL,NULL,629,563),(4687,'2023-08-18','11466','MAQUIAGEM FAC PO 2 EM 1 BEIGE','33049990','5405','39,90','1,00',0.00,0.00,39.00,0.00,0.00,'0','0',1,NULL,NULL,NULL,NULL,NULL,629,563),(4688,'2023-08-18','16458','GARDENIA COL DES BR 50ML','33030020','5405','68,90','2,00',0.00,0.00,137.00,0.00,0.00,'0','0',1,NULL,NULL,NULL,NULL,NULL,629,563),(4689,'2023-08-18','17012','ROYAL BOOST CREME FACIAL HIDRATANTE  CONTROLE','33049910','5405','35,94','1,00',0.00,0.00,35.00,0.00,0.00,'0','0',1,NULL,NULL,NULL,NULL,NULL,629,563),(4690,'2023-08-18','77385','DELINEADOR PARA OS OLHOS BLACK 1g','33042010','5405','12,90','1,00',0.00,0.00,12.00,0.00,0.00,'0','0',1,NULL,NULL,NULL,NULL,NULL,629,563),(4691,'2023-08-18','17203','Catalogo ciclo 07 e 08/23','49111090','5910','0,24','14,00',0.00,0.00,3.00,0.00,0.00,'0','0',1,NULL,NULL,NULL,NULL,NULL,629,563),(4692,'2023-08-18','16460','J-SPORT DEO COL 100ML','33072010','5405','65,73','3,00',0.00,0.00,197.00,0.00,0.00,'0','0',1,NULL,NULL,NULL,NULL,NULL,630,564),(4693,'2023-08-18','16757','ADORISSE VELVET COL DES 50ML','33072010','5405','65,73','3,00',0.00,0.00,197.00,0.00,0.00,'0','0',1,NULL,NULL,NULL,NULL,NULL,630,564),(4694,'2023-08-18','17153','JAFRA LEGEND PRIVE COLONIA  100 ML','33030020','5405','65,73','3,00',0.00,0.00,197.00,0.00,0.00,'0','0',1,NULL,NULL,NULL,NULL,NULL,630,564),(4695,'2023-08-18','16669','J SPORT XTREME COL DES NAC','33072010','5405','65,90','1,00',0.00,0.00,65.00,0.00,0.00,'0','0',1,NULL,NULL,NULL,NULL,NULL,630,564),(4696,'2023-08-18','17070','Sabonete Legend 4 sabonetes de 40gr','34011190','5910','4,29','1,00',0.00,0.00,4.00,0.00,0.00,'0','0',1,NULL,NULL,NULL,NULL,NULL,630,564),(4697,'2023-08-18','17203','Catalogo ciclo 07 e 08/23','49111090','5910','3,31','1,00',0.00,0.00,3.00,0.00,0.00,'0','0',1,NULL,NULL,NULL,NULL,NULL,630,564),(4698,'2023-08-18','16092','LEGEND FOR MEN COL DEO 100ML','33072010','5910','7,96','2,00',0.00,0.00,15.00,0.00,0.00,'0','0',1,NULL,NULL,NULL,NULL,NULL,631,565),(4699,'2023-08-18','11213','COL DES JF9 CHROME 100ML','33072010','5405','65,94','2,00',0.00,0.00,131.00,0.00,0.00,'0','0',1,NULL,NULL,NULL,NULL,NULL,632,566),(4700,'2023-08-18','13081','TRIO DE SOMBRAS CAPUCCINO','33042010','5405','21,90','1,00',0.00,0.00,21.00,0.00,0.00,'0','0',1,NULL,NULL,NULL,NULL,NULL,632,566),(4701,'2023-08-18','16658','ADORISSE PURE GOLD COLDES 50ML','33072010','5405','77,94','1,00',0.00,0.00,77.00,0.00,0.00,'0','0',1,NULL,NULL,NULL,NULL,NULL,632,566),(4702,'2023-08-18','17119','InsideHair with Royal Jelly','21069030','5102','83,40','1,00',0.00,0.00,83.00,0.00,0.00,'0','0',1,NULL,NULL,NULL,NULL,NULL,632,566),(4703,'2023-08-18','17203','Catalogo ciclo 07 e 08/23','49111090','5910','3,31','1,00',0.00,0.00,3.00,0.00,0.00,'0','0',1,NULL,NULL,NULL,NULL,NULL,632,566),(4704,'2023-08-18','16658','ADORISSE PURE GOLD COLDES 50ML','33072010','5405','77,94','3,00',0.00,0.00,233.00,0.00,0.00,'0','0',1,NULL,NULL,NULL,NULL,NULL,633,567),(4705,'2023-08-18','84777','LEGEND HERO COL DES 100ML','33072010','5405','35,84','2,00',0.00,0.00,71.00,0.00,0.00,'0','0',1,NULL,NULL,NULL,NULL,NULL,633,567),(4706,'2023-08-18','17151','JAFRA DOUBLE NATURE SEXY COLONIA 50 ML','33030020','5405','35,84','2,00',0.00,0.00,71.00,0.00,0.00,'0','0',1,NULL,NULL,NULL,NULL,NULL,633,567),(4707,'2023-08-18','17152','JAFRA DOUBLE NATURE TENDER COLONIA 50 ML','33030020','5405','35,84','2,00',0.00,0.00,71.00,0.00,0.00,'0','0',1,NULL,NULL,NULL,NULL,NULL,633,567),(4708,'2023-08-18','17154','JAFRA VESEN DELICE COLONIA  50 ML','33030020','5405','35,84','2,00',0.00,0.00,71.00,0.00,0.00,'0','0',1,NULL,NULL,NULL,NULL,NULL,633,567),(4709,'2023-08-18','17044','COLONIA ABSOLUTE LEATHER','33030020','5910','19,79','1,00',0.00,0.00,19.00,0.00,0.00,'0','0',1,NULL,NULL,NULL,NULL,NULL,633,567),(4710,'2023-08-18','17203','Catalogo ciclo 07 e 08/23','49111090','5910','3,31','1,00',0.00,0.00,3.00,0.00,0.00,'0','0',1,NULL,NULL,NULL,NULL,NULL,633,567),(4711,'2023-08-18','84777','LEGEND HERO COL DES 100ML','33072010','5405','35,84','2,00',0.00,0.00,71.00,0.00,0.00,'0','0',1,NULL,NULL,NULL,NULL,NULL,634,568),(4712,'2023-08-18','17151','JAFRA DOUBLE NATURE SEXY COLONIA 50 ML','33030020','5405','35,84','2,00',0.00,0.00,71.00,0.00,0.00,'0','0',1,NULL,NULL,NULL,NULL,NULL,634,568),(4713,'2023-08-18','17152','JAFRA DOUBLE NATURE TENDER COLONIA 50 ML','33030020','5405','35,84','2,00',0.00,0.00,71.00,0.00,0.00,'0','0',1,NULL,NULL,NULL,NULL,NULL,634,568),(4714,'2023-08-18','17154','JAFRA VESEN DELICE COLONIA  50 ML','33030020','5405','35,84','2,00',0.00,0.00,71.00,0.00,0.00,'0','0',1,NULL,NULL,NULL,NULL,NULL,634,568),(4715,'2023-08-18','77385','DELINEADOR PARA OS OLHOS BLACK 1g','33042010','5405','12,90','2,00',0.00,0.00,25.00,0.00,0.00,'0','0',1,NULL,NULL,NULL,NULL,NULL,634,568),(4716,'2023-08-18','17203','Catalogo ciclo 07 e 08/23','49111090','5910','3,31','1,00',0.00,0.00,3.00,0.00,0.00,'0','0',1,NULL,NULL,NULL,NULL,NULL,634,568),(4717,'2023-08-18','84777','LEGEND HERO COL DES 100ML','33072010','5405','35,84','2,00',0.00,0.00,71.00,0.00,0.00,'0','0',1,NULL,NULL,NULL,NULL,NULL,635,569),(4718,'2023-08-18','17151','JAFRA DOUBLE NATURE SEXY COLONIA 50 ML','33030020','5405','35,84','2,00',0.00,0.00,71.00,0.00,0.00,'0','0',1,NULL,NULL,NULL,NULL,NULL,635,569),(4719,'2023-08-18','17152','JAFRA DOUBLE NATURE TENDER COLONIA 50 ML','33030020','5405','35,84','2,00',0.00,0.00,71.00,0.00,0.00,'0','0',1,NULL,NULL,NULL,NULL,NULL,635,569),(4720,'2023-08-18','17154','JAFRA VESEN DELICE COLONIA  50 ML','33030020','5405','35,84','2,00',0.00,0.00,71.00,0.00,0.00,'0','0',1,NULL,NULL,NULL,NULL,NULL,635,569),(4721,'2023-08-18','17070','Sabonete Legend 4 sabonetes de 40gr','34011190','5405','21,54','1,00',0.00,0.00,21.00,0.00,0.00,'0','0',1,NULL,NULL,NULL,NULL,NULL,635,569),(4722,'2023-08-18','17053','VESEN BODY LOTION','33072090','5405','33,00','2,00',0.00,0.00,66.00,0.00,0.00,'0','0',1,NULL,NULL,NULL,NULL,NULL,635,569),(4723,'2023-08-18','17203','Catalogo ciclo 07 e 08/23','49111090','5910','3,31','1,00',0.00,0.00,3.00,0.00,0.00,'0','0',1,NULL,NULL,NULL,NULL,NULL,635,569),(4724,'2023-08-18','16458','GARDENIA COL DES BR 50ML','33030020','5405','68,90','2,00',0.00,0.00,137.00,0.00,0.00,'0','0',1,NULL,NULL,NULL,NULL,NULL,636,544),(4725,'2023-08-18','11213','COL DES JF9 CHROME 100ML','33072010','5405','65,94','2,00',0.00,0.00,131.00,0.00,0.00,'0','0',1,NULL,NULL,NULL,NULL,NULL,636,544),(4726,'2023-08-18','4366','Diamonds BLUSH 50ML','33072010','5405','65,94','1,00',0.00,0.00,65.00,0.00,0.00,'0','0',1,NULL,NULL,NULL,NULL,NULL,636,544),(4727,'2023-08-18','16650','JANDE COL DESODORANTE NAC 50ML','33072010','5405','71,34','1,00',0.00,0.00,71.00,0.00,0.00,'0','0',1,NULL,NULL,NULL,NULL,NULL,636,544),(4728,'2023-08-18','17203','Catalogo ciclo 07 e 08/23','49111090','5910','3,31','1,00',0.00,0.00,3.00,0.00,0.00,'0','0',1,NULL,NULL,NULL,NULL,NULL,636,544),(4729,'2023-08-18','16092','LEGEND FOR MEN COL DEO 100ML','33072010','5405','89,40','3,00',0.00,0.00,268.00,0.00,0.00,'0','0',1,NULL,NULL,NULL,NULL,NULL,637,545),(4730,'2023-08-18','17053','VESEN BODY LOTION','33072090','5405','33,00','1,00',0.00,0.00,33.00,0.00,0.00,'0','0',1,NULL,NULL,NULL,NULL,NULL,637,545),(4731,'2023-08-18','17203','Catalogo ciclo 07 e 08/23','49111090','5910','3,31','1,00',0.00,0.00,3.00,0.00,0.00,'0','0',1,NULL,NULL,NULL,NULL,NULL,637,545),(4732,'2023-08-18','16658','ADORISSE PURE GOLD COLDES 50ML','33072010','5405','77,94','3,00',0.00,0.00,233.00,0.00,0.00,'0','0',1,NULL,NULL,NULL,NULL,NULL,638,546),(4733,'2023-08-18','16460','J-SPORT DEO COL 100ML','33072010','5405','65,74','2,00',0.00,0.00,131.00,0.00,0.00,'0','0',1,NULL,NULL,NULL,NULL,NULL,638,546),(4734,'2023-08-18','16757','ADORISSE VELVET COL DES 50ML','33072010','5405','65,74','2,00',0.00,0.00,131.00,0.00,0.00,'0','0',1,NULL,NULL,NULL,NULL,NULL,638,546),(4735,'2023-08-18','17153','JAFRA LEGEND PRIVE COLONIA  100 ML','33030020','5405','65,74','2,00',0.00,0.00,131.00,0.00,0.00,'0','0',1,NULL,NULL,NULL,NULL,NULL,638,546),(4736,'2023-08-18','16623','VESEN COL DESODORANTE NAC 50ML','33072010','5405','77,40','1,00',0.00,0.00,77.00,0.00,0.00,'0','0',1,NULL,NULL,NULL,NULL,NULL,638,546),(4737,'2023-08-18','17162','JAFRA BATOM COBERTURA TOTAL MATTE 4 G  LUST','33041000','5405','27,54','1,00',0.00,0.00,27.00,0.00,0.00,'0','0',1,NULL,NULL,NULL,NULL,NULL,638,546),(4738,'2023-08-18','17203','Catalogo ciclo 07 e 08/23','49111090','5910','3,31','1,00',0.00,0.00,3.00,0.00,0.00,'0','0',1,NULL,NULL,NULL,NULL,NULL,638,546),(4739,'2023-08-18','16460','J-SPORT DEO COL 100ML','33072010','5405','65,73','1,00',0.00,0.00,65.00,0.00,0.00,'0','0',1,NULL,NULL,NULL,NULL,NULL,639,547),(4740,'2023-08-18','16757','ADORISSE VELVET COL DES 50ML','33072010','5405','65,73','1,00',0.00,0.00,65.00,0.00,0.00,'0','0',1,NULL,NULL,NULL,NULL,NULL,639,547),(4741,'2023-08-18','17153','JAFRA LEGEND PRIVE COLONIA  100 ML','33030020','5405','65,73','1,00',0.00,0.00,65.00,0.00,0.00,'0','0',1,NULL,NULL,NULL,NULL,NULL,639,547),(4742,'2023-08-18','17120','InsideSkin with Royal Jelly','21069030','5102','59,94','1,00',0.00,0.00,59.00,0.00,0.00,'0','0',1,NULL,NULL,NULL,NULL,NULL,639,547),(4743,'2023-08-18','4366','Diamonds BLUSH 50ML','33072010','5405','65,94','3,00',0.00,0.00,197.00,0.00,0.00,'0','0',1,NULL,NULL,NULL,NULL,NULL,639,547),(4744,'2023-08-18','17203','Catalogo ciclo 07 e 08/23','49111090','5910','3,31','1,00',0.00,0.00,3.00,0.00,0.00,'0','0',1,NULL,NULL,NULL,NULL,NULL,639,547),(4745,'2023-08-18','4366','Diamonds BLUSH 50ML','33072010','5405','65,94','1,00',0.00,0.00,65.00,0.00,0.00,'0','0',1,NULL,NULL,NULL,NULL,NULL,640,548),(4746,'2023-08-18','16658','ADORISSE PURE GOLD COLDES 50ML','33072010','5405','77,94','1,00',0.00,0.00,77.00,0.00,0.00,'0','0',1,NULL,NULL,NULL,NULL,NULL,640,548),(4747,'2023-08-18','84777','LEGEND HERO COL DES 100ML','33072010','5405','71,34','1,00',0.00,0.00,71.00,0.00,0.00,'0','0',1,NULL,NULL,NULL,NULL,NULL,640,548),(4748,'2023-08-18','16460','J-SPORT DEO COL 100ML','33072010','5405','65,73','1,00',0.00,0.00,65.00,0.00,0.00,'0','0',1,NULL,NULL,NULL,NULL,NULL,640,548),(4749,'2023-08-18','16757','ADORISSE VELVET COL DES 50ML','33072010','5405','65,73','1,00',0.00,0.00,65.00,0.00,0.00,'0','0',1,NULL,NULL,NULL,NULL,NULL,640,548),(4750,'2023-08-18','17153','JAFRA LEGEND PRIVE COLONIA  100 ML','33030020','5405','65,73','1,00',0.00,0.00,65.00,0.00,0.00,'0','0',1,NULL,NULL,NULL,NULL,NULL,640,548),(4751,'2023-08-18','17083','Kit 11 Amostras Fragrancias Masculinas 2,5ml','33072010','5405','19,90','1,00',0.00,0.00,19.00,0.00,0.00,'0','0',1,NULL,NULL,NULL,NULL,NULL,640,548),(4752,'2023-08-18','17141','Kit 14 Amostras Fragrancias Femininas 2,5ml','33072010','5405','26,90','1,00',0.00,0.00,26.00,0.00,0.00,'0','0',1,NULL,NULL,NULL,NULL,NULL,640,548),(4753,'2023-08-18','17016','ROYAL BOOST  CREME FACIAL HIDRATANTE 50ML','33049910','5910','5,89','1,00',0.00,0.00,5.00,0.00,0.00,'0','0',1,NULL,NULL,NULL,NULL,NULL,640,548),(4754,'2023-08-18','17203','Catalogo ciclo 07 e 08/23','49111090','5910','3,31','1,00',0.00,0.00,3.00,0.00,0.00,'0','0',1,NULL,NULL,NULL,NULL,NULL,640,548),(4755,'2023-08-18','16669','J SPORT XTREME COL DES NAC','33072010','5405','65,90','1,00',0.00,0.00,65.00,0.00,0.00,'0','0',1,NULL,NULL,NULL,NULL,NULL,641,549),(4756,'2023-08-18','4366','Diamonds BLUSH 50ML','33072010','5405','65,94','1,00',0.00,0.00,65.00,0.00,0.00,'0','0',1,NULL,NULL,NULL,NULL,NULL,641,549),(4757,'2023-08-18','16658','ADORISSE PURE GOLD COLDES 50ML','33072010','5405','77,94','2,00',0.00,0.00,155.00,0.00,0.00,'0','0',1,NULL,NULL,NULL,NULL,NULL,641,549),(4758,'2023-08-18','17090','Adorisse Passion Colonia 50 ml','33030020','5405','77,94','1,00',0.00,0.00,77.00,0.00,0.00,'0','0',1,NULL,NULL,NULL,NULL,NULL,641,549),(4759,'2023-08-18','17203','Catalogo ciclo 07 e 08/23','49111090','5910','3,31','1,00',0.00,0.00,3.00,0.00,0.00,'0','0',1,NULL,NULL,NULL,NULL,NULL,641,549),(4760,'2023-08-18','16091','SESTO SENSO COLONIA DESODORANT','33072010','5405','59,94','3,00',0.00,0.00,179.00,0.00,0.00,'0','0',1,NULL,NULL,NULL,NULL,NULL,642,550),(4761,'2023-08-18','94217','LS ROYAL JELLY ROSE NOUVEAU','33041000','5405','46,14','1,00',0.00,0.00,46.00,0.00,0.00,'0','0',1,NULL,NULL,NULL,NULL,NULL,642,550),(4762,'2023-08-18','16460','J-SPORT DEO COL 100ML','33072010','5405','65,73','1,00',0.00,0.00,65.00,0.00,0.00,'0','0',1,NULL,NULL,NULL,NULL,NULL,642,550),(4763,'2023-08-18','16757','ADORISSE VELVET COL DES 50ML','33072010','5405','65,73','1,00',0.00,0.00,65.00,0.00,0.00,'0','0',1,NULL,NULL,NULL,NULL,NULL,642,550),(4764,'2023-08-18','17153','JAFRA LEGEND PRIVE COLONIA  100 ML','33030020','5405','65,73','1,00',0.00,0.00,65.00,0.00,0.00,'0','0',1,NULL,NULL,NULL,NULL,NULL,642,550),(4765,'2023-08-18','17203','Catalogo ciclo 07 e 08/23','49111090','5910','1,66','2,00',0.00,0.00,3.00,0.00,0.00,'0','0',1,NULL,NULL,NULL,NULL,NULL,642,550),(4766,'2023-08-18','16460','J-SPORT DEO COL 100ML','33072010','5405','65,74','2,00',0.00,0.00,131.00,0.00,0.00,'0','0',1,NULL,NULL,NULL,NULL,NULL,643,551),(4767,'2023-08-18','16757','ADORISSE VELVET COL DES 50ML','33072010','5405','65,74','2,00',0.00,0.00,131.00,0.00,0.00,'0','0',1,NULL,NULL,NULL,NULL,NULL,643,551),(4768,'2023-08-18','17153','JAFRA LEGEND PRIVE COLONIA  100 ML','33030020','5405','65,74','2,00',0.00,0.00,131.00,0.00,0.00,'0','0',1,NULL,NULL,NULL,NULL,NULL,643,551),(4769,'2023-08-18','16090','JF9 BLACK DEO COL 100ML','33072010','5405','83,40','1,00',0.00,0.00,83.00,0.00,0.00,'0','0',1,NULL,NULL,NULL,NULL,NULL,643,551),(4770,'2023-08-18','17137','Sabonetes Gardenia (4 sabonetes em forma de f','34011190','5405','15,54','1,00',0.00,0.00,15.00,0.00,0.00,'0','0',1,NULL,NULL,NULL,NULL,NULL,643,551),(4771,'2023-08-18','17203','Catalogo ciclo 07 e 08/23','49111090','5910','3,31','1,00',0.00,0.00,3.00,0.00,0.00,'0','0',1,NULL,NULL,NULL,NULL,NULL,643,551),(4772,'2023-08-18','16460','J-SPORT DEO COL 100ML','33072010','5405','65,73','1,00',0.00,0.00,65.00,0.00,0.00,'0','0',1,NULL,NULL,NULL,NULL,NULL,644,552),(4773,'2023-08-18','16757','ADORISSE VELVET COL DES 50ML','33072010','5405','65,73','1,00',0.00,0.00,65.00,0.00,0.00,'0','0',1,NULL,NULL,NULL,NULL,NULL,644,552),(4774,'2023-08-18','17153','JAFRA LEGEND PRIVE COLONIA  100 ML','33030020','5405','65,73','1,00',0.00,0.00,65.00,0.00,0.00,'0','0',1,NULL,NULL,NULL,NULL,NULL,644,552),(4775,'2023-08-18','16658','ADORISSE PURE GOLD COLDES 50ML','33072010','5405','77,94','2,00',0.00,0.00,155.00,0.00,0.00,'0','0',1,NULL,NULL,NULL,NULL,NULL,644,552),(4776,'2023-08-18','17203','Catalogo ciclo 07 e 08/23','49111090','5910','3,31','1,00',0.00,0.00,3.00,0.00,0.00,'0','0',1,NULL,NULL,NULL,NULL,NULL,644,552),(4777,'2023-08-18','16656','ADORISSE COLONIA DES 50ML','33072010','5405','99,00','1,00',0.00,0.00,99.00,0.00,0.00,'0','0',1,NULL,NULL,NULL,NULL,NULL,645,553),(4778,'2023-08-18','17165','Eau D Aromes Deo Colonia 100ml - Limited Edit','33072010','5405','77,40','1,00',0.00,0.00,77.00,0.00,0.00,'0','0',1,NULL,NULL,NULL,NULL,NULL,645,553),(4779,'2023-08-18','16092','LEGEND FOR MEN COL DEO 100ML','33072010','5405','89,40','1,00',0.00,0.00,89.00,0.00,0.00,'0','0',1,NULL,NULL,NULL,NULL,NULL,645,553),(4780,'2023-08-18','17125','JAFRA EAU D AROMES HOMME COLONIA  100 ML','33030020','5405','95,40','1,00',0.00,0.00,95.00,0.00,0.00,'0','0',1,NULL,NULL,NULL,NULL,NULL,645,553),(4781,'2023-08-18','17016','ROYAL BOOST  CREME FACIAL HIDRATANTE 50ML','33049910','5910','5,89','1,00',0.00,0.00,5.00,0.00,0.00,'0','0',1,NULL,NULL,NULL,NULL,NULL,645,553),(4782,'2023-08-18','17203','Catalogo ciclo 07 e 08/23','49111090','5910','3,31','1,00',0.00,0.00,3.00,0.00,0.00,'0','0',1,NULL,NULL,NULL,NULL,NULL,645,553),(4783,'2023-08-18','16623','VESEN COL DESODORANTE NAC 50ML','33072010','5405','77,40','2,00',0.00,0.00,154.00,0.00,0.00,'0','0',1,NULL,NULL,NULL,NULL,NULL,646,554),(4784,'2023-08-18','16092','LEGEND FOR MEN COL DEO 100ML','33072010','5405','89,40','1,00',0.00,0.00,89.00,0.00,0.00,'0','0',1,NULL,NULL,NULL,NULL,NULL,646,554),(4785,'2023-08-18','4366','Diamonds BLUSH 50ML','33072010','5405','65,94','1,00',0.00,0.00,65.00,0.00,0.00,'0','0',1,NULL,NULL,NULL,NULL,NULL,646,554),(4786,'2023-08-18','17016','ROYAL BOOST  CREME FACIAL HIDRATANTE 50ML','33049910','5910','5,89','1,00',0.00,0.00,5.00,0.00,0.00,'0','0',1,NULL,NULL,NULL,NULL,NULL,646,554),(4787,'2023-08-18','17203','Catalogo ciclo 07 e 08/23','49111090','5910','3,31','1,00',0.00,0.00,3.00,0.00,0.00,'0','0',1,NULL,NULL,NULL,NULL,NULL,646,554),(4788,'2023-08-18','16623','VESEN COL DESODORANTE NAC 50ML','33072010','5405','77,40','1,00',0.00,0.00,77.00,0.00,0.00,'0','0',1,NULL,NULL,NULL,NULL,NULL,647,555),(4789,'2023-08-18','16458','GARDENIA COL DES BR 50ML','33030020','5405','68,90','3,00',0.00,0.00,206.00,0.00,0.00,'0','0',1,NULL,NULL,NULL,NULL,NULL,647,555),(4790,'2023-08-18','17156','JAFRA LAPIS DELINEADOR PARA SOBRANCELHAS 1 g ','33042010','5405','17,90','1,00',0.00,0.00,17.00,0.00,0.00,'0','0',1,NULL,NULL,NULL,NULL,NULL,647,555),(4791,'2023-08-18','17203','Catalogo ciclo 07 e 08/23','49111090','5910','3,31','1,00',0.00,0.00,3.00,0.00,0.00,'0','0',1,NULL,NULL,NULL,NULL,NULL,647,555),(4792,'2023-08-18','16458','GARDENIA COL DES BR 50ML','33030020','5405','68,90','3,00',0.00,0.00,206.00,0.00,0.00,'0','0',1,NULL,NULL,NULL,NULL,NULL,648,556),(4793,'2023-08-18','17165','Eau D Aromes Deo Colonia 100ml - Limited Edit','33072010','5405','77,40','1,00',0.00,0.00,77.00,0.00,0.00,'0','0',1,NULL,NULL,NULL,NULL,NULL,648,556),(4794,'2023-08-18','17088','Sabonete Eau Daromes','34011190','5405','22,14','1,00',0.00,0.00,22.00,0.00,0.00,'0','0',1,NULL,NULL,NULL,NULL,NULL,648,556),(4795,'2023-08-18','17203','Catalogo ciclo 07 e 08/23','49111090','5910','3,31','1,00',0.00,0.00,3.00,0.00,0.00,'0','0',1,NULL,NULL,NULL,NULL,NULL,648,556),(4796,'2023-08-18','16669','J SPORT XTREME COL DES NAC','33072010','5405','65,90','1,00',0.00,0.00,65.00,0.00,0.00,'0','0',1,NULL,NULL,NULL,NULL,NULL,649,557),(4797,'2023-08-18','16458','GARDENIA COL DES BR 50ML','33030020','5405','68,90','1,00',0.00,0.00,68.00,0.00,0.00,'0','0',1,NULL,NULL,NULL,NULL,NULL,649,557),(4798,'2023-08-18','4366','Diamonds BLUSH 50ML','33072010','5405','65,94','1,00',0.00,0.00,65.00,0.00,0.00,'0','0',1,NULL,NULL,NULL,NULL,NULL,649,557),(4799,'2023-08-18','16091','SESTO SENSO COLONIA DESODORANT','33072010','5405','59,94','1,00',0.00,0.00,59.00,0.00,0.00,'0','0',1,NULL,NULL,NULL,NULL,NULL,649,557),(4800,'2023-08-18','17090','Adorisse Passion Colonia 50 ml','33030020','5405','77,94','1,00',0.00,0.00,77.00,0.00,0.00,'0','0',1,NULL,NULL,NULL,NULL,NULL,649,557),(4801,'2023-08-18','17203','Catalogo ciclo 07 e 08/23','49111090','5910','3,31','1,00',0.00,0.00,3.00,0.00,0.00,'0','0',1,NULL,NULL,NULL,NULL,NULL,649,557),(4802,'2023-08-18','16460','J-SPORT DEO COL 100ML','33072010','5405','65,73','1,00',0.00,0.00,65.00,0.00,0.00,'0','0',1,NULL,NULL,NULL,NULL,NULL,650,558),(4803,'2023-08-18','16757','ADORISSE VELVET COL DES 50ML','33072010','5405','65,73','1,00',0.00,0.00,65.00,0.00,0.00,'0','0',1,NULL,NULL,NULL,NULL,NULL,650,558),(4804,'2023-08-18','17153','JAFRA LEGEND PRIVE COLONIA  100 ML','33030020','5405','65,73','1,00',0.00,0.00,65.00,0.00,0.00,'0','0',1,NULL,NULL,NULL,NULL,NULL,650,558),(4805,'2023-08-18','16091','SESTO SENSO COLONIA DESODORANT','33072010','5405','59,94','1,00',0.00,0.00,59.00,0.00,0.00,'0','0',1,NULL,NULL,NULL,NULL,NULL,650,558),(4806,'2023-08-18','16658','ADORISSE PURE GOLD COLDES 50ML','33072010','5405','77,94','1,00',0.00,0.00,77.00,0.00,0.00,'0','0',1,NULL,NULL,NULL,NULL,NULL,650,558),(4807,'2023-08-18','17203','Catalogo ciclo 07 e 08/23','49111090','5910','3,31','1,00',0.00,0.00,3.00,0.00,0.00,'0','0',1,NULL,NULL,NULL,NULL,NULL,650,558),(4808,'2023-08-18','16091','SESTO SENSO COLONIA DESODORANT','33072010','5405','59,94','2,00',0.00,0.00,119.00,0.00,0.00,'0','0',1,NULL,NULL,NULL,NULL,NULL,651,559),(4809,'2023-08-18','16948','Colonia Desodorante Splash Free To Be New 250','33072010','5405','41,94','2,00',0.00,0.00,83.00,0.00,0.00,'0','0',1,NULL,NULL,NULL,NULL,NULL,651,559),(4810,'2023-08-18','11213','COL DES JF9 CHROME 100ML','33072010','5405','65,94','2,00',0.00,0.00,131.00,0.00,0.00,'0','0',1,NULL,NULL,NULL,NULL,NULL,651,559),(4811,'2023-08-18','16460','J-SPORT DEO COL 100ML','33072010','5405','65,73','1,00',0.00,0.00,65.00,0.00,0.00,'0','0',1,NULL,NULL,NULL,NULL,NULL,651,559),(4812,'2023-08-18','16757','ADORISSE VELVET COL DES 50ML','33072010','5405','65,73','1,00',0.00,0.00,65.00,0.00,0.00,'0','0',1,NULL,NULL,NULL,NULL,NULL,651,559),(4813,'2023-08-18','17153','JAFRA LEGEND PRIVE COLONIA  100 ML','33030020','5405','65,73','1,00',0.00,0.00,65.00,0.00,0.00,'0','0',1,NULL,NULL,NULL,NULL,NULL,651,559),(4814,'2023-08-18','16952','Desodorante Antitranspirante Roll-on Free To ','33072090','5405','17,94','2,00',0.00,0.00,35.00,0.00,0.00,'0','0',1,NULL,NULL,NULL,NULL,NULL,651,559),(4815,'2023-08-18','17203','Catalogo ciclo 07 e 08/23','49111090','5910','1,66','2,00',0.00,0.00,3.00,0.00,0.00,'0','0',1,NULL,NULL,NULL,NULL,NULL,651,559),(4816,'2023-08-18','16669','J SPORT XTREME COL DES NAC','33072010','5405','65,90','3,00',0.00,0.00,197.00,0.00,0.00,'0','0',1,NULL,NULL,NULL,NULL,NULL,652,560),(4817,'2023-08-18','16460','J-SPORT DEO COL 100ML','33072010','5405','65,74','2,00',0.00,0.00,131.00,0.00,0.00,'0','0',1,NULL,NULL,NULL,NULL,NULL,652,560),(4818,'2023-08-18','16757','ADORISSE VELVET COL DES 50ML','33072010','5405','65,74','2,00',0.00,0.00,131.00,0.00,0.00,'0','0',1,NULL,NULL,NULL,NULL,NULL,652,560),(4819,'2023-08-18','17153','JAFRA LEGEND PRIVE COLONIA  100 ML','33030020','5405','65,74','2,00',0.00,0.00,131.00,0.00,0.00,'0','0',1,NULL,NULL,NULL,NULL,NULL,652,560),(4820,'2023-08-18','16950','Desodorante Antitranspirante Roll-on Free To ','33072010','5405','17,94','2,00',0.00,0.00,35.00,0.00,0.00,'0','0',1,NULL,NULL,NULL,NULL,NULL,652,560),(4821,'2023-08-18','16952','Desodorante Antitranspirante Roll-on Free To ','33072090','5405','17,94','2,00',0.00,0.00,35.00,0.00,0.00,'0','0',1,NULL,NULL,NULL,NULL,NULL,652,560),(4822,'2023-08-18','17203','Catalogo ciclo 07 e 08/23','49111090','5910','3,31','1,00',0.00,0.00,3.00,0.00,0.00,'0','0',1,NULL,NULL,NULL,NULL,NULL,652,560),(4823,'2023-08-18','84777','LEGEND HERO COL DES 100ML','33072010','5405','71,34','1,00',0.00,0.00,71.00,0.00,0.00,'0','0',1,NULL,NULL,NULL,NULL,NULL,653,561),(4824,'2023-08-18','89124','MASCARA.MALIBU DE LIMPEZA','33049990','5405','65,40','1,00',0.00,0.00,65.00,0.00,0.00,'0','0',1,NULL,NULL,NULL,NULL,NULL,653,561),(4825,'2023-08-18','17104','Royal Jelly Creme Hidratante para as Maos com','33049910','5405','53,34','1,00',0.00,0.00,53.00,0.00,0.00,'0','0',1,NULL,NULL,NULL,NULL,NULL,653,561),(4826,'2023-08-18','17165','Eau D Aromes Deo Colonia 100ml - Limited Edit','33072010','5405','77,40','2,00',0.00,0.00,154.00,0.00,0.00,'0','0',1,NULL,NULL,NULL,NULL,NULL,653,561),(4827,'2023-08-18','7620','DEO PARFUM ADORISSE NIGHT 50 ML','33072010','5405','99,00','1,00',0.00,0.00,99.00,0.00,0.00,'0','0',1,NULL,NULL,NULL,NULL,NULL,653,561),(4828,'2023-08-18','77385','DELINEADOR PARA OS OLHOS BLACK 1g','33042010','5405','12,90','1,00',0.00,0.00,12.00,0.00,0.00,'0','0',1,NULL,NULL,NULL,NULL,NULL,653,561),(4829,'2023-08-18','16650','JANDE COL DESODORANTE NAC 50ML','33072010','5405','71,34','1,00',0.00,0.00,71.00,0.00,0.00,'0','0',1,NULL,NULL,NULL,NULL,NULL,653,561),(4830,'2023-08-18','16092','LEGEND FOR MEN COL DEO 100ML','33072010','5405','89,40','3,00',0.00,0.00,268.00,0.00,0.00,'0','0',1,NULL,NULL,NULL,NULL,NULL,653,561),(4831,'2023-08-18','17044','COLONIA ABSOLUTE LEATHER','33030020','5910','19,79','1,00',0.00,0.00,19.00,0.00,0.00,'0','0',1,NULL,NULL,NULL,NULL,NULL,653,561),(4832,'2023-08-18','17203','Catalogo ciclo 07 e 08/23','49111090','5910','3,31','1,00',0.00,0.00,3.00,0.00,0.00,'0','0',1,NULL,NULL,NULL,NULL,NULL,653,561),(4833,'2023-08-18','17162','JAFRA BATOM COBERTURA TOTAL MATTE 4 G  LUST','33041000','5405','27,54','1,00',0.00,0.00,27.00,0.00,0.00,'0','0',1,NULL,NULL,NULL,NULL,NULL,654,562),(4834,'2023-08-18','94252','LS ROYAL JELLY REGAL RED','33041000','5405','46,14','1,00',0.00,0.00,46.00,0.00,0.00,'0','0',1,NULL,NULL,NULL,NULL,NULL,654,562),(4835,'2023-08-18','16623','VESEN COL DESODORANTE NAC 50ML','33072010','5405','77,40','1,00',0.00,0.00,77.00,0.00,0.00,'0','0',1,NULL,NULL,NULL,NULL,NULL,654,562),(4836,'2023-08-18','17081','Precious Protein Creme para as Maos','33049990','5405','29,94','1,00',0.00,0.00,29.00,0.00,0.00,'0','0',1,NULL,NULL,NULL,NULL,NULL,654,562),(4837,'2023-08-18','16088','ROYAL JELLY SABONETE 5 UNID','34011190','5405','29,94','2,00',0.00,0.00,59.00,0.00,0.00,'0','0',1,NULL,NULL,NULL,NULL,NULL,654,562),(4838,'2023-08-18','11213','COL DES JF9 CHROME 100ML','33072010','5405','65,94','1,00',0.00,0.00,65.00,0.00,0.00,'0','0',1,NULL,NULL,NULL,NULL,NULL,654,562),(4839,'2023-08-18','17203','Catalogo ciclo 07 e 08/23','49111090','5910','3,31','1,00',0.00,0.00,3.00,0.00,0.00,'0','0',1,NULL,NULL,NULL,NULL,NULL,654,562),(4840,'2023-08-18','11465','BLUSH EM PO PLUM ROSE','33049100','5405','18,90','2,00',0.00,0.00,37.00,0.00,0.00,'0','0',1,NULL,NULL,NULL,NULL,NULL,655,563),(4841,'2023-08-18','17096','Base Always Amplo Espectro FPS 15  BISQUE','33049990','5405','19,00','2,00',0.00,0.00,38.00,0.00,0.00,'0','0',1,NULL,NULL,NULL,NULL,NULL,655,563),(4842,'2023-08-18','11466','MAQUIAGEM FAC PO 2 EM 1 BEIGE','33049990','5405','39,90','1,00',0.00,0.00,39.00,0.00,0.00,'0','0',1,NULL,NULL,NULL,NULL,NULL,655,563),(4843,'2023-08-18','16458','GARDENIA COL DES BR 50ML','33030020','5405','68,90','2,00',0.00,0.00,137.00,0.00,0.00,'0','0',1,NULL,NULL,NULL,NULL,NULL,655,563),(4844,'2023-08-18','17012','ROYAL BOOST CREME FACIAL HIDRATANTE  CONTROLE','33049910','5405','35,94','1,00',0.00,0.00,35.00,0.00,0.00,'0','0',1,NULL,NULL,NULL,NULL,NULL,655,563),(4845,'2023-08-18','77385','DELINEADOR PARA OS OLHOS BLACK 1g','33042010','5405','12,90','1,00',0.00,0.00,12.00,0.00,0.00,'0','0',1,NULL,NULL,NULL,NULL,NULL,655,563),(4846,'2023-08-18','17203','Catalogo ciclo 07 e 08/23','49111090','5910','0,24','14,00',0.00,0.00,3.00,0.00,0.00,'0','0',1,NULL,NULL,NULL,NULL,NULL,655,563),(4847,'2023-08-18','16460','J-SPORT DEO COL 100ML','33072010','5405','65,73','3,00',0.00,0.00,197.00,0.00,0.00,'0','0',1,NULL,NULL,NULL,NULL,NULL,656,564),(4848,'2023-08-18','16757','ADORISSE VELVET COL DES 50ML','33072010','5405','65,73','3,00',0.00,0.00,197.00,0.00,0.00,'0','0',1,NULL,NULL,NULL,NULL,NULL,656,564),(4849,'2023-08-18','17153','JAFRA LEGEND PRIVE COLONIA  100 ML','33030020','5405','65,73','3,00',0.00,0.00,197.00,0.00,0.00,'0','0',1,NULL,NULL,NULL,NULL,NULL,656,564),(4850,'2023-08-18','16669','J SPORT XTREME COL DES NAC','33072010','5405','65,90','1,00',0.00,0.00,65.00,0.00,0.00,'0','0',1,NULL,NULL,NULL,NULL,NULL,656,564),(4851,'2023-08-18','17070','Sabonete Legend 4 sabonetes de 40gr','34011190','5910','4,29','1,00',0.00,0.00,4.00,0.00,0.00,'0','0',1,NULL,NULL,NULL,NULL,NULL,656,564),(4852,'2023-08-18','17203','Catalogo ciclo 07 e 08/23','49111090','5910','3,31','1,00',0.00,0.00,3.00,0.00,0.00,'0','0',1,NULL,NULL,NULL,NULL,NULL,656,564),(4853,'2023-08-18','16092','LEGEND FOR MEN COL DEO 100ML','33072010','5910','7,96','2,00',0.00,0.00,15.00,0.00,0.00,'0','0',1,NULL,NULL,NULL,NULL,NULL,657,565),(4854,'2023-08-18','11213','COL DES JF9 CHROME 100ML','33072010','5405','65,94','2,00',0.00,0.00,131.00,0.00,0.00,'0','0',1,NULL,NULL,NULL,NULL,NULL,658,566),(4855,'2023-08-18','13081','TRIO DE SOMBRAS CAPUCCINO','33042010','5405','21,90','1,00',0.00,0.00,21.00,0.00,0.00,'0','0',1,NULL,NULL,NULL,NULL,NULL,658,566),(4856,'2023-08-18','16658','ADORISSE PURE GOLD COLDES 50ML','33072010','5405','77,94','1,00',0.00,0.00,77.00,0.00,0.00,'0','0',1,NULL,NULL,NULL,NULL,NULL,658,566),(4857,'2023-08-18','17119','InsideHair with Royal Jelly','21069030','5102','83,40','1,00',0.00,0.00,83.00,0.00,0.00,'0','0',1,NULL,NULL,NULL,NULL,NULL,658,566),(4858,'2023-08-18','17203','Catalogo ciclo 07 e 08/23','49111090','5910','3,31','1,00',0.00,0.00,3.00,0.00,0.00,'0','0',1,NULL,NULL,NULL,NULL,NULL,658,566),(4859,'2023-08-18','16658','ADORISSE PURE GOLD COLDES 50ML','33072010','5405','77,94','3,00',0.00,0.00,233.00,0.00,0.00,'0','0',1,NULL,NULL,NULL,NULL,NULL,659,567),(4860,'2023-08-18','84777','LEGEND HERO COL DES 100ML','33072010','5405','35,84','2,00',0.00,0.00,71.00,0.00,0.00,'0','0',1,NULL,NULL,NULL,NULL,NULL,659,567),(4861,'2023-08-18','17151','JAFRA DOUBLE NATURE SEXY COLONIA 50 ML','33030020','5405','35,84','2,00',0.00,0.00,71.00,0.00,0.00,'0','0',1,NULL,NULL,NULL,NULL,NULL,659,567),(4862,'2023-08-18','17152','JAFRA DOUBLE NATURE TENDER COLONIA 50 ML','33030020','5405','35,84','2,00',0.00,0.00,71.00,0.00,0.00,'0','0',1,NULL,NULL,NULL,NULL,NULL,659,567),(4863,'2023-08-18','17154','JAFRA VESEN DELICE COLONIA  50 ML','33030020','5405','35,84','2,00',0.00,0.00,71.00,0.00,0.00,'0','0',1,NULL,NULL,NULL,NULL,NULL,659,567),(4864,'2023-08-18','17044','COLONIA ABSOLUTE LEATHER','33030020','5910','19,79','1,00',0.00,0.00,19.00,0.00,0.00,'0','0',1,NULL,NULL,NULL,NULL,NULL,659,567),(4865,'2023-08-18','17203','Catalogo ciclo 07 e 08/23','49111090','5910','3,31','1,00',0.00,0.00,3.00,0.00,0.00,'0','0',1,NULL,NULL,NULL,NULL,NULL,659,567),(4866,'2023-08-18','84777','LEGEND HERO COL DES 100ML','33072010','5405','35,84','2,00',0.00,0.00,71.00,0.00,0.00,'0','0',1,NULL,NULL,NULL,NULL,NULL,660,568),(4867,'2023-08-18','17151','JAFRA DOUBLE NATURE SEXY COLONIA 50 ML','33030020','5405','35,84','2,00',0.00,0.00,71.00,0.00,0.00,'0','0',1,NULL,NULL,NULL,NULL,NULL,660,568),(4868,'2023-08-18','17152','JAFRA DOUBLE NATURE TENDER COLONIA 50 ML','33030020','5405','35,84','2,00',0.00,0.00,71.00,0.00,0.00,'0','0',1,NULL,NULL,NULL,NULL,NULL,660,568),(4869,'2023-08-18','17154','JAFRA VESEN DELICE COLONIA  50 ML','33030020','5405','35,84','2,00',0.00,0.00,71.00,0.00,0.00,'0','0',1,NULL,NULL,NULL,NULL,NULL,660,568),(4870,'2023-08-18','77385','DELINEADOR PARA OS OLHOS BLACK 1g','33042010','5405','12,90','2,00',0.00,0.00,25.00,0.00,0.00,'0','0',1,NULL,NULL,NULL,NULL,NULL,660,568),(4871,'2023-08-18','17203','Catalogo ciclo 07 e 08/23','49111090','5910','3,31','1,00',0.00,0.00,3.00,0.00,0.00,'0','0',1,NULL,NULL,NULL,NULL,NULL,660,568),(4872,'2023-08-18','84777','LEGEND HERO COL DES 100ML','33072010','5405','35,84','2,00',0.00,0.00,71.00,0.00,0.00,'0','0',1,NULL,NULL,NULL,NULL,NULL,661,569),(4873,'2023-08-18','17151','JAFRA DOUBLE NATURE SEXY COLONIA 50 ML','33030020','5405','35,84','2,00',0.00,0.00,71.00,0.00,0.00,'0','0',1,NULL,NULL,NULL,NULL,NULL,661,569),(4874,'2023-08-18','17152','JAFRA DOUBLE NATURE TENDER COLONIA 50 ML','33030020','5405','35,84','2,00',0.00,0.00,71.00,0.00,0.00,'0','0',1,NULL,NULL,NULL,NULL,NULL,661,569),(4875,'2023-08-18','17154','JAFRA VESEN DELICE COLONIA  50 ML','33030020','5405','35,84','2,00',0.00,0.00,71.00,0.00,0.00,'0','0',1,NULL,NULL,NULL,NULL,NULL,661,569),(4876,'2023-08-18','17070','Sabonete Legend 4 sabonetes de 40gr','34011190','5405','21,54','1,00',0.00,0.00,21.00,0.00,0.00,'0','0',1,NULL,NULL,NULL,NULL,NULL,661,569),(4877,'2023-08-18','17053','VESEN BODY LOTION','33072090','5405','33,00','2,00',0.00,0.00,66.00,0.00,0.00,'0','0',1,NULL,NULL,NULL,NULL,NULL,661,569),(4878,'2023-08-18','17203','Catalogo ciclo 07 e 08/23','49111090','5910','3,31','1,00',0.00,0.00,3.00,0.00,0.00,'0','0',1,NULL,NULL,NULL,NULL,NULL,661,569),(4879,'2023-08-18','16669','J SPORT XTREME COL DES NAC','33072010','5405','65,90','1,00',0.00,0.00,65.00,0.00,0.00,'0','0',1,NULL,NULL,NULL,NULL,NULL,662,570),(4880,'2023-08-18','84777','LEGEND HERO COL DES 100ML','33072010','5405','35,84','1,00',0.00,0.00,35.00,0.00,0.00,'0','0',1,NULL,NULL,NULL,NULL,NULL,662,570),(4881,'2023-08-18','17151','JAFRA DOUBLE NATURE SEXY COLONIA 50 ML','33030020','5405','35,84','1,00',0.00,0.00,35.00,0.00,0.00,'0','0',1,NULL,NULL,NULL,NULL,NULL,662,570),(4882,'2023-08-18','17152','JAFRA DOUBLE NATURE TENDER COLONIA 50 ML','33030020','5405','35,84','1,00',0.00,0.00,35.00,0.00,0.00,'0','0',1,NULL,NULL,NULL,NULL,NULL,662,570),(4883,'2023-08-18','17154','JAFRA VESEN DELICE COLONIA  50 ML','33030020','5405','35,84','1,00',0.00,0.00,35.00,0.00,0.00,'0','0',1,NULL,NULL,NULL,NULL,NULL,662,570),(4884,'2023-08-18','16091','SESTO SENSO COLONIA DESODORANT','33072010','5405','59,94','1,00',0.00,0.00,59.00,0.00,0.00,'0','0',1,NULL,NULL,NULL,NULL,NULL,662,570),(4885,'2023-08-18','17120','InsideSkin with Royal Jelly','21069030','5102','59,94','1,00',0.00,0.00,59.00,0.00,0.00,'0','0',1,NULL,NULL,NULL,NULL,NULL,662,570),(4886,'2023-08-18','17203','Catalogo ciclo 07 e 08/23','49111090','5910','1,66','2,00',0.00,0.00,3.00,0.00,0.00,'0','0',1,NULL,NULL,NULL,NULL,NULL,662,570),(4887,'2023-08-18','47730','NAVIGO HOMME DEO COL 100ML','33072010','5405','113,40','2,00',0.00,0.00,226.00,0.00,0.00,'0','0',1,NULL,NULL,NULL,NULL,NULL,663,571),(4888,'2023-08-18','16669','J SPORT XTREME COL DES NAC','33072010','5405','65,90','1,00',0.00,0.00,65.00,0.00,0.00,'0','0',1,NULL,NULL,NULL,NULL,NULL,663,571),(4889,'2023-08-18','16092','LEGEND FOR MEN COL DEO 100ML','33072010','5405','89,40','1,00',0.00,0.00,89.00,0.00,0.00,'0','0',1,NULL,NULL,NULL,NULL,NULL,663,571),(4890,'2023-08-18','17083','Kit 11 Amostras Fragrancias Masculinas 2,5ml','33072010','5405','19,90','1,00',0.00,0.00,19.00,0.00,0.00,'0','0',1,NULL,NULL,NULL,NULL,NULL,663,571),(4891,'2023-08-18','17141','Kit 14 Amostras Fragrancias Femininas 2,5ml','33072010','5405','26,90','1,00',0.00,0.00,26.00,0.00,0.00,'0','0',1,NULL,NULL,NULL,NULL,NULL,663,571),(4892,'2023-08-18','16091','SESTO SENSO COLONIA DESODORANT','33072010','5405','59,94','1,00',0.00,0.00,59.00,0.00,0.00,'0','0',1,NULL,NULL,NULL,NULL,NULL,663,571),(4893,'2023-08-18','17203','Catalogo ciclo 07 e 08/23','49111090','5910','3,31','1,00',0.00,0.00,3.00,0.00,0.00,'0','0',1,NULL,NULL,NULL,NULL,NULL,663,571),(4894,'2023-08-18','84777','LEGEND HERO COL DES 100ML','33072010','5405','35,84','1,00',0.00,0.00,35.00,0.00,0.00,'0','0',1,NULL,NULL,NULL,NULL,NULL,664,510),(4895,'2023-08-18','17151','JAFRA DOUBLE NATURE SEXY COLONIA 50 ML','33030020','5405','35,84','1,00',0.00,0.00,35.00,0.00,0.00,'0','0',1,NULL,NULL,NULL,NULL,NULL,664,510),(4896,'2023-08-18','17152','JAFRA DOUBLE NATURE TENDER COLONIA 50 ML','33030020','5405','35,84','1,00',0.00,0.00,35.00,0.00,0.00,'0','0',1,NULL,NULL,NULL,NULL,NULL,664,510),(4897,'2023-08-18','17154','JAFRA VESEN DELICE COLONIA  50 ML','33030020','5405','35,84','1,00',0.00,0.00,35.00,0.00,0.00,'0','0',1,NULL,NULL,NULL,NULL,NULL,664,510),(4898,'2023-08-18','11213','COL DES JF9 CHROME 100ML','33072010','5405','65,94','3,00',0.00,0.00,197.00,0.00,0.00,'0','0',1,NULL,NULL,NULL,NULL,NULL,664,510),(4899,'2023-08-18','17203','Catalogo ciclo 07 e 08/23','49111090','5910','3,31','1,00',0.00,0.00,3.00,0.00,0.00,'0','0',1,NULL,NULL,NULL,NULL,NULL,664,510),(4906,'2023-08-18','84777','LEGEND HERO COL DES 100ML','33072010','5405','35,84','2,00',0.00,0.00,71.00,0.00,0.00,'0','0',1,NULL,NULL,NULL,NULL,NULL,666,573),(4907,'2023-08-18','17151','JAFRA DOUBLE NATURE SEXY COLONIA 50 ML','33030020','5405','35,84','2,00',0.00,0.00,71.00,0.00,0.00,'0','0',1,NULL,NULL,NULL,NULL,NULL,666,573),(4908,'2023-08-18','17152','JAFRA DOUBLE NATURE TENDER COLONIA 50 ML','33030020','5405','35,84','2,00',0.00,0.00,71.00,0.00,0.00,'0','0',1,NULL,NULL,NULL,NULL,NULL,666,573),(4909,'2023-08-18','17154','JAFRA VESEN DELICE COLONIA  50 ML','33030020','5405','35,84','2,00',0.00,0.00,71.00,0.00,0.00,'0','0',1,NULL,NULL,NULL,NULL,NULL,666,573),(4910,'2023-08-18','17067','Royal Almond Sabonetes','34011190','5405','23,94','1,00',0.00,0.00,23.00,0.00,0.00,'0','0',1,NULL,NULL,NULL,NULL,NULL,666,573),(4911,'2023-08-18','17203','Catalogo ciclo 07 e 08/23','49111090','5910','3,31','1,00',0.00,0.00,3.00,0.00,0.00,'0','0',1,NULL,NULL,NULL,NULL,NULL,666,573),(4912,'2023-08-18','84777','LEGEND HERO COL DES 100ML','33072010','5405','35,84','1,00',0.00,0.00,35.00,0.00,0.00,'0','0',1,NULL,NULL,NULL,NULL,NULL,667,574),(4913,'2023-08-18','17151','JAFRA DOUBLE NATURE SEXY COLONIA 50 ML','33030020','5405','35,84','1,00',0.00,0.00,35.00,0.00,0.00,'0','0',1,NULL,NULL,NULL,NULL,NULL,667,574),(4914,'2023-08-18','17152','JAFRA DOUBLE NATURE TENDER COLONIA 50 ML','33030020','5405','35,84','1,00',0.00,0.00,35.00,0.00,0.00,'0','0',1,NULL,NULL,NULL,NULL,NULL,667,574),(4915,'2023-08-18','17154','JAFRA VESEN DELICE COLONIA  50 ML','33030020','5405','35,84','1,00',0.00,0.00,35.00,0.00,0.00,'0','0',1,NULL,NULL,NULL,NULL,NULL,667,574),(4916,'2023-08-18','17012','ROYAL BOOST CREME FACIAL HIDRATANTE  CONTROLE','33049910','5405','35,94','1,00',0.00,0.00,35.00,0.00,0.00,'0','0',1,NULL,NULL,NULL,NULL,NULL,667,574),(4917,'2023-08-18','17009','ROYAL BOOST LENCOS UMEDECIDOS 30 UNID','34011190','5405','26,34','3,00',0.00,0.00,79.00,0.00,0.00,'0','0',1,NULL,NULL,NULL,NULL,NULL,667,574),(4918,'2023-08-18','89124','MASCARA.MALIBU DE LIMPEZA','33049990','5405','65,40','1,00',0.00,0.00,65.00,0.00,0.00,'0','0',1,NULL,NULL,NULL,NULL,NULL,667,574),(4919,'2023-08-18','13081','TRIO DE SOMBRAS CAPUCCINO','33042010','5405','21,90','1,00',0.00,0.00,21.00,0.00,0.00,'0','0',1,NULL,NULL,NULL,NULL,NULL,667,574),(4920,'2023-08-18','11466','MAQUIAGEM FAC PO 2 EM 1 BEIGE','33049990','5405','39,90','1,00',0.00,0.00,39.00,0.00,0.00,'0','0',1,NULL,NULL,NULL,NULL,NULL,667,574),(4921,'2023-08-18','17001','J BROS BALM GEL LIMPEZA FACIAL 100ML','34013000','5405','9,90','1,00',0.00,0.00,9.00,0.00,0.00,'0','0',1,NULL,NULL,NULL,NULL,NULL,667,574),(4922,'2023-08-18','17203','Catalogo ciclo 07 e 08/23','49111090','5910','3,31','1,00',0.00,0.00,3.00,0.00,0.00,'0','0',1,NULL,NULL,NULL,NULL,NULL,667,574),(4923,'2023-08-18','16460','J-SPORT DEO COL 100ML','33072010','5405','65,73','1,00',0.00,0.00,65.00,0.00,0.00,'0','0',1,NULL,NULL,NULL,NULL,NULL,668,575),(4924,'2023-08-18','16757','ADORISSE VELVET COL DES 50ML','33072010','5405','65,73','1,00',0.00,0.00,65.00,0.00,0.00,'0','0',1,NULL,NULL,NULL,NULL,NULL,668,575),(4925,'2023-08-18','17153','JAFRA LEGEND PRIVE COLONIA  100 ML','33030020','5405','65,73','1,00',0.00,0.00,65.00,0.00,0.00,'0','0',1,NULL,NULL,NULL,NULL,NULL,668,575),(4926,'2023-08-18','17090','Adorisse Passion Colonia 50 ml','33030020','5405','77,94','1,00',0.00,0.00,77.00,0.00,0.00,'0','0',1,NULL,NULL,NULL,NULL,NULL,668,575),(4927,'2023-08-18','7620','DEO PARFUM ADORISSE NIGHT 50 ML','33072010','5405','99,00','1,00',0.00,0.00,99.00,0.00,0.00,'0','0',1,NULL,NULL,NULL,NULL,NULL,668,575),(4928,'2023-08-18','17203','Catalogo ciclo 07 e 08/23','49111090','5910','3,31','1,00',0.00,0.00,3.00,0.00,0.00,'0','0',1,NULL,NULL,NULL,NULL,NULL,668,575),(4929,'2023-08-18','17090','Adorisse Passion Colonia 50 ml','33030020','5405','77,94','1,00',0.00,0.00,77.00,0.00,0.00,'0','0',1,NULL,NULL,NULL,NULL,NULL,669,576),(4930,'2023-08-18','16092','LEGEND FOR MEN COL DEO 100ML','33072010','5405','89,40','3,00',0.00,0.00,268.00,0.00,0.00,'0','0',1,NULL,NULL,NULL,NULL,NULL,669,576),(4931,'2023-08-18','17203','Catalogo ciclo 07 e 08/23','49111090','5910','3,31','1,00',0.00,0.00,3.00,0.00,0.00,'0','0',1,NULL,NULL,NULL,NULL,NULL,669,576),(4932,'2023-08-18','4366','Diamonds BLUSH 50ML','33072010','5405','65,94','1,00',0.00,0.00,65.00,0.00,0.00,'0','0',1,NULL,NULL,NULL,NULL,NULL,670,577),(4933,'2023-08-18','16092','LEGEND FOR MEN COL DEO 100ML','33072010','5405','89,40','1,00',0.00,0.00,89.00,0.00,0.00,'0','0',1,NULL,NULL,NULL,NULL,NULL,670,577),(4934,'2023-08-18','19044','MOCHILA JAFRA','42022900','5102','79,00','1,00',0.00,0.00,79.00,0.00,0.00,'0','0',1,NULL,NULL,NULL,NULL,NULL,670,577),(4935,'2023-08-18','13078','BLUSH EM PO TERRA COTTA','33049100','5405','18,90','1,00',0.00,0.00,18.00,0.00,0.00,'0','0',1,NULL,NULL,NULL,NULL,NULL,670,577),(4936,'2023-08-18','17080','Batom Cobertura Total Pink Coral','33041000','5405','27,54','1,00',0.00,0.00,27.00,0.00,0.00,'0','0',1,NULL,NULL,NULL,NULL,NULL,670,577),(4937,'2023-08-18','17162','JAFRA BATOM COBERTURA TOTAL MATTE 4 G  LUST','33041000','5405','27,54','1,00',0.00,0.00,27.00,0.00,0.00,'0','0',1,NULL,NULL,NULL,NULL,NULL,670,577),(4938,'2023-08-18','17203','Catalogo ciclo 07 e 08/23','49111090','5910','3,31','1,00',0.00,0.00,3.00,0.00,0.00,'0','0',1,NULL,NULL,NULL,NULL,NULL,670,577),(4939,'2023-08-18','84777','LEGEND HERO COL DES 100ML','33072010','5405','35,84','1,00',0.00,0.00,35.00,0.00,0.00,'0','0',1,NULL,NULL,NULL,NULL,NULL,671,578),(4940,'2023-08-18','17151','JAFRA DOUBLE NATURE SEXY COLONIA 50 ML','33030020','5405','35,84','1,00',0.00,0.00,35.00,0.00,0.00,'0','0',1,NULL,NULL,NULL,NULL,NULL,671,578),(4941,'2023-08-18','17152','JAFRA DOUBLE NATURE TENDER COLONIA 50 ML','33030020','5405','35,84','1,00',0.00,0.00,35.00,0.00,0.00,'0','0',1,NULL,NULL,NULL,NULL,NULL,671,578),(4942,'2023-08-18','17154','JAFRA VESEN DELICE COLONIA  50 ML','33030020','5405','35,84','1,00',0.00,0.00,35.00,0.00,0.00,'0','0',1,NULL,NULL,NULL,NULL,NULL,671,578),(4943,'2023-08-18','17011','ROYAL BOOST MASCARA DETOX DE ARGILA 50ML','33049990','5405','27,90','1,00',0.00,0.00,27.00,0.00,0.00,'0','0',1,NULL,NULL,NULL,NULL,NULL,671,578),(4944,'2023-08-18','11213','COL DES JF9 CHROME 100ML','33072010','5405','65,94','1,00',0.00,0.00,65.00,0.00,0.00,'0','0',1,NULL,NULL,NULL,NULL,NULL,671,578),(4945,'2023-08-18','16669','J SPORT XTREME COL DES NAC','33072010','5405','65,90','1,00',0.00,0.00,65.00,0.00,0.00,'0','0',1,NULL,NULL,NULL,NULL,NULL,671,578),(4946,'2023-08-18','17203','Catalogo ciclo 07 e 08/23','49111090','5910','3,31','1,00',0.00,0.00,3.00,0.00,0.00,'0','0',1,NULL,NULL,NULL,NULL,NULL,671,578),(4947,'2023-08-18','16669','J SPORT XTREME COL DES NAC','33072010','5405','65,90','3,00',0.00,0.00,197.00,0.00,0.00,'0','0',1,NULL,NULL,NULL,NULL,NULL,672,579),(4948,'2023-08-18','16460','J-SPORT DEO COL 100ML','33072010','5405','65,73','1,00',0.00,0.00,65.00,0.00,0.00,'0','0',1,NULL,NULL,NULL,NULL,NULL,672,579),(4949,'2023-08-18','16757','ADORISSE VELVET COL DES 50ML','33072010','5405','65,73','1,00',0.00,0.00,65.00,0.00,0.00,'0','0',1,NULL,NULL,NULL,NULL,NULL,672,579),(4950,'2023-08-18','17153','JAFRA LEGEND PRIVE COLONIA  100 ML','33030020','5405','65,73','1,00',0.00,0.00,65.00,0.00,0.00,'0','0',1,NULL,NULL,NULL,NULL,NULL,672,579),(4951,'2023-08-18','4366','Diamonds BLUSH 50ML','33072010','5405','65,94','1,00',0.00,0.00,65.00,0.00,0.00,'0','0',1,NULL,NULL,NULL,NULL,NULL,672,579),(4952,'2023-08-18','11213','COL DES JF9 CHROME 100ML','33072010','5405','65,94','1,00',0.00,0.00,65.00,0.00,0.00,'0','0',1,NULL,NULL,NULL,NULL,NULL,672,579),(4953,'2023-08-18','17203','Catalogo ciclo 07 e 08/23','49111090','5910','3,31','1,00',0.00,0.00,3.00,0.00,0.00,'0','0',1,NULL,NULL,NULL,NULL,NULL,672,579),(4954,'2023-08-18','84777','LEGEND HERO COL DES 100ML','33072010','5405','35,84','2,00',0.00,0.00,71.00,0.00,0.00,'0','0',1,NULL,NULL,NULL,NULL,NULL,673,580),(4955,'2023-08-18','17151','JAFRA DOUBLE NATURE SEXY COLONIA 50 ML','33030020','5405','35,84','2,00',0.00,0.00,71.00,0.00,0.00,'0','0',1,NULL,NULL,NULL,NULL,NULL,673,580),(4956,'2023-08-18','17152','JAFRA DOUBLE NATURE TENDER COLONIA 50 ML','33030020','5405','35,84','2,00',0.00,0.00,71.00,0.00,0.00,'0','0',1,NULL,NULL,NULL,NULL,NULL,673,580),(4957,'2023-08-18','17154','JAFRA VESEN DELICE COLONIA  50 ML','33030020','5405','35,84','2,00',0.00,0.00,71.00,0.00,0.00,'0','0',1,NULL,NULL,NULL,NULL,NULL,673,580),(4958,'2023-08-18','16658','ADORISSE PURE GOLD COLDES 50ML','33072010','5405','77,94','1,00',0.00,0.00,77.00,0.00,0.00,'0','0',1,NULL,NULL,NULL,NULL,NULL,673,580),(4959,'2023-08-18','17203','Catalogo ciclo 07 e 08/23','49111090','5910','3,31','1,00',0.00,0.00,3.00,0.00,0.00,'0','0',1,NULL,NULL,NULL,NULL,NULL,673,580),(4960,'2023-08-18','84777','LEGEND HERO COL DES 100ML','33072010','5405','35,84','2,00',0.00,0.00,71.00,0.00,0.00,'0','0',1,NULL,NULL,NULL,NULL,NULL,674,581),(4961,'2023-08-18','17151','JAFRA DOUBLE NATURE SEXY COLONIA 50 ML','33030020','5405','35,84','2,00',0.00,0.00,71.00,0.00,0.00,'0','0',1,NULL,NULL,NULL,NULL,NULL,674,581),(4962,'2023-08-18','17152','JAFRA DOUBLE NATURE TENDER COLONIA 50 ML','33030020','5405','35,84','2,00',0.00,0.00,71.00,0.00,0.00,'0','0',1,NULL,NULL,NULL,NULL,NULL,674,581),(4963,'2023-08-18','17154','JAFRA VESEN DELICE COLONIA  50 ML','33030020','5405','35,84','2,00',0.00,0.00,71.00,0.00,0.00,'0','0',1,NULL,NULL,NULL,NULL,NULL,674,581),(4964,'2023-08-18','17067','Royal Almond Sabonetes','34011190','5405','23,94','1,00',0.00,0.00,23.00,0.00,0.00,'0','0',1,NULL,NULL,NULL,NULL,NULL,674,581),(4965,'2023-08-18','17203','Catalogo ciclo 07 e 08/23','49111090','5910','3,31','1,00',0.00,0.00,3.00,0.00,0.00,'0','0',1,NULL,NULL,NULL,NULL,NULL,674,581),(4966,'2023-08-18','84777','LEGEND HERO COL DES 100ML','33072010','5405','35,84','2,00',0.00,0.00,71.00,0.00,0.00,'0','0',1,NULL,NULL,NULL,NULL,NULL,675,582),(4967,'2023-08-18','17151','JAFRA DOUBLE NATURE SEXY COLONIA 50 ML','33030020','5405','35,84','2,00',0.00,0.00,71.00,0.00,0.00,'0','0',1,NULL,NULL,NULL,NULL,NULL,675,582),(4968,'2023-08-18','17152','JAFRA DOUBLE NATURE TENDER COLONIA 50 ML','33030020','5405','35,84','2,00',0.00,0.00,71.00,0.00,0.00,'0','0',1,NULL,NULL,NULL,NULL,NULL,675,582),(4969,'2023-08-18','17154','JAFRA VESEN DELICE COLONIA  50 ML','33030020','5405','35,84','2,00',0.00,0.00,71.00,0.00,0.00,'0','0',1,NULL,NULL,NULL,NULL,NULL,675,582),(4970,'2023-08-18','11213','COL DES JF9 CHROME 100ML','33072010','5405','65,94','1,00',0.00,0.00,65.00,0.00,0.00,'0','0',1,NULL,NULL,NULL,NULL,NULL,675,582),(4971,'2023-08-18','16669','J SPORT XTREME COL DES NAC','33072010','5405','65,90','1,00',0.00,0.00,65.00,0.00,0.00,'0','0',1,NULL,NULL,NULL,NULL,NULL,675,582),(4972,'2023-08-18','17203','Catalogo ciclo 07 e 08/23','49111090','5910','3,31','1,00',0.00,0.00,3.00,0.00,0.00,'0','0',1,NULL,NULL,NULL,NULL,NULL,675,582),(4973,'2023-08-18','17167','Hidratacao Regeneradora - Shampoo 240 ml','33051000','5405','41,94','1,00',0.00,0.00,41.00,0.00,0.00,'0','0',1,NULL,NULL,NULL,NULL,NULL,676,583),(4974,'2023-08-18','17168','Hidratacao Regeneradora - Condicionador 240 m','33059000','5405','47,94','1,00',0.00,0.00,47.00,0.00,0.00,'0','0',1,NULL,NULL,NULL,NULL,NULL,676,583),(4975,'2023-08-18','17067','Royal Almond Sabonetes','34011190','5405','23,94','1,00',0.00,0.00,23.00,0.00,0.00,'0','0',1,NULL,NULL,NULL,NULL,NULL,676,583),(4976,'2023-08-18','16658','ADORISSE PURE GOLD COLDES 50ML','33072010','5405','77,94','1,00',0.00,0.00,77.00,0.00,0.00,'0','0',1,NULL,NULL,NULL,NULL,NULL,676,583),(4977,'2023-08-18','16092','LEGEND FOR MEN COL DEO 100ML','33072010','5405','89,40','2,00',0.00,0.00,178.00,0.00,0.00,'0','0',1,NULL,NULL,NULL,NULL,NULL,676,583),(4978,'2023-08-18','84777','LEGEND HERO COL DES 100ML','33072010','5405','35,84','1,00',0.00,0.00,35.00,0.00,0.00,'0','0',1,NULL,NULL,NULL,NULL,NULL,676,583),(4979,'2023-08-18','17151','JAFRA DOUBLE NATURE SEXY COLONIA 50 ML','33030020','5405','35,84','1,00',0.00,0.00,35.00,0.00,0.00,'0','0',1,NULL,NULL,NULL,NULL,NULL,676,583),(4980,'2023-08-18','17152','JAFRA DOUBLE NATURE TENDER COLONIA 50 ML','33030020','5405','35,84','1,00',0.00,0.00,35.00,0.00,0.00,'0','0',1,NULL,NULL,NULL,NULL,NULL,676,583),(4981,'2023-08-18','17154','JAFRA VESEN DELICE COLONIA  50 ML','33030020','5405','35,84','1,00',0.00,0.00,35.00,0.00,0.00,'0','0',1,NULL,NULL,NULL,NULL,NULL,676,583),(4982,'2023-08-18','17031','Luna Bright Hidratante em Gel Com Efeito Clar','33049990','5405','40,90','1,00',0.00,0.00,40.00,0.00,0.00,'0','0',1,NULL,NULL,NULL,NULL,NULL,676,583),(4983,'2023-08-18','17032','LUNA BRIGHT SERUM CONCENTRADO 30 ML','33049910','5405','33,90','1,00',0.00,0.00,33.00,0.00,0.00,'0','0',1,NULL,NULL,NULL,NULL,NULL,676,583),(4984,'2023-08-18','17203','Catalogo ciclo 07 e 08/23','49111090','5910','3,31','1,00',0.00,0.00,3.00,0.00,0.00,'0','0',1,NULL,NULL,NULL,NULL,NULL,676,583),(4985,'2023-08-18','84777','LEGEND HERO COL DES 100ML','33072010','5405','35,84','2,00',0.00,0.00,71.00,0.00,0.00,'0','0',1,NULL,NULL,NULL,NULL,NULL,677,584),(4986,'2023-08-18','17151','JAFRA DOUBLE NATURE SEXY COLONIA 50 ML','33030020','5405','35,84','2,00',0.00,0.00,71.00,0.00,0.00,'0','0',1,NULL,NULL,NULL,NULL,NULL,677,584),(4987,'2023-08-18','17152','JAFRA DOUBLE NATURE TENDER COLONIA 50 ML','33030020','5405','35,84','2,00',0.00,0.00,71.00,0.00,0.00,'0','0',1,NULL,NULL,NULL,NULL,NULL,677,584),(4988,'2023-08-18','17154','JAFRA VESEN DELICE COLONIA  50 ML','33030020','5405','35,84','2,00',0.00,0.00,71.00,0.00,0.00,'0','0',1,NULL,NULL,NULL,NULL,NULL,677,584),(4989,'2023-08-18','16088','ROYAL JELLY SABONETE 5 UNID','34011190','5405','29,94','1,00',0.00,0.00,29.00,0.00,0.00,'0','0',1,NULL,NULL,NULL,NULL,NULL,677,584),(4990,'2023-08-18','17203','Catalogo ciclo 07 e 08/23','49111090','5910','3,31','1,00',0.00,0.00,3.00,0.00,0.00,'0','0',1,NULL,NULL,NULL,NULL,NULL,677,584),(4996,'2023-08-18','84777','LEGEND HERO COL DES 100ML','33072010','5405','35,84','2,00',0.00,0.00,71.00,0.00,0.00,'0','0',1,NULL,NULL,NULL,NULL,NULL,679,586),(4997,'2023-08-18','17151','JAFRA DOUBLE NATURE SEXY COLONIA 50 ML','33030020','5405','35,84','2,00',0.00,0.00,71.00,0.00,0.00,'0','0',1,NULL,NULL,NULL,NULL,NULL,679,586),(4998,'2023-08-18','17152','JAFRA DOUBLE NATURE TENDER COLONIA 50 ML','33030020','5405','35,84','2,00',0.00,0.00,71.00,0.00,0.00,'0','0',1,NULL,NULL,NULL,NULL,NULL,679,586),(4999,'2023-08-18','17154','JAFRA VESEN DELICE COLONIA  50 ML','33030020','5405','35,84','2,00',0.00,0.00,71.00,0.00,0.00,'0','0',1,NULL,NULL,NULL,NULL,NULL,679,586),(5000,'2023-08-18','16669','J SPORT XTREME COL DES NAC','33072010','5405','65,90','1,00',0.00,0.00,65.00,0.00,0.00,'0','0',1,NULL,NULL,NULL,NULL,NULL,679,586),(5001,'2023-08-18','17203','Catalogo ciclo 07 e 08/23','49111090','5910','3,31','1,00',0.00,0.00,3.00,0.00,0.00,'0','0',1,NULL,NULL,NULL,NULL,NULL,679,586),(5002,'2023-08-18','17157','JAFRA LAPIS DELINEADOR PARA SOBRANCELHAS 1 g ','33042010','5405','21,54','1,00',0.00,0.00,21.00,0.00,0.00,'0','0',1,NULL,NULL,NULL,NULL,NULL,680,587),(5003,'2023-08-18','17079','Batom Cobertura Total Haute Pink','33041000','5405','27,54','1,00',0.00,0.00,27.00,0.00,0.00,'0','0',1,NULL,NULL,NULL,NULL,NULL,680,587),(5004,'2023-08-18','16458','GARDENIA COL DES BR 50ML','33030020','5405','99,00','1,00',0.00,0.00,99.00,0.00,0.00,'0','0',1,NULL,NULL,NULL,NULL,NULL,680,587),(5005,'2023-08-18','16459','VALFERRA.DEO COLONIA 100ML','33072010','5405','77,40','1,00',0.00,0.00,77.00,0.00,0.00,'0','0',1,NULL,NULL,NULL,NULL,NULL,680,587),(5006,'2023-08-18','16092','LEGEND FOR MEN COL DEO 100ML','33072010','5405','89,40','1,00',0.00,0.00,89.00,0.00,0.00,'0','0',1,NULL,NULL,NULL,NULL,NULL,680,587),(5007,'2023-08-18','17140','SESTO SENSO IN AMORE COLONIA DESODORANTE 100 ','33072010','5405','83,40','1,00',0.00,0.00,83.00,0.00,0.00,'0','0',1,NULL,NULL,NULL,NULL,NULL,680,587),(5008,'2023-08-18','17203','Catalogo ciclo 07 e 08/23','49111090','5910','3,31','1,00',0.00,0.00,3.00,0.00,0.00,'0','0',1,NULL,NULL,NULL,NULL,NULL,680,587),(5014,'2023-08-18','84777','LEGEND HERO COL DES 100ML','33072010','5405','35,84','2,00',0.00,0.00,71.00,0.00,0.00,'0','0',1,NULL,NULL,NULL,NULL,NULL,682,589),(5015,'2023-08-18','17151','JAFRA DOUBLE NATURE SEXY COLONIA 50 ML','33030020','5405','35,84','2,00',0.00,0.00,71.00,0.00,0.00,'0','0',1,NULL,NULL,NULL,NULL,NULL,682,589),(5016,'2023-08-18','17152','JAFRA DOUBLE NATURE TENDER COLONIA 50 ML','33030020','5405','35,84','2,00',0.00,0.00,71.00,0.00,0.00,'0','0',1,NULL,NULL,NULL,NULL,NULL,682,589),(5017,'2023-08-18','17154','JAFRA VESEN DELICE COLONIA  50 ML','33030020','5405','35,84','2,00',0.00,0.00,71.00,0.00,0.00,'0','0',1,NULL,NULL,NULL,NULL,NULL,682,589),(5018,'2023-08-18','11213','COL DES JF9 CHROME 100ML','33072010','5405','65,94','1,00',0.00,0.00,65.00,0.00,0.00,'0','0',1,NULL,NULL,NULL,NULL,NULL,682,589),(5019,'2023-08-18','17203','Catalogo ciclo 07 e 08/23','49111090','5910','3,31','1,00',0.00,0.00,3.00,0.00,0.00,'0','0',1,NULL,NULL,NULL,NULL,NULL,682,589),(5020,'2023-08-18','84777','LEGEND HERO COL DES 100ML','33072010','5405','35,84','1,00',0.00,0.00,35.00,0.00,0.00,'0','0',1,NULL,NULL,NULL,NULL,NULL,683,590),(5021,'2023-08-18','17151','JAFRA DOUBLE NATURE SEXY COLONIA 50 ML','33030020','5405','35,84','1,00',0.00,0.00,35.00,0.00,0.00,'0','0',1,NULL,NULL,NULL,NULL,NULL,683,590),(5022,'2023-08-18','17152','JAFRA DOUBLE NATURE TENDER COLONIA 50 ML','33030020','5405','35,84','1,00',0.00,0.00,35.00,0.00,0.00,'0','0',1,NULL,NULL,NULL,NULL,NULL,683,590),(5023,'2023-08-18','17154','JAFRA VESEN DELICE COLONIA  50 ML','33030020','5405','35,84','1,00',0.00,0.00,35.00,0.00,0.00,'0','0',1,NULL,NULL,NULL,NULL,NULL,683,590),(5024,'2023-08-18','17013','ROYAL BOOST AGUA MICELAR LIMPADORA 200ML','33049910','5405','29,94','2,00',0.00,0.00,59.00,0.00,0.00,'0','0',1,NULL,NULL,NULL,NULL,NULL,683,590),(5025,'2023-08-18','17009','ROYAL BOOST LENCOS UMEDECIDOS 30 UNID','34011190','5405','26,34','2,00',0.00,0.00,52.00,0.00,0.00,'0','0',1,NULL,NULL,NULL,NULL,NULL,683,590),(5026,'2023-08-18','17070','Sabonete Legend 4 sabonetes de 40gr','34011190','5405','21,54','1,00',0.00,0.00,21.00,0.00,0.00,'0','0',1,NULL,NULL,NULL,NULL,NULL,683,590),(5027,'2023-08-18','31671','DELINEADOR LIQ OLHOS PRETO 3ML','33042010','5405','29,90','2,00',0.00,0.00,59.00,0.00,0.00,'0','0',1,NULL,NULL,NULL,NULL,NULL,683,590),(5028,'2023-08-18','17203','Catalogo ciclo 07 e 08/23','49111090','5910','3,31','1,00',0.00,0.00,3.00,0.00,0.00,'0','0',1,NULL,NULL,NULL,NULL,NULL,683,590),(5029,'2023-08-18','84777','LEGEND HERO COL DES 100ML','33072010','5405','35,84','1,00',0.00,0.00,35.00,0.00,0.00,'0','0',1,NULL,NULL,NULL,NULL,NULL,684,591),(5030,'2023-08-18','17151','JAFRA DOUBLE NATURE SEXY COLONIA 50 ML','33030020','5405','35,84','1,00',0.00,0.00,35.00,0.00,0.00,'0','0',1,NULL,NULL,NULL,NULL,NULL,684,591),(5031,'2023-08-18','17152','JAFRA DOUBLE NATURE TENDER COLONIA 50 ML','33030020','5405','35,84','1,00',0.00,0.00,35.00,0.00,0.00,'0','0',1,NULL,NULL,NULL,NULL,NULL,684,591),(5032,'2023-08-18','17154','JAFRA VESEN DELICE COLONIA  50 ML','33030020','5405','35,84','1,00',0.00,0.00,35.00,0.00,0.00,'0','0',1,NULL,NULL,NULL,NULL,NULL,684,591),(5033,'2023-08-18','16091','SESTO SENSO COLONIA DESODORANT','33072010','5405','59,94','1,00',0.00,0.00,59.00,0.00,0.00,'0','0',1,NULL,NULL,NULL,NULL,NULL,684,591),(5034,'2023-08-18','16623','VESEN COL DESODORANTE NAC 50ML','33072010','5405','77,40','1,00',0.00,0.00,77.00,0.00,0.00,'0','0',1,NULL,NULL,NULL,NULL,NULL,684,591),(5035,'2023-08-18','17001','J BROS BALM GEL LIMPEZA FACIAL 100ML','34013000','5405','9,90','1,00',0.00,0.00,9.00,0.00,0.00,'0','0',1,NULL,NULL,NULL,NULL,NULL,684,591),(5036,'2023-08-18','19041','BOLSA SACOLA NYLON JAFRA','42022220','5102','13,00','1,00',0.00,0.00,13.00,0.00,0.00,'0','0',1,NULL,NULL,NULL,NULL,NULL,684,591),(5037,'2023-08-18','17203','Catalogo ciclo 07 e 08/23','49111090','5910','3,31','1,00',0.00,0.00,3.00,0.00,0.00,'0','0',1,NULL,NULL,NULL,NULL,NULL,684,591),(5038,'2023-08-18','16090','JF9 BLACK DEO COL 100ML','33072010','5405','60,40','1,00',0.00,0.00,60.00,0.00,0.00,'0','0',1,NULL,NULL,NULL,NULL,NULL,685,592),(5039,'2023-08-18','16656','ADORISSE COLONIA DES 50ML','33072010','5405','60,40','1,00',0.00,0.00,60.00,0.00,0.00,'0','0',1,NULL,NULL,NULL,NULL,NULL,685,592),(5040,'2023-08-18','17044','COLONIA ABSOLUTE LEATHER','33030020','5405','60,40','1,00',0.00,0.00,60.00,0.00,0.00,'0','0',1,NULL,NULL,NULL,NULL,NULL,685,592),(5041,'2023-08-18','11213','COL DES JF9 CHROME 100ML','33072010','5405','65,94','1,00',0.00,0.00,65.00,0.00,0.00,'0','0',1,NULL,NULL,NULL,NULL,NULL,685,592),(5042,'2023-08-18','16954','Hidratante Desodorante Corporal Free To Be Ki','33072090','5405','47,94','1,00',0.00,0.00,47.00,0.00,0.00,'0','0',1,NULL,NULL,NULL,NULL,NULL,685,592),(5043,'2023-08-18','16948','Colonia Desodorante Splash Free To Be New 250','33072010','5405','41,94','1,00',0.00,0.00,41.00,0.00,0.00,'0','0',1,NULL,NULL,NULL,NULL,NULL,685,592),(5044,'2023-08-18','16946','Colonia Desodorante Splash Free To Be Kind 25','33072010','5405','41,94','1,00',0.00,0.00,41.00,0.00,0.00,'0','0',1,NULL,NULL,NULL,NULL,NULL,685,592),(5045,'2023-08-18','16091','SESTO SENSO COLONIA DESODORANT','33072010','5405','59,94','1,00',0.00,0.00,59.00,0.00,0.00,'0','0',1,NULL,NULL,NULL,NULL,NULL,685,592),(5046,'2023-08-18','17090','Adorisse Passion Colonia 50 ml','33030020','5405','77,94','1,00',0.00,0.00,77.00,0.00,0.00,'0','0',1,NULL,NULL,NULL,NULL,NULL,685,592),(5047,'2023-08-18','17203','Catalogo ciclo 07 e 08/23','49111090','5910','3,31','1,00',0.00,0.00,3.00,0.00,0.00,'0','0',1,NULL,NULL,NULL,NULL,NULL,685,592),(5054,'2023-08-18','84777','LEGEND HERO COL DES 100ML','33072010','5405','35,84','2,00',0.00,0.00,71.00,0.00,0.00,'0','0',1,NULL,NULL,NULL,NULL,NULL,687,594),(5055,'2023-08-18','17151','JAFRA DOUBLE NATURE SEXY COLONIA 50 ML','33030020','5405','35,84','2,00',0.00,0.00,71.00,0.00,0.00,'0','0',1,NULL,NULL,NULL,NULL,NULL,687,594),(5056,'2023-08-18','17152','JAFRA DOUBLE NATURE TENDER COLONIA 50 ML','33030020','5405','35,84','2,00',0.00,0.00,71.00,0.00,0.00,'0','0',1,NULL,NULL,NULL,NULL,NULL,687,594),(5057,'2023-08-18','17154','JAFRA VESEN DELICE COLONIA  50 ML','33030020','5405','35,84','2,00',0.00,0.00,71.00,0.00,0.00,'0','0',1,NULL,NULL,NULL,NULL,NULL,687,594),(5058,'2023-08-18','77385','DELINEADOR PARA OS OLHOS BLACK 1g','33042010','5405','12,90','1,00',0.00,0.00,12.00,0.00,0.00,'0','0',1,NULL,NULL,NULL,NULL,NULL,687,594),(5059,'2023-08-18','17203','Catalogo ciclo 07 e 08/23','49111090','5910','3,31','1,00',0.00,0.00,3.00,0.00,0.00,'0','0',1,NULL,NULL,NULL,NULL,NULL,687,594),(5060,'2023-08-18','84777','LEGEND HERO COL DES 100ML','33072010','5405','35,84','2,00',0.00,0.00,71.00,0.00,0.00,'0','0',1,NULL,NULL,NULL,NULL,NULL,688,595),(5061,'2023-08-18','17151','JAFRA DOUBLE NATURE SEXY COLONIA 50 ML','33030020','5405','35,84','2,00',0.00,0.00,71.00,0.00,0.00,'0','0',1,NULL,NULL,NULL,NULL,NULL,688,595),(5062,'2023-08-18','17152','JAFRA DOUBLE NATURE TENDER COLONIA 50 ML','33030020','5405','35,84','2,00',0.00,0.00,71.00,0.00,0.00,'0','0',1,NULL,NULL,NULL,NULL,NULL,688,595),(5063,'2023-08-18','17154','JAFRA VESEN DELICE COLONIA  50 ML','33030020','5405','35,84','2,00',0.00,0.00,71.00,0.00,0.00,'0','0',1,NULL,NULL,NULL,NULL,NULL,688,595),(5064,'2023-08-18','16091','SESTO SENSO COLONIA DESODORANT','33072010','5405','59,94','1,00',0.00,0.00,59.00,0.00,0.00,'0','0',1,NULL,NULL,NULL,NULL,NULL,688,595),(5065,'2023-08-18','17203','Catalogo ciclo 07 e 08/23','49111090','5910','3,31','1,00',0.00,0.00,3.00,0.00,0.00,'0','0',1,NULL,NULL,NULL,NULL,NULL,688,595),(5076,'2023-08-18','84777','LEGEND HERO COL DES 100ML','33072010','5405','35,84','1,00',0.00,0.00,35.00,0.00,0.00,'0','0',1,NULL,NULL,NULL,NULL,NULL,690,597),(5077,'2023-08-18','17151','JAFRA DOUBLE NATURE SEXY COLONIA 50 ML','33030020','5405','35,84','1,00',0.00,0.00,35.00,0.00,0.00,'0','0',1,NULL,NULL,NULL,NULL,NULL,690,597),(5078,'2023-08-18','17152','JAFRA DOUBLE NATURE TENDER COLONIA 50 ML','33030020','5405','35,84','1,00',0.00,0.00,35.00,0.00,0.00,'0','0',1,NULL,NULL,NULL,NULL,NULL,690,597),(5079,'2023-08-18','17154','JAFRA VESEN DELICE COLONIA  50 ML','33030020','5405','35,84','1,00',0.00,0.00,35.00,0.00,0.00,'0','0',1,NULL,NULL,NULL,NULL,NULL,690,597),(5080,'2023-08-18','16669','J SPORT XTREME COL DES NAC','33072010','5405','65,90','1,00',0.00,0.00,65.00,0.00,0.00,'0','0',1,NULL,NULL,NULL,NULL,NULL,690,597),(5081,'2023-08-18','11213','COL DES JF9 CHROME 100ML','33072010','5405','65,94','1,00',0.00,0.00,65.00,0.00,0.00,'0','0',1,NULL,NULL,NULL,NULL,NULL,690,597),(5082,'2023-08-18','17031','Luna Bright Hidratante em Gel Com Efeito Clar','33049990','5405','40,90','1,00',0.00,0.00,40.00,0.00,0.00,'0','0',1,NULL,NULL,NULL,NULL,NULL,690,597),(5083,'2023-08-18','17203','Catalogo ciclo 07 e 08/23','49111090','5910','3,31','1,00',0.00,0.00,3.00,0.00,0.00,'0','0',1,NULL,NULL,NULL,NULL,NULL,690,597),(5095,'2023-08-18','16650','JANDE COL DESODORANTE NAC 50ML','33072010','5405','71,34','1,00',0.00,0.00,71.00,0.00,0.00,'0','0',1,NULL,NULL,NULL,NULL,NULL,693,600),(5096,'2023-08-18','84777','LEGEND HERO COL DES 100ML','33072010','5405','35,84','1,00',0.00,0.00,35.00,0.00,0.00,'0','0',1,NULL,NULL,NULL,NULL,NULL,693,600),(5097,'2023-08-18','17151','JAFRA DOUBLE NATURE SEXY COLONIA 50 ML','33030020','5405','35,84','1,00',0.00,0.00,35.00,0.00,0.00,'0','0',1,NULL,NULL,NULL,NULL,NULL,693,600),(5098,'2023-08-18','17152','JAFRA DOUBLE NATURE TENDER COLONIA 50 ML','33030020','5405','35,84','1,00',0.00,0.00,35.00,0.00,0.00,'0','0',1,NULL,NULL,NULL,NULL,NULL,693,600),(5099,'2023-08-18','17154','JAFRA VESEN DELICE COLONIA  50 ML','33030020','5405','35,84','1,00',0.00,0.00,35.00,0.00,0.00,'0','0',1,NULL,NULL,NULL,NULL,NULL,693,600),(5100,'2023-08-18','84777','LEGEND HERO COL DES 100ML','33072010','5405','71,34','3,00',0.00,0.00,214.00,0.00,0.00,'0','0',1,NULL,NULL,NULL,NULL,NULL,693,600),(5101,'2023-08-18','17203','Catalogo ciclo 07 e 08/23','49111090','5910','3,31','1,00',0.00,0.00,3.00,0.00,0.00,'0','0',1,NULL,NULL,NULL,NULL,NULL,693,600),(5102,'2023-08-18','84777','LEGEND HERO COL DES 100ML','33072010','5405','35,84','2,00',0.00,0.00,71.00,0.00,0.00,'0','0',1,NULL,NULL,NULL,NULL,NULL,694,601),(5103,'2023-08-18','17151','JAFRA DOUBLE NATURE SEXY COLONIA 50 ML','33030020','5405','35,84','2,00',0.00,0.00,71.00,0.00,0.00,'0','0',1,NULL,NULL,NULL,NULL,NULL,694,601),(5104,'2023-08-18','17152','JAFRA DOUBLE NATURE TENDER COLONIA 50 ML','33030020','5405','35,84','2,00',0.00,0.00,71.00,0.00,0.00,'0','0',1,NULL,NULL,NULL,NULL,NULL,694,601),(5105,'2023-08-18','17154','JAFRA VESEN DELICE COLONIA  50 ML','33030020','5405','35,84','2,00',0.00,0.00,71.00,0.00,0.00,'0','0',1,NULL,NULL,NULL,NULL,NULL,694,601),(5106,'2023-08-18','17067','Royal Almond Sabonetes','34011190','5405','23,94','1,00',0.00,0.00,23.00,0.00,0.00,'0','0',1,NULL,NULL,NULL,NULL,NULL,694,601),(5107,'2023-08-18','17203','Catalogo ciclo 07 e 08/23','49111090','5910','3,31','1,00',0.00,0.00,3.00,0.00,0.00,'0','0',1,NULL,NULL,NULL,NULL,NULL,694,601),(5114,'2023-08-18','16090','JF9 BLACK DEO COL 100ML','33072010','5405','60,40','2,00',0.00,0.00,120.00,0.00,0.00,'0','0',1,NULL,NULL,NULL,NULL,NULL,696,603),(5115,'2023-08-18','16656','ADORISSE COLONIA DES 50ML','33072010','5405','60,40','2,00',0.00,0.00,120.00,0.00,0.00,'0','0',1,NULL,NULL,NULL,NULL,NULL,696,603),(5116,'2023-08-18','17044','COLONIA ABSOLUTE LEATHER','33030020','5405','60,40','2,00',0.00,0.00,120.00,0.00,0.00,'0','0',1,NULL,NULL,NULL,NULL,NULL,696,603),(5117,'2023-08-18','17203','Catalogo ciclo 07 e 08/23','49111090','5910','3,31','1,00',0.00,0.00,3.00,0.00,0.00,'0','0',1,NULL,NULL,NULL,NULL,NULL,696,603),(5118,'2023-08-18','84777','LEGEND HERO COL DES 100ML','33072010','5405','35,84','2,00',0.00,0.00,71.00,0.00,0.00,'0','0',1,NULL,NULL,NULL,NULL,NULL,697,604),(5119,'2023-08-18','17151','JAFRA DOUBLE NATURE SEXY COLONIA 50 ML','33030020','5405','35,84','2,00',0.00,0.00,71.00,0.00,0.00,'0','0',1,NULL,NULL,NULL,NULL,NULL,697,604),(5120,'2023-08-18','17152','JAFRA DOUBLE NATURE TENDER COLONIA 50 ML','33030020','5405','35,84','2,00',0.00,0.00,71.00,0.00,0.00,'0','0',1,NULL,NULL,NULL,NULL,NULL,697,604),(5121,'2023-08-18','17154','JAFRA VESEN DELICE COLONIA  50 ML','33030020','5405','35,84','2,00',0.00,0.00,71.00,0.00,0.00,'0','0',1,NULL,NULL,NULL,NULL,NULL,697,604),(5122,'2023-08-18','17067','Royal Almond Sabonetes','34011190','5405','23,94','1,00',0.00,0.00,23.00,0.00,0.00,'0','0',1,NULL,NULL,NULL,NULL,NULL,697,604),(5123,'2023-08-18','17203','Catalogo ciclo 07 e 08/23','49111090','5910','3,31','1,00',0.00,0.00,3.00,0.00,0.00,'0','0',1,NULL,NULL,NULL,NULL,NULL,697,604),(5124,'2023-08-18','16090','JF9 BLACK DEO COL 100ML','33072010','5405','60,40','1,00',0.00,0.00,60.00,0.00,0.00,'0','0',1,NULL,NULL,NULL,NULL,NULL,698,605),(5125,'2023-08-18','16656','ADORISSE COLONIA DES 50ML','33072010','5405','60,40','1,00',0.00,0.00,60.00,0.00,0.00,'0','0',1,NULL,NULL,NULL,NULL,NULL,698,605),(5126,'2023-08-18','17044','COLONIA ABSOLUTE LEATHER','33030020','5405','60,40','1,00',0.00,0.00,60.00,0.00,0.00,'0','0',1,NULL,NULL,NULL,NULL,NULL,698,605),(5127,'2023-08-18','77385','DELINEADOR PARA OS OLHOS BLACK 1g','33042010','5405','12,90','2,00',0.00,0.00,25.00,0.00,0.00,'0','0',1,NULL,NULL,NULL,NULL,NULL,698,605),(5128,'2023-08-18','16946','Colonia Desodorante Splash Free To Be Kind 25','33072010','5405','41,94','1,00',0.00,0.00,41.00,0.00,0.00,'0','0',1,NULL,NULL,NULL,NULL,NULL,698,605),(5129,'2023-08-18','16950','Desodorante Antitranspirante Roll-on Free To ','33072010','5405','17,94','1,00',0.00,0.00,17.00,0.00,0.00,'0','0',1,NULL,NULL,NULL,NULL,NULL,698,605),(5130,'2023-08-18','16958','Sabonete Liquido para as Maos Free To Be Kind','34013000','5405','29,94','1,00',0.00,0.00,29.00,0.00,0.00,'0','0',1,NULL,NULL,NULL,NULL,NULL,698,605),(5131,'2023-08-18','16948','Colonia Desodorante Splash Free To Be New 250','33072010','5405','41,94','1,00',0.00,0.00,41.00,0.00,0.00,'0','0',1,NULL,NULL,NULL,NULL,NULL,698,605),(5132,'2023-08-18','17203','Catalogo ciclo 07 e 08/23','49111090','5910','3,31','1,00',0.00,0.00,3.00,0.00,0.00,'0','0',1,NULL,NULL,NULL,NULL,NULL,698,605),(5145,'2023-08-21','16092','LEGEND FOR MEN COL DEO 100ML','33072010','5405','65,90','2,00',0.00,0.00,131.00,0.00,0.00,'0','0',1,NULL,NULL,NULL,NULL,NULL,701,463),(5146,'2023-08-21','16650','JANDE COL DESODORANTE NAC 50ML','33072010','5405','71,34','1,00',0.00,0.00,71.00,0.00,0.00,'0','0',1,NULL,NULL,NULL,NULL,NULL,701,463),(5147,'2023-08-21','4366','Diamonds BLUSH 50ML','33072010','5405','65,94','1,00',0.00,0.00,65.00,0.00,0.00,'0','0',1,NULL,NULL,NULL,NULL,NULL,701,463),(5148,'2023-08-21','17067','Royal Almond Sabonetes','34011190','5405','23,94','2,00',0.00,0.00,47.00,0.00,0.00,'0','0',1,NULL,NULL,NULL,NULL,NULL,701,463),(5149,'2023-08-21','17016','ROYAL BOOST  CREME FACIAL HIDRATANTE 50ML','33049910','5910','5,89','1,00',0.00,0.00,5.00,0.00,0.00,'0','0',1,NULL,NULL,NULL,NULL,NULL,701,463),(5150,'2023-08-21','17203','Catalogo ciclo 07 e 08/23','49111090','5910','3,31','1,00',0.00,0.00,3.00,0.00,0.00,'0','0',1,NULL,NULL,NULL,NULL,NULL,701,463),(5151,'2023-08-21','16092','LEGEND FOR MEN COL DEO 100ML','33072010','5405','89,40','3,00',0.00,0.00,268.00,0.00,0.00,'0','0',1,NULL,NULL,NULL,NULL,NULL,702,464),(5152,'2023-08-21','17170','Hidratacao Regeneradora - Mascara 240 ml','33059000','5405','53,94','1,00',0.00,0.00,53.00,0.00,0.00,'0','0',1,NULL,NULL,NULL,NULL,NULL,702,464),(5153,'2023-08-21','17016','ROYAL BOOST  CREME FACIAL HIDRATANTE 50ML','33049910','5910','5,89','1,00',0.00,0.00,5.00,0.00,0.00,'0','0',1,NULL,NULL,NULL,NULL,NULL,702,464),(5154,'2023-08-21','17203','Catalogo ciclo 07 e 08/23','49111090','5910','3,31','1,00',0.00,0.00,3.00,0.00,0.00,'0','0',1,NULL,NULL,NULL,NULL,NULL,702,464),(5155,'2023-08-21','16667','YITSU COL DES NAC 100ML','33072010','5405','65,90','1,00',0.00,0.00,65.00,0.00,0.00,'0','0',1,NULL,NULL,NULL,NULL,NULL,703,465),(5156,'2023-08-21','16459','VALFERRA.DEO COLONIA 100ML','33072010','5405','77,40','1,00',0.00,0.00,77.00,0.00,0.00,'0','0',1,NULL,NULL,NULL,NULL,NULL,703,465),(5157,'2023-08-21','17044','COLONIA ABSOLUTE LEATHER','33030020','5405','89,40','1,00',0.00,0.00,89.00,0.00,0.00,'0','0',1,NULL,NULL,NULL,NULL,NULL,703,465),(5158,'2023-08-21','16092','LEGEND FOR MEN COL DEO 100ML','33072010','5405','89,40','1,00',0.00,0.00,89.00,0.00,0.00,'0','0',1,NULL,NULL,NULL,NULL,NULL,703,465),(5159,'2023-08-21','16656','ADORISSE COLONIA DES 50ML','33072010','5405','99,00','1,00',0.00,0.00,99.00,0.00,0.00,'0','0',1,NULL,NULL,NULL,NULL,NULL,703,465),(5160,'2023-08-21','16458','GARDENIA COL DES BR 50ML','33030020','5405','99,00','1,00',0.00,0.00,99.00,0.00,0.00,'0','0',1,NULL,NULL,NULL,NULL,NULL,703,465),(5161,'2023-08-21','17044','COLONIA ABSOLUTE LEATHER','33030020','5910','19,79','1,00',0.00,0.00,19.00,0.00,0.00,'0','0',1,NULL,NULL,NULL,NULL,NULL,703,465),(5162,'2023-08-21','17203','Catalogo ciclo 07 e 08/23','49111090','5910','3,31','1,00',0.00,0.00,3.00,0.00,0.00,'0','0',1,NULL,NULL,NULL,NULL,NULL,703,465),(5163,'2023-08-21','16092','LEGEND FOR MEN COL DEO 100ML','33072010','5405','65,90','3,00',0.00,0.00,197.00,0.00,0.00,'0','0',1,NULL,NULL,NULL,NULL,NULL,704,466),(5164,'2023-08-21','16460','J-SPORT DEO COL 100ML','33072010','5405','59,94','2,00',0.00,0.00,119.00,0.00,0.00,'0','0',1,NULL,NULL,NULL,NULL,NULL,704,466),(5165,'2023-08-21','17203','Catalogo ciclo 07 e 08/23','49111090','5910','3,31','1,00',0.00,0.00,3.00,0.00,0.00,'0','0',1,NULL,NULL,NULL,NULL,NULL,704,466),(5166,'2023-08-21','17096','Base Always Amplo Espectro FPS 15  BISQUE','33049990','5405','19,00','1,00',0.00,0.00,19.00,0.00,0.00,'0','0',1,NULL,NULL,NULL,NULL,NULL,705,467),(5167,'2023-08-21','17001','J BROS BALM GEL LIMPEZA FACIAL 100ML','34013000','5405','9,90','1,00',0.00,0.00,9.00,0.00,0.00,'0','0',1,NULL,NULL,NULL,NULL,NULL,705,467),(5168,'2023-08-21','11465','BLUSH EM PO PLUM ROSE','33049100','5405','18,90','1,00',0.00,0.00,18.00,0.00,0.00,'0','0',1,NULL,NULL,NULL,NULL,NULL,705,467),(5169,'2023-08-21','11466','MAQUIAGEM FAC PO 2 EM 1 BEIGE','33049990','5405','39,90','1,00',0.00,0.00,39.00,0.00,0.00,'0','0',1,NULL,NULL,NULL,NULL,NULL,705,467),(5170,'2023-08-21','17000','J BROS CREME BARBA 100G','33071000','5405','53,95','1,00',0.00,0.00,53.00,0.00,0.00,'0','0',1,NULL,NULL,NULL,NULL,NULL,705,467),(5171,'2023-08-21','17153','JAFRA LEGEND PRIVE COLONIA  100 ML','33030020','5405','53,95','1,00',0.00,0.00,53.00,0.00,0.00,'0','0',1,NULL,NULL,NULL,NULL,NULL,705,467),(5172,'2023-08-21','17090','Adorisse Passion Colonia 50 ml','33030020','5405','77,94','1,00',0.00,0.00,77.00,0.00,0.00,'0','0',1,NULL,NULL,NULL,NULL,NULL,705,467),(5173,'2023-08-21','16650','JANDE COL DESODORANTE NAC 50ML','33072010','5405','71,34','2,00',0.00,0.00,142.00,0.00,0.00,'0','0',1,NULL,NULL,NULL,NULL,NULL,705,467),(5174,'2023-08-21','16091','SESTO SENSO COLONIA DESODORANT','33072010','5405','59,94','2,00',0.00,0.00,119.00,0.00,0.00,'0','0',1,NULL,NULL,NULL,NULL,NULL,705,467),(5175,'2023-08-21','7620','DEO PARFUM ADORISSE NIGHT 50 ML','33072010','5405','99,00','1,00',0.00,0.00,99.00,0.00,0.00,'0','0',1,NULL,NULL,NULL,NULL,NULL,705,467),(5176,'2023-08-21','16623','VESEN COL DESODORANTE NAC 50ML','33072010','5405','77,40','1,00',0.00,0.00,77.00,0.00,0.00,'0','0',1,NULL,NULL,NULL,NULL,NULL,705,467),(5177,'2023-08-21','17203','Catalogo ciclo 07 e 08/23','49111090','5910','3,31','1,00',0.00,0.00,3.00,0.00,0.00,'0','0',1,NULL,NULL,NULL,NULL,NULL,705,467),(5178,'2023-08-21','11148','BRIGHTENING D PO PEROLAS','33049910','5405','71,40','1,00',0.00,0.00,71.00,0.00,0.00,'0','0',1,NULL,NULL,NULL,NULL,NULL,706,468),(5179,'2023-08-21','16950','Desodorante Antitranspirante Roll-on Free To ','33072010','5405','17,94','2,00',0.00,0.00,35.00,0.00,0.00,'0','0',1,NULL,NULL,NULL,NULL,NULL,706,468),(5180,'2023-08-21','17033','LUNA BRIGHT MASCARA DE ARGILA 75 ML','33049990','5405','49,90','1,00',0.00,0.00,49.00,0.00,0.00,'0','0',1,NULL,NULL,NULL,NULL,NULL,706,468),(5181,'2023-08-21','17170','Hidratacao Regeneradora - Mascara 240 ml','33059000','5405','53,94','1,00',0.00,0.00,53.00,0.00,0.00,'0','0',1,NULL,NULL,NULL,NULL,NULL,706,468),(5182,'2023-08-21','17168','Hidratacao Regeneradora - Condicionador 240 m','33059000','5405','47,94','1,00',0.00,0.00,47.00,0.00,0.00,'0','0',1,NULL,NULL,NULL,NULL,NULL,706,468),(5183,'2023-08-21','17167','Hidratacao Regeneradora - Shampoo 240 ml','33051000','5405','41,94','1,00',0.00,0.00,41.00,0.00,0.00,'0','0',1,NULL,NULL,NULL,NULL,NULL,706,468),(5184,'2023-08-21','17001','J BROS BALM GEL LIMPEZA FACIAL 100ML','34013000','5405','9,90','1,00',0.00,0.00,9.00,0.00,0.00,'0','0',1,NULL,NULL,NULL,NULL,NULL,706,468),(5185,'2023-08-21','17203','Catalogo ciclo 07 e 08/23','49111090','5910','3,31','1,00',0.00,0.00,3.00,0.00,0.00,'0','0',1,NULL,NULL,NULL,NULL,NULL,706,468),(5186,'2023-08-21','16671','DIAMONDS COLONIA DES 50ML','33072010','5910','14,65','2,00',0.00,0.00,29.00,0.00,0.00,'0','0',1,NULL,NULL,NULL,NULL,NULL,707,608),(5187,'2023-08-21','11466','MAQUIAGEM FAC PO 2 EM 1 BEIGE','33049990','5405','39,90','1,00',0.00,0.00,39.00,0.00,0.00,'0','0',1,NULL,NULL,NULL,NULL,NULL,708,470),(5188,'2023-08-21','17054','JAFRA ROYAL BATOM MATTE CHIPOTLE','33041000','5405','46,14','1,00',0.00,0.00,46.00,0.00,0.00,'0','0',1,NULL,NULL,NULL,NULL,NULL,708,470),(5189,'2023-08-21','16091','SESTO SENSO COLONIA DESODORANT','33072010','5405','59,94','1,00',0.00,0.00,59.00,0.00,0.00,'0','0',1,NULL,NULL,NULL,NULL,NULL,708,470),(5190,'2023-08-21','17090','Adorisse Passion Colonia 50 ml','33030020','5405','77,94','1,00',0.00,0.00,77.00,0.00,0.00,'0','0',1,NULL,NULL,NULL,NULL,NULL,708,470),(5191,'2023-08-21','16952','Desodorante Antitranspirante Roll-on Free To ','33072090','5405','17,94','1,00',0.00,0.00,17.00,0.00,0.00,'0','0',1,NULL,NULL,NULL,NULL,NULL,708,470),(5192,'2023-08-21','16950','Desodorante Antitranspirante Roll-on Free To ','33072010','5405','17,94','1,00',0.00,0.00,17.00,0.00,0.00,'0','0',1,NULL,NULL,NULL,NULL,NULL,708,470),(5193,'2023-08-21','17000','J BROS CREME BARBA 100G','33071000','5405','53,95','1,00',0.00,0.00,53.00,0.00,0.00,'0','0',1,NULL,NULL,NULL,NULL,NULL,708,470),(5194,'2023-08-21','17153','JAFRA LEGEND PRIVE COLONIA  100 ML','33030020','5405','53,95','1,00',0.00,0.00,53.00,0.00,0.00,'0','0',1,NULL,NULL,NULL,NULL,NULL,708,470),(5195,'2023-08-21','17203','Catalogo ciclo 07 e 08/23','49111090','5910','3,31','1,00',0.00,0.00,3.00,0.00,0.00,'0','0',1,NULL,NULL,NULL,NULL,NULL,708,470),(5196,'2023-08-21','17143','SPA POWER UP LOCAO CORPORAL ESFOLIANTE REVIGO','33049990','5405','36,90','1,00',0.00,0.00,36.00,0.00,0.00,'0','0',1,NULL,NULL,NULL,NULL,NULL,709,471),(5197,'2023-08-21','17144','SPA POWER UP LOCAO CORPORAL HIDRATANTE REVIGO','33072010','5405','36,90','1,00',0.00,0.00,36.00,0.00,0.00,'0','0',1,NULL,NULL,NULL,NULL,NULL,709,471),(5198,'2023-08-21','17089','Gel Demaquilante para Area dos Olhos 30 ml','33049990','5405','16,80','1,00',0.00,0.00,16.00,0.00,0.00,'0','0',1,NULL,NULL,NULL,NULL,NULL,709,471),(5199,'2023-08-21','16091','SESTO SENSO COLONIA DESODORANT','33072010','5405','59,94','1,00',0.00,0.00,59.00,0.00,0.00,'0','0',1,NULL,NULL,NULL,NULL,NULL,709,471),(5200,'2023-08-21','17067','Royal Almond Sabonetes','34011190','5405','23,94','1,00',0.00,0.00,23.00,0.00,0.00,'0','0',1,NULL,NULL,NULL,NULL,NULL,709,471),(5201,'2023-08-21','17097','Base Always Amplo Espectro FPS 15  HONEY','33049990','5405','54,90','1,00',0.00,0.00,54.00,0.00,0.00,'0','0',1,NULL,NULL,NULL,NULL,NULL,709,471),(5202,'2023-08-21','16088','ROYAL JELLY SABONETE 5 UNID','34011190','5405','29,94','1,00',0.00,0.00,29.00,0.00,0.00,'0','0',1,NULL,NULL,NULL,NULL,NULL,709,471),(5203,'2023-08-21','16450','SACOLA FREEDOM TO BE YOU G','48192000','5102','5,00','1,00',0.00,0.00,5.00,0.00,0.00,'0','0',1,NULL,NULL,NULL,NULL,NULL,709,471),(5204,'2023-08-21','17120','InsideSkin with Royal Jelly','21069030','5102','59,94','1,00',0.00,0.00,59.00,0.00,0.00,'0','0',1,NULL,NULL,NULL,NULL,NULL,709,471),(5205,'2023-08-21','17203','Catalogo ciclo 07 e 08/23','49111090','5910','3,31','1,00',0.00,0.00,3.00,0.00,0.00,'0','0',1,NULL,NULL,NULL,NULL,NULL,709,471),(5206,'2023-08-21','16091','SESTO SENSO COLONIA DESODORANT','33072010','5405','59,94','2,00',0.00,0.00,119.00,0.00,0.00,'0','0',1,NULL,NULL,NULL,NULL,NULL,710,472),(5207,'2023-08-21','11213','COL DES JF9 CHROME 100ML','33072010','5405','65,94','2,00',0.00,0.00,131.00,0.00,0.00,'0','0',1,NULL,NULL,NULL,NULL,NULL,710,472),(5208,'2023-08-21','17144','SPA POWER UP LOCAO CORPORAL HIDRATANTE REVIGO','33072010','5405','36,90','2,00',0.00,0.00,73.00,0.00,0.00,'0','0',1,NULL,NULL,NULL,NULL,NULL,710,472),(5209,'2023-08-21','17143','SPA POWER UP LOCAO CORPORAL ESFOLIANTE REVIGO','33049990','5405','36,90','2,00',0.00,0.00,73.00,0.00,0.00,'0','0',1,NULL,NULL,NULL,NULL,NULL,710,472),(5210,'2023-08-21','17090','Adorisse Passion Colonia 50 ml','33030020','5405','77,94','1,00',0.00,0.00,77.00,0.00,0.00,'0','0',1,NULL,NULL,NULL,NULL,NULL,710,472),(5211,'2023-08-21','17121','JAFRA ROYAL CLEAR SMART TONICO FACIAL CLAREAD','33049910','5405','44,34','1,00',0.00,0.00,44.00,0.00,0.00,'0','0',1,NULL,NULL,NULL,NULL,NULL,710,472),(5212,'2023-08-21','17155','JAFRA SPA MASCARA DE LAMA  FACIAL E CORPORAL ','33049910','5405','59,94','1,00',0.00,0.00,59.00,0.00,0.00,'0','0',1,NULL,NULL,NULL,NULL,NULL,710,472),(5213,'2023-08-21','17203','Catalogo ciclo 07 e 08/23','49111090','5910','3,31','1,00',0.00,0.00,3.00,0.00,0.00,'0','0',1,NULL,NULL,NULL,NULL,NULL,710,472),(5214,'2023-08-21','16091','SESTO SENSO COLONIA DESODORANT','33072010','5405','59,94','2,00',0.00,0.00,119.00,0.00,0.00,'0','0',1,NULL,NULL,NULL,NULL,NULL,711,473),(5215,'2023-08-21','4366','Diamonds BLUSH 50ML','33072010','5405','65,94','1,00',0.00,0.00,65.00,0.00,0.00,'0','0',1,NULL,NULL,NULL,NULL,NULL,711,473),(5216,'2023-08-21','17079','Batom Cobertura Total Haute Pink','33041000','5405','27,54','1,00',0.00,0.00,27.00,0.00,0.00,'0','0',1,NULL,NULL,NULL,NULL,NULL,711,473),(5217,'2023-08-21','17140','SESTO SENSO IN AMORE COLONIA DESODORANTE 100 ','33072010','5405','83,40','1,00',0.00,0.00,83.00,0.00,0.00,'0','0',1,NULL,NULL,NULL,NULL,NULL,711,473),(5218,'2023-08-21','16952','Desodorante Antitranspirante Roll-on Free To ','33072090','5405','17,94','1,00',0.00,0.00,17.00,0.00,0.00,'0','0',1,NULL,NULL,NULL,NULL,NULL,711,473),(5219,'2023-08-21','17203','Catalogo ciclo 07 e 08/23','49111090','5910','3,31','1,00',0.00,0.00,3.00,0.00,0.00,'0','0',1,NULL,NULL,NULL,NULL,NULL,711,473),(5220,'2023-08-21','16658','ADORISSE PURE GOLD COLDES 50ML','33072010','5405','77,94','1,00',0.00,0.00,77.00,0.00,0.00,'0','0',1,NULL,NULL,NULL,NULL,NULL,712,474),(5221,'2023-08-21','4366','Diamonds BLUSH 50ML','33072010','5405','65,94','1,00',0.00,0.00,65.00,0.00,0.00,'0','0',1,NULL,NULL,NULL,NULL,NULL,712,474),(5222,'2023-08-21','84777','LEGEND HERO COL DES 100ML','33072010','5405','71,34','1,00',0.00,0.00,71.00,0.00,0.00,'0','0',1,NULL,NULL,NULL,NULL,NULL,712,474),(5223,'2023-08-21','17090','Adorisse Passion Colonia 50 ml','33030020','5405','77,94','2,00',0.00,0.00,155.00,0.00,0.00,'0','0',1,NULL,NULL,NULL,NULL,NULL,712,474),(5224,'2023-08-21','11148','BRIGHTENING D PO PEROLAS','33049910','5405','71,40','1,00',0.00,0.00,71.00,0.00,0.00,'0','0',1,NULL,NULL,NULL,NULL,NULL,712,474),(5225,'2023-08-21','17203','Catalogo ciclo 07 e 08/23','49111090','5910','3,31','1,00',0.00,0.00,3.00,0.00,0.00,'0','0',1,NULL,NULL,NULL,NULL,NULL,712,474),(5226,'2023-08-21','16091','SESTO SENSO COLONIA DESODORANT','33072010','5405','59,94','1,00',0.00,0.00,59.00,0.00,0.00,'0','0',1,NULL,NULL,NULL,NULL,NULL,713,475),(5227,'2023-08-21','11213','COL DES JF9 CHROME 100ML','33072010','5405','65,94','1,00',0.00,0.00,65.00,0.00,0.00,'0','0',1,NULL,NULL,NULL,NULL,NULL,713,475),(5228,'2023-08-21','84777','LEGEND HERO COL DES 100ML','33072010','5405','71,34','1,00',0.00,0.00,71.00,0.00,0.00,'0','0',1,NULL,NULL,NULL,NULL,NULL,713,475),(5229,'2023-08-21','17090','Adorisse Passion Colonia 50 ml','33030020','5405','77,94','1,00',0.00,0.00,77.00,0.00,0.00,'0','0',1,NULL,NULL,NULL,NULL,NULL,713,475),(5230,'2023-08-21','16658','ADORISSE PURE GOLD COLDES 50ML','33072010','5405','77,94','1,00',0.00,0.00,77.00,0.00,0.00,'0','0',1,NULL,NULL,NULL,NULL,NULL,713,475),(5231,'2023-08-21','17203','Catalogo ciclo 07 e 08/23','49111090','5910','3,31','1,00',0.00,0.00,3.00,0.00,0.00,'0','0',1,NULL,NULL,NULL,NULL,NULL,713,475),(5232,'2023-08-21','16092','LEGEND FOR MEN COL DEO 100ML','33072010','5405','89,40','1,00',0.00,0.00,89.00,0.00,0.00,'0','0',1,NULL,NULL,NULL,NULL,NULL,714,476),(5233,'2023-08-21','17120','InsideSkin with Royal Jelly','21069030','5102','59,94','2,00',0.00,0.00,119.00,0.00,0.00,'0','0',1,NULL,NULL,NULL,NULL,NULL,714,476),(5234,'2023-08-21','17166','InsideEnergy with Royal Jelly and Hyaluronic ','21069030','5102','95,40','1,00',0.00,0.00,95.00,0.00,0.00,'0','0',1,NULL,NULL,NULL,NULL,NULL,714,476),(5235,'2023-08-21','17016','ROYAL BOOST  CREME FACIAL HIDRATANTE 50ML','33049910','5910','5,89','1,00',0.00,0.00,5.00,0.00,0.00,'0','0',1,NULL,NULL,NULL,NULL,NULL,714,476),(5236,'2023-08-21','17203','Catalogo ciclo 07 e 08/23','49111090','5910','3,31','1,00',0.00,0.00,3.00,0.00,0.00,'0','0',1,NULL,NULL,NULL,NULL,NULL,714,476),(5237,'2023-08-21','4340','BATOM MATTE LOVE AFFAIR 4G','33041000','5405','27,54','1,00',0.00,0.00,27.00,0.00,0.00,'0','0',1,NULL,NULL,NULL,NULL,NULL,715,477),(5238,'2023-08-21','16091','SESTO SENSO COLONIA DESODORANT','33072010','5405','59,94','3,00',0.00,0.00,179.00,0.00,0.00,'0','0',1,NULL,NULL,NULL,NULL,NULL,715,477),(5239,'2023-08-21','17165','Eau D Aromes Deo Colonia 100ml - Limited Edit','33072010','5405','77,40','1,00',0.00,0.00,77.00,0.00,0.00,'0','0',1,NULL,NULL,NULL,NULL,NULL,715,477),(5240,'2023-08-21','16090','JF9 BLACK DEO COL 100ML','33072010','5405','83,40','1,00',0.00,0.00,83.00,0.00,0.00,'0','0',1,NULL,NULL,NULL,NULL,NULL,715,477),(5241,'2023-08-21','17203','Catalogo ciclo 07 e 08/23','49111090','5910','3,31','1,00',0.00,0.00,3.00,0.00,0.00,'0','0',1,NULL,NULL,NULL,NULL,NULL,715,477),(5242,'2023-08-21','16091','SESTO SENSO COLONIA DESODORANT','33072010','5405','59,94','1,00',0.00,0.00,59.00,0.00,0.00,'0','0',1,NULL,NULL,NULL,NULL,NULL,716,478),(5243,'2023-08-21','16658','ADORISSE PURE GOLD COLDES 50ML','33072010','5405','77,94','1,00',0.00,0.00,77.00,0.00,0.00,'0','0',1,NULL,NULL,NULL,NULL,NULL,716,478),(5244,'2023-08-21','17165','Eau D Aromes Deo Colonia 100ml - Limited Edit','33072010','5405','77,40','1,00',0.00,0.00,77.00,0.00,0.00,'0','0',1,NULL,NULL,NULL,NULL,NULL,716,478),(5245,'2023-08-21','16656','ADORISSE COLONIA DES 50ML','33072010','5405','99,00','1,00',0.00,0.00,99.00,0.00,0.00,'0','0',1,NULL,NULL,NULL,NULL,NULL,716,478),(5246,'2023-08-21','16458','GARDENIA COL DES BR 50ML','33030020','5405','99,00','1,00',0.00,0.00,99.00,0.00,0.00,'0','0',1,NULL,NULL,NULL,NULL,NULL,716,478),(5247,'2023-08-21','16757','ADORISSE VELVET COL DES 50ML','33072010','5405','99,00','1,00',0.00,0.00,99.00,0.00,0.00,'0','0',1,NULL,NULL,NULL,NULL,NULL,716,478),(5248,'2023-08-21','16623','VESEN COL DESODORANTE NAC 50ML','33072010','5405','77,40','1,00',0.00,0.00,77.00,0.00,0.00,'0','0',1,NULL,NULL,NULL,NULL,NULL,716,478),(5249,'2023-08-21','16092','LEGEND FOR MEN COL DEO 100ML','33072010','5405','89,40','2,00',0.00,0.00,178.00,0.00,0.00,'0','0',1,NULL,NULL,NULL,NULL,NULL,716,478),(5250,'2023-08-21','17044','COLONIA ABSOLUTE LEATHER','33030020','5910','19,79','1,00',0.00,0.00,19.00,0.00,0.00,'0','0',1,NULL,NULL,NULL,NULL,NULL,716,478),(5251,'2023-08-21','17203','Catalogo ciclo 07 e 08/23','49111090','5910','3,31','1,00',0.00,0.00,3.00,0.00,0.00,'0','0',1,NULL,NULL,NULL,NULL,NULL,716,478),(5252,'2023-08-21','16458','GARDENIA COL DES BR 50ML','33030020','5405','99,00','1,00',0.00,0.00,99.00,0.00,0.00,'0','0',1,NULL,NULL,NULL,NULL,NULL,717,609),(5253,'2023-08-21','16623','VESEN COL DESODORANTE NAC 50ML','33072010','5405','77,40','1,00',0.00,0.00,77.00,0.00,0.00,'0','0',1,NULL,NULL,NULL,NULL,NULL,717,609),(5254,'2023-08-21','16090','JF9 BLACK DEO COL 100ML','33072010','5405','83,40','1,00',0.00,0.00,83.00,0.00,0.00,'0','0',1,NULL,NULL,NULL,NULL,NULL,717,609),(5255,'2023-08-21','16088','ROYAL JELLY SABONETE 5 UNID','34011190','5405','29,94','1,00',0.00,0.00,29.00,0.00,0.00,'0','0',1,NULL,NULL,NULL,NULL,NULL,717,609),(5256,'2023-08-21','17000','J BROS CREME BARBA 100G','33071000','5405','24,54','1,00',0.00,0.00,24.00,0.00,0.00,'0','0',1,NULL,NULL,NULL,NULL,NULL,717,609),(5257,'2023-08-21','17203','Catalogo ciclo 07 e 08/23','49111090','5910','3,31','1,00',0.00,0.00,3.00,0.00,0.00,'0','0',1,NULL,NULL,NULL,NULL,NULL,717,609),(5258,'2023-08-21','16460','J-SPORT DEO COL 100ML','33072010','5405','65,73','1,00',0.00,0.00,65.00,0.00,0.00,'0','0',1,NULL,NULL,NULL,NULL,NULL,718,610),(5259,'2023-08-21','16757','ADORISSE VELVET COL DES 50ML','33072010','5405','65,73','1,00',0.00,0.00,65.00,0.00,0.00,'0','0',1,NULL,NULL,NULL,NULL,NULL,718,610),(5260,'2023-08-21','17153','JAFRA LEGEND PRIVE COLONIA  100 ML','33030020','5405','65,73','1,00',0.00,0.00,65.00,0.00,0.00,'0','0',1,NULL,NULL,NULL,NULL,NULL,718,610),(5261,'2023-08-21','17165','Eau D Aromes Deo Colonia 100ml - Limited Edit','33072010','5405','77,40','2,00',0.00,0.00,154.00,0.00,0.00,'0','0',1,NULL,NULL,NULL,NULL,NULL,718,610),(5262,'2023-08-21','17203','Catalogo ciclo 07 e 08/23','49111090','5910','3,31','1,00',0.00,0.00,3.00,0.00,0.00,'0','0',1,NULL,NULL,NULL,NULL,NULL,718,610),(5263,'2023-08-21','17090','Adorisse Passion Colonia 50 ml','33030020','5405','77,94','3,00',0.00,0.00,233.00,0.00,0.00,'0','0',1,NULL,NULL,NULL,NULL,NULL,719,611),(5264,'2023-08-21','16090','JF9 BLACK DEO COL 100ML','33072010','5405','60,40','1,00',0.00,0.00,60.00,0.00,0.00,'0','0',1,NULL,NULL,NULL,NULL,NULL,719,611),(5265,'2023-08-21','16656','ADORISSE COLONIA DES 50ML','33072010','5405','60,40','1,00',0.00,0.00,60.00,0.00,0.00,'0','0',1,NULL,NULL,NULL,NULL,NULL,719,611),(5266,'2023-08-21','17044','COLONIA ABSOLUTE LEATHER','33030020','5405','60,40','1,00',0.00,0.00,60.00,0.00,0.00,'0','0',1,NULL,NULL,NULL,NULL,NULL,719,611),(5267,'2023-08-21','17203','Catalogo ciclo 07 e 08/23','49111090','5910','3,31','1,00',0.00,0.00,3.00,0.00,0.00,'0','0',1,NULL,NULL,NULL,NULL,NULL,719,611),(5268,'2023-08-21','16090','JF9 BLACK DEO COL 100ML','33072010','5405','60,40','3,00',0.00,0.00,181.00,0.00,0.00,'0','0',1,NULL,NULL,NULL,NULL,NULL,720,612),(5269,'2023-08-21','16656','ADORISSE COLONIA DES 50ML','33072010','5405','60,40','3,00',0.00,0.00,181.00,0.00,0.00,'0','0',1,NULL,NULL,NULL,NULL,NULL,720,612),(5270,'2023-08-21','17044','COLONIA ABSOLUTE LEATHER','33030020','5405','60,40','3,00',0.00,0.00,181.00,0.00,0.00,'0','0',1,NULL,NULL,NULL,NULL,NULL,720,612),(5271,'2023-08-21','16650','JANDE COL DESODORANTE NAC 50ML','33072010','5405','71,34','1,00',0.00,0.00,71.00,0.00,0.00,'0','0',1,NULL,NULL,NULL,NULL,NULL,720,612),(5272,'2023-08-21','16091','SESTO SENSO COLONIA DESODORANT','33072010','5405','59,94','2,00',0.00,0.00,119.00,0.00,0.00,'0','0',1,NULL,NULL,NULL,NULL,NULL,720,612),(5273,'2023-08-21','17203','Catalogo ciclo 07 e 08/23','49111090','5910','3,31','1,00',0.00,0.00,3.00,0.00,0.00,'0','0',1,NULL,NULL,NULL,NULL,NULL,720,612),(5274,'2023-08-21','16090','JF9 BLACK DEO COL 100ML','33072010','5405','60,40','2,00',0.00,0.00,120.00,0.00,0.00,'0','0',1,NULL,NULL,NULL,NULL,NULL,721,560),(5275,'2023-08-21','16656','ADORISSE COLONIA DES 50ML','33072010','5405','60,40','2,00',0.00,0.00,120.00,0.00,0.00,'0','0',1,NULL,NULL,NULL,NULL,NULL,721,560),(5276,'2023-08-21','17044','COLONIA ABSOLUTE LEATHER','33030020','5405','60,40','2,00',0.00,0.00,120.00,0.00,0.00,'0','0',1,NULL,NULL,NULL,NULL,NULL,721,560),(5277,'2023-08-21','16954','Hidratante Desodorante Corporal Free To Be Ki','33072090','5405','47,94','2,00',0.00,0.00,95.00,0.00,0.00,'0','0',1,NULL,NULL,NULL,NULL,NULL,721,560),(5278,'2023-08-21','16956','Hidratante Desodorante Corporal Free To Be Ne','33072090','5405','47,94','2,00',0.00,0.00,95.00,0.00,0.00,'0','0',1,NULL,NULL,NULL,NULL,NULL,721,560),(5279,'2023-08-21','16948','Colonia Desodorante Splash Free To Be New 250','33072010','5405','41,94','2,00',0.00,0.00,83.00,0.00,0.00,'0','0',1,NULL,NULL,NULL,NULL,NULL,721,560),(5280,'2023-08-21','16946','Colonia Desodorante Splash Free To Be Kind 25','33072010','5405','41,94','2,00',0.00,0.00,83.00,0.00,0.00,'0','0',1,NULL,NULL,NULL,NULL,NULL,721,560),(5281,'2023-08-21','17000','J BROS CREME BARBA 100G','33071000','5405','24,54','1,00',0.00,0.00,24.00,0.00,0.00,'0','0',1,NULL,NULL,NULL,NULL,NULL,721,560),(5282,'2023-08-21','16091','SESTO SENSO COLONIA DESODORANT','33072010','5405','59,94','2,00',0.00,0.00,119.00,0.00,0.00,'0','0',1,NULL,NULL,NULL,NULL,NULL,721,560),(5283,'2023-08-21','17165','Eau D Aromes Deo Colonia 100ml - Limited Edit','33072010','5405','77,40','1,00',0.00,0.00,77.00,0.00,0.00,'0','0',1,NULL,NULL,NULL,NULL,NULL,721,560),(5284,'2023-08-21','11213','COL DES JF9 CHROME 100ML','33072010','5405','65,94','2,00',0.00,0.00,131.00,0.00,0.00,'0','0',1,NULL,NULL,NULL,NULL,NULL,721,560),(5285,'2023-08-21','17203','Catalogo ciclo 07 e 08/23','49111090','5910','3,31','1,00',0.00,0.00,3.00,0.00,0.00,'0','0',1,NULL,NULL,NULL,NULL,NULL,721,560),(5286,'2023-08-21','16090','JF9 BLACK DEO COL 100ML','33072010','5405','60,40','1,00',0.00,0.00,60.00,0.00,0.00,'0','0',1,NULL,NULL,NULL,NULL,NULL,722,613),(5287,'2023-08-21','16656','ADORISSE COLONIA DES 50ML','33072010','5405','60,40','1,00',0.00,0.00,60.00,0.00,0.00,'0','0',1,NULL,NULL,NULL,NULL,NULL,722,613),(5288,'2023-08-21','17044','COLONIA ABSOLUTE LEATHER','33030020','5405','60,40','1,00',0.00,0.00,60.00,0.00,0.00,'0','0',1,NULL,NULL,NULL,NULL,NULL,722,613),(5289,'2023-08-21','7620','DEO PARFUM ADORISSE NIGHT 50 ML','33072010','5405','99,00','1,00',0.00,0.00,99.00,0.00,0.00,'0','0',1,NULL,NULL,NULL,NULL,NULL,722,613),(5290,'2023-08-21','17141','Kit 14 Amostras Fragrancias Femininas 2,5ml','33072010','5405','26,90','1,00',0.00,0.00,26.00,0.00,0.00,'0','0',1,NULL,NULL,NULL,NULL,NULL,722,613),(5291,'2023-08-21','17016','ROYAL BOOST  CREME FACIAL HIDRATANTE 50ML','33049910','5910','5,89','1,00',0.00,0.00,5.00,0.00,0.00,'0','0',1,NULL,NULL,NULL,NULL,NULL,722,613),(5292,'2023-08-21','17203','Catalogo ciclo 07 e 08/23','49111090','5910','3,31','1,00',0.00,0.00,3.00,0.00,0.00,'0','0',1,NULL,NULL,NULL,NULL,NULL,722,613),(5293,'2023-08-21','16090','JF9 BLACK DEO COL 100ML','33072010','5405','60,40','2,00',0.00,0.00,120.00,0.00,0.00,'0','0',1,NULL,NULL,NULL,NULL,NULL,723,614),(5294,'2023-08-21','16656','ADORISSE COLONIA DES 50ML','33072010','5405','60,40','2,00',0.00,0.00,120.00,0.00,0.00,'0','0',1,NULL,NULL,NULL,NULL,NULL,723,614),(5295,'2023-08-21','17044','COLONIA ABSOLUTE LEATHER','33030020','5405','60,40','2,00',0.00,0.00,120.00,0.00,0.00,'0','0',1,NULL,NULL,NULL,NULL,NULL,723,614),(5296,'2023-08-21','17203','Catalogo ciclo 07 e 08/23','49111090','5910','3,31','1,00',0.00,0.00,3.00,0.00,0.00,'0','0',1,NULL,NULL,NULL,NULL,NULL,723,614),(5297,'2023-08-21','16090','JF9 BLACK DEO COL 100ML','33072010','5405','60,40','1,00',0.00,0.00,60.00,0.00,0.00,'0','0',1,NULL,NULL,NULL,NULL,NULL,724,615),(5298,'2023-08-21','16656','ADORISSE COLONIA DES 50ML','33072010','5405','60,40','1,00',0.00,0.00,60.00,0.00,0.00,'0','0',1,NULL,NULL,NULL,NULL,NULL,724,615),(5299,'2023-08-21','17044','COLONIA ABSOLUTE LEATHER','33030020','5405','60,40','1,00',0.00,0.00,60.00,0.00,0.00,'0','0',1,NULL,NULL,NULL,NULL,NULL,724,615),(5300,'2023-08-21','17140','SESTO SENSO IN AMORE COLONIA DESODORANTE 100 ','33072010','5405','83,40','1,00',0.00,0.00,83.00,0.00,0.00,'0','0',1,NULL,NULL,NULL,NULL,NULL,724,615),(5301,'2023-08-21','17165','Eau D Aromes Deo Colonia 100ml - Limited Edit','33072010','5405','63,90','1,00',0.00,0.00,63.00,0.00,0.00,'0','0',1,NULL,NULL,NULL,NULL,NULL,724,615),(5302,'2023-08-21','17203','Catalogo ciclo 07 e 08/23','49111090','5910','3,31','1,00',0.00,0.00,3.00,0.00,0.00,'0','0',1,NULL,NULL,NULL,NULL,NULL,724,615),(5303,'2023-08-21','84777','LEGEND HERO COL DES 100ML','33072010','5405','35,84','2,00',0.00,0.00,71.00,0.00,0.00,'0','0',1,NULL,NULL,NULL,NULL,NULL,725,616),(5304,'2023-08-21','17151','JAFRA DOUBLE NATURE SEXY COLONIA 50 ML','33030020','5405','35,84','2,00',0.00,0.00,71.00,0.00,0.00,'0','0',1,NULL,NULL,NULL,NULL,NULL,725,616),(5305,'2023-08-21','17152','JAFRA DOUBLE NATURE TENDER COLONIA 50 ML','33030020','5405','35,84','2,00',0.00,0.00,71.00,0.00,0.00,'0','0',1,NULL,NULL,NULL,NULL,NULL,725,616),(5306,'2023-08-21','17154','JAFRA VESEN DELICE COLONIA  50 ML','33030020','5405','35,84','2,00',0.00,0.00,71.00,0.00,0.00,'0','0',1,NULL,NULL,NULL,NULL,NULL,725,616),(5307,'2023-08-21','16090','JF9 BLACK DEO COL 100ML','33072010','5405','60,40','1,00',0.00,0.00,60.00,0.00,0.00,'0','0',1,NULL,NULL,NULL,NULL,NULL,725,616),(5308,'2023-08-21','16656','ADORISSE COLONIA DES 50ML','33072010','5405','60,40','1,00',0.00,0.00,60.00,0.00,0.00,'0','0',1,NULL,NULL,NULL,NULL,NULL,725,616),(5309,'2023-08-21','17044','COLONIA ABSOLUTE LEATHER','33030020','5405','60,40','1,00',0.00,0.00,60.00,0.00,0.00,'0','0',1,NULL,NULL,NULL,NULL,NULL,725,616),(5310,'2023-08-21','17203','Catalogo ciclo 07 e 08/23','49111090','5910','3,31','1,00',0.00,0.00,3.00,0.00,0.00,'0','0',1,NULL,NULL,NULL,NULL,NULL,725,616),(5311,'2023-08-21','16090','JF9 BLACK DEO COL 100ML','33072010','5405','60,40','1,00',0.00,0.00,60.00,0.00,0.00,'0','0',1,NULL,NULL,NULL,NULL,NULL,726,616),(5312,'2023-08-21','16656','ADORISSE COLONIA DES 50ML','33072010','5405','60,40','1,00',0.00,0.00,60.00,0.00,0.00,'0','0',1,NULL,NULL,NULL,NULL,NULL,726,616),(5313,'2023-08-21','17044','COLONIA ABSOLUTE LEATHER','33030020','5405','60,40','1,00',0.00,0.00,60.00,0.00,0.00,'0','0',1,NULL,NULL,NULL,NULL,NULL,726,616),(5314,'2023-08-21','17165','Eau D Aromes Deo Colonia 100ml - Limited Edit','33072010','5405','63,90','2,00',0.00,0.00,127.00,0.00,0.00,'0','0',1,NULL,NULL,NULL,NULL,NULL,726,616),(5315,'2023-08-21','17203','Catalogo ciclo 07 e 08/23','49111090','5910','3,31','1,00',0.00,0.00,3.00,0.00,0.00,'0','0',1,NULL,NULL,NULL,NULL,NULL,726,616),(5316,'2023-08-21','4366','Diamonds BLUSH 50ML','33072010','5405','65,94','1,00',0.00,0.00,65.00,0.00,0.00,'0','0',1,NULL,NULL,NULL,NULL,NULL,727,617),(5317,'2023-08-21','17165','Eau D Aromes Deo Colonia 100ml - Limited Edit','33072010','5405','63,90','2,00',0.00,0.00,127.00,0.00,0.00,'0','0',1,NULL,NULL,NULL,NULL,NULL,727,617),(5318,'2023-08-21','16091','SESTO SENSO COLONIA DESODORANT','33072010','5405','59,94','1,00',0.00,0.00,59.00,0.00,0.00,'0','0',1,NULL,NULL,NULL,NULL,NULL,727,617),(5319,'2023-08-21','13078','BLUSH EM PO TERRA COTTA','33049100','5405','18,90','1,00',0.00,0.00,18.00,0.00,0.00,'0','0',1,NULL,NULL,NULL,NULL,NULL,727,617),(5320,'2023-08-21','17063','JAFRA ROYAL JELLY BATOM GILDED BRONZE','33041000','5405','46,14','1,00',0.00,0.00,46.00,0.00,0.00,'0','0',1,NULL,NULL,NULL,NULL,NULL,727,617),(5321,'2023-08-21','17203','Catalogo ciclo 07 e 08/23','49111090','5910','3,31','1,00',0.00,0.00,3.00,0.00,0.00,'0','0',1,NULL,NULL,NULL,NULL,NULL,727,617),(5322,'2023-08-21','84777','LEGEND HERO COL DES 100ML','33072010','5405','35,84','1,00',0.00,0.00,35.00,0.00,0.00,'0','0',1,NULL,NULL,NULL,NULL,NULL,728,618),(5323,'2023-08-21','17151','JAFRA DOUBLE NATURE SEXY COLONIA 50 ML','33030020','5405','35,84','1,00',0.00,0.00,35.00,0.00,0.00,'0','0',1,NULL,NULL,NULL,NULL,NULL,728,618),(5324,'2023-08-21','17152','JAFRA DOUBLE NATURE TENDER COLONIA 50 ML','33030020','5405','35,84','1,00',0.00,0.00,35.00,0.00,0.00,'0','0',1,NULL,NULL,NULL,NULL,NULL,728,618),(5325,'2023-08-21','17154','JAFRA VESEN DELICE COLONIA  50 ML','33030020','5405','35,84','1,00',0.00,0.00,35.00,0.00,0.00,'0','0',1,NULL,NULL,NULL,NULL,NULL,728,618),(5326,'2023-08-21','16650','JANDE COL DESODORANTE NAC 50ML','33072010','5405','71,34','1,00',0.00,0.00,71.00,0.00,0.00,'0','0',1,NULL,NULL,NULL,NULL,NULL,728,618),(5327,'2023-08-21','16091','SESTO SENSO COLONIA DESODORANT','33072010','5405','59,94','1,00',0.00,0.00,59.00,0.00,0.00,'0','0',1,NULL,NULL,NULL,NULL,NULL,728,618),(5328,'2023-08-21','11213','COL DES JF9 CHROME 100ML','33072010','5405','65,94','1,00',0.00,0.00,65.00,0.00,0.00,'0','0',1,NULL,NULL,NULL,NULL,NULL,728,618),(5329,'2023-08-21','17203','Catalogo ciclo 07 e 08/23','49111090','5910','3,31','1,00',0.00,0.00,3.00,0.00,0.00,'0','0',1,NULL,NULL,NULL,NULL,NULL,728,618),(5330,'2023-08-21','17165','Eau D Aromes Deo Colonia 100ml - Limited Edit','33072010','5405','63,90','1,00',0.00,0.00,63.00,0.00,0.00,'0','0',1,NULL,NULL,NULL,NULL,NULL,729,619),(5331,'2023-08-21','16091','SESTO SENSO COLONIA DESODORANT','33072010','5405','59,94','1,00',0.00,0.00,59.00,0.00,0.00,'0','0',1,NULL,NULL,NULL,NULL,NULL,729,619),(5332,'2023-08-21','17090','Adorisse Passion Colonia 50 ml','33030020','5405','77,94','1,00',0.00,0.00,77.00,0.00,0.00,'0','0',1,NULL,NULL,NULL,NULL,NULL,729,619),(5333,'2023-08-21','18000','Embalagem Presenteavel Colmeia Roxa','48195000','5102','2,90','3,00',0.00,0.00,8.00,0.00,0.00,'0','0',1,NULL,NULL,NULL,NULL,NULL,729,619),(5334,'2023-08-21','17057','FRAGRANCIA JF9 GOLD','33072010','5405','83,40','2,00',0.00,0.00,166.00,0.00,0.00,'0','0',1,NULL,NULL,NULL,NULL,NULL,729,619),(5335,'2023-08-21','11213','COL DES JF9 CHROME 100ML','33072010','5405','65,94','1,00',0.00,0.00,65.00,0.00,0.00,'0','0',1,NULL,NULL,NULL,NULL,NULL,729,619),(5336,'2023-08-21','11466','MAQUIAGEM FAC PO 2 EM 1 BEIGE','33049990','5405','39,90','1,00',0.00,0.00,39.00,0.00,0.00,'0','0',1,NULL,NULL,NULL,NULL,NULL,729,619),(5337,'2023-08-21','13081','TRIO DE SOMBRAS CAPUCCINO','33042010','5405','21,90','1,00',0.00,0.00,21.00,0.00,0.00,'0','0',1,NULL,NULL,NULL,NULL,NULL,729,619),(5338,'2023-08-21','17203','Catalogo ciclo 07 e 08/23','49111090','5910','3,31','1,00',0.00,0.00,3.00,0.00,0.00,'0','0',1,NULL,NULL,NULL,NULL,NULL,729,619),(5339,'2023-08-21','84777','LEGEND HERO COL DES 100ML','33072010','5405','35,84','2,00',0.00,0.00,71.00,0.00,0.00,'0','0',1,NULL,NULL,NULL,NULL,NULL,730,620),(5340,'2023-08-21','17151','JAFRA DOUBLE NATURE SEXY COLONIA 50 ML','33030020','5405','35,84','2,00',0.00,0.00,71.00,0.00,0.00,'0','0',1,NULL,NULL,NULL,NULL,NULL,730,620),(5341,'2023-08-21','17152','JAFRA DOUBLE NATURE TENDER COLONIA 50 ML','33030020','5405','35,84','2,00',0.00,0.00,71.00,0.00,0.00,'0','0',1,NULL,NULL,NULL,NULL,NULL,730,620),(5342,'2023-08-21','17154','JAFRA VESEN DELICE COLONIA  50 ML','33030020','5405','35,84','2,00',0.00,0.00,71.00,0.00,0.00,'0','0',1,NULL,NULL,NULL,NULL,NULL,730,620),(5343,'2023-08-21','19044','MOCHILA JAFRA','42022900','5102','79,00','1,00',0.00,0.00,79.00,0.00,0.00,'0','0',1,NULL,NULL,NULL,NULL,NULL,730,620),(5344,'2023-08-21','17203','Catalogo ciclo 07 e 08/23','49111090','5910','3,31','1,00',0.00,0.00,3.00,0.00,0.00,'0','0',1,NULL,NULL,NULL,NULL,NULL,730,620),(5345,'2023-08-21','84777','LEGEND HERO COL DES 100ML','33072010','5405','35,84','1,00',0.00,0.00,35.00,0.00,0.00,'0','0',1,NULL,NULL,NULL,NULL,NULL,731,621),(5346,'2023-08-21','17151','JAFRA DOUBLE NATURE SEXY COLONIA 50 ML','33030020','5405','35,84','1,00',0.00,0.00,35.00,0.00,0.00,'0','0',1,NULL,NULL,NULL,NULL,NULL,731,621),(5347,'2023-08-21','17152','JAFRA DOUBLE NATURE TENDER COLONIA 50 ML','33030020','5405','35,84','1,00',0.00,0.00,35.00,0.00,0.00,'0','0',1,NULL,NULL,NULL,NULL,NULL,731,621),(5348,'2023-08-21','17154','JAFRA VESEN DELICE COLONIA  50 ML','33030020','5405','35,84','1,00',0.00,0.00,35.00,0.00,0.00,'0','0',1,NULL,NULL,NULL,NULL,NULL,731,621),(5349,'2023-08-21','16458','GARDENIA COL DES BR 50ML','33030020','5405','99,00','1,00',0.00,0.00,99.00,0.00,0.00,'0','0',1,NULL,NULL,NULL,NULL,NULL,731,621),(5350,'2023-08-21','16091','SESTO SENSO COLONIA DESODORANT','33072010','5405','59,94','1,00',0.00,0.00,59.00,0.00,0.00,'0','0',1,NULL,NULL,NULL,NULL,NULL,731,621),(5351,'2023-08-21','16669','J SPORT XTREME COL DES NAC','33072010','5405','65,90','1,00',0.00,0.00,65.00,0.00,0.00,'0','0',1,NULL,NULL,NULL,NULL,NULL,731,621),(5352,'2023-08-21','17203','Catalogo ciclo 07 e 08/23','49111090','5910','3,31','1,00',0.00,0.00,3.00,0.00,0.00,'0','0',1,NULL,NULL,NULL,NULL,NULL,731,621),(5353,'2023-08-21','4366','Diamonds BLUSH 50ML','33072010','5405','65,94','1,00',0.00,0.00,65.00,0.00,0.00,'0','0',1,NULL,NULL,NULL,NULL,NULL,732,622),(5354,'2023-08-21','16091','SESTO SENSO COLONIA DESODORANT','33072010','5405','59,94','2,00',0.00,0.00,119.00,0.00,0.00,'0','0',1,NULL,NULL,NULL,NULL,NULL,732,622),(5355,'2023-08-21','17120','InsideSkin with Royal Jelly','21069030','5102','59,94','2,00',0.00,0.00,119.00,0.00,0.00,'0','0',1,NULL,NULL,NULL,NULL,NULL,732,622),(5356,'2023-08-21','17075','Royal Defy Lift Tratamento para Olhos Express','33049990','5405','131,94','1,00',0.00,0.00,131.00,0.00,0.00,'0','0',1,NULL,NULL,NULL,NULL,NULL,732,622),(5357,'2023-08-21','16458','GARDENIA COL DES BR 50ML','33030020','5405','99,00','1,00',0.00,0.00,99.00,0.00,0.00,'0','0',1,NULL,NULL,NULL,NULL,NULL,732,622),(5358,'2023-08-21','16088','ROYAL JELLY SABONETE 5 UNID','34011190','5405','29,94','1,00',0.00,0.00,29.00,0.00,0.00,'0','0',1,NULL,NULL,NULL,NULL,NULL,732,622),(5359,'2023-08-21','17203','Catalogo ciclo 07 e 08/23','49111090','5910','3,31','1,00',0.00,0.00,3.00,0.00,0.00,'0','0',1,NULL,NULL,NULL,NULL,NULL,732,622),(5360,'2023-08-21','16090','JF9 BLACK DEO COL 100ML','33072010','5405','60,40','1,00',0.00,0.00,60.00,0.00,0.00,'0','0',1,NULL,NULL,NULL,NULL,NULL,733,623),(5361,'2023-08-21','16656','ADORISSE COLONIA DES 50ML','33072010','5405','60,40','1,00',0.00,0.00,60.00,0.00,0.00,'0','0',1,NULL,NULL,NULL,NULL,NULL,733,623),(5362,'2023-08-21','17044','COLONIA ABSOLUTE LEATHER','33030020','5405','60,40','1,00',0.00,0.00,60.00,0.00,0.00,'0','0',1,NULL,NULL,NULL,NULL,NULL,733,623),(5363,'2023-08-21','17140','SESTO SENSO IN AMORE COLONIA DESODORANTE 100 ','33072010','5405','83,40','1,00',0.00,0.00,83.00,0.00,0.00,'0','0',1,NULL,NULL,NULL,NULL,NULL,733,623),(5364,'2023-08-21','17165','Eau D Aromes Deo Colonia 100ml - Limited Edit','33072010','5405','63,90','1,00',0.00,0.00,63.00,0.00,0.00,'0','0',1,NULL,NULL,NULL,NULL,NULL,733,623),(5365,'2023-08-21','17203','Catalogo ciclo 07 e 08/23','49111090','5910','3,31','1,00',0.00,0.00,3.00,0.00,0.00,'0','0',1,NULL,NULL,NULL,NULL,NULL,733,623),(5366,'2023-08-21','84777','LEGEND HERO COL DES 100ML','33072010','5405','71,34','6,00',0.00,0.00,428.00,0.00,0.00,'0','0',1,NULL,NULL,NULL,NULL,NULL,734,624),(5367,'2023-08-21','17120','InsideSkin with Royal Jelly','21069030','5102','59,94','3,00',0.00,0.00,179.00,0.00,0.00,'0','0',1,NULL,NULL,NULL,NULL,NULL,734,624),(5368,'2023-08-21','17083','Kit 11 Amostras Fragrancias Masculinas 2,5ml','33072010','5405','19,90','1,00',0.00,0.00,19.00,0.00,0.00,'0','0',1,NULL,NULL,NULL,NULL,NULL,734,624),(5369,'2023-08-21','17203','Catalogo ciclo 07 e 08/23','49111090','5910','3,31','1,00',0.00,0.00,3.00,0.00,0.00,'0','0',1,NULL,NULL,NULL,NULL,NULL,734,624),(5370,'2023-08-21','16090','JF9 BLACK DEO COL 100ML','33072010','5405','60,40','1,00',0.00,0.00,60.00,0.00,0.00,'0','0',1,NULL,NULL,NULL,NULL,NULL,735,625),(5371,'2023-08-21','16656','ADORISSE COLONIA DES 50ML','33072010','5405','60,40','1,00',0.00,0.00,60.00,0.00,0.00,'0','0',1,NULL,NULL,NULL,NULL,NULL,735,625),(5372,'2023-08-21','17044','COLONIA ABSOLUTE LEATHER','33030020','5405','60,40','1,00',0.00,0.00,60.00,0.00,0.00,'0','0',1,NULL,NULL,NULL,NULL,NULL,735,625),(5373,'2023-08-21','16092','LEGEND FOR MEN COL DEO 100ML','33072010','5405','89,40','2,00',0.00,0.00,178.00,0.00,0.00,'0','0',1,NULL,NULL,NULL,NULL,NULL,735,625),(5374,'2023-08-21','17203','Catalogo ciclo 07 e 08/23','49111090','5910','3,31','1,00',0.00,0.00,3.00,0.00,0.00,'0','0',1,NULL,NULL,NULL,NULL,NULL,735,625),(5375,'2023-08-21','16090','JF9 BLACK DEO COL 100ML','33072010','5405','60,40','1,00',0.00,0.00,60.00,0.00,0.00,'0','0',1,NULL,NULL,NULL,NULL,NULL,736,626),(5376,'2023-08-21','16656','ADORISSE COLONIA DES 50ML','33072010','5405','60,40','1,00',0.00,0.00,60.00,0.00,0.00,'0','0',1,NULL,NULL,NULL,NULL,NULL,736,626),(5377,'2023-08-21','17044','COLONIA ABSOLUTE LEATHER','33030020','5405','60,40','1,00',0.00,0.00,60.00,0.00,0.00,'0','0',1,NULL,NULL,NULL,NULL,NULL,736,626),(5378,'2023-08-21','19044','MOCHILA JAFRA','42022900','5102','79,00','1,00',0.00,0.00,79.00,0.00,0.00,'0','0',1,NULL,NULL,NULL,NULL,NULL,736,626),(5379,'2023-08-21','16950','Desodorante Antitranspirante Roll-on Free To ','33072010','5405','17,94','3,00',0.00,0.00,53.00,0.00,0.00,'0','0',1,NULL,NULL,NULL,NULL,NULL,736,626),(5380,'2023-08-21','17203','Catalogo ciclo 07 e 08/23','49111090','5910','3,31','1,00',0.00,0.00,3.00,0.00,0.00,'0','0',1,NULL,NULL,NULL,NULL,NULL,736,626),(5381,'2023-08-21','16090','JF9 BLACK DEO COL 100ML','33072010','5405','60,40','1,00',0.00,0.00,60.00,0.00,0.00,'0','0',1,NULL,NULL,NULL,NULL,NULL,737,627),(5382,'2023-08-21','16656','ADORISSE COLONIA DES 50ML','33072010','5405','60,40','1,00',0.00,0.00,60.00,0.00,0.00,'0','0',1,NULL,NULL,NULL,NULL,NULL,737,627),(5383,'2023-08-21','17044','COLONIA ABSOLUTE LEATHER','33030020','5405','60,40','1,00',0.00,0.00,60.00,0.00,0.00,'0','0',1,NULL,NULL,NULL,NULL,NULL,737,627),(5384,'2023-08-21','17141','Kit 14 Amostras Fragrancias Femininas 2,5ml','33072010','5405','26,90','1,00',0.00,0.00,26.00,0.00,0.00,'0','0',1,NULL,NULL,NULL,NULL,NULL,737,627),(5385,'2023-08-21','16091','SESTO SENSO COLONIA DESODORANT','33072010','5405','59,94','1,00',0.00,0.00,59.00,0.00,0.00,'0','0',1,NULL,NULL,NULL,NULL,NULL,737,627),(5386,'2023-08-21','16650','JANDE COL DESODORANTE NAC 50ML','33072010','5405','71,34','1,00',0.00,0.00,71.00,0.00,0.00,'0','0',1,NULL,NULL,NULL,NULL,NULL,737,627),(5387,'2023-08-21','17203','Catalogo ciclo 07 e 08/23','49111090','5910','3,31','1,00',0.00,0.00,3.00,0.00,0.00,'0','0',1,NULL,NULL,NULL,NULL,NULL,737,627),(5388,'2023-08-21','16090','JF9 BLACK DEO COL 100ML','33072010','5405','60,40','3,00',0.00,0.00,181.00,0.00,0.00,'0','0',1,NULL,NULL,NULL,NULL,NULL,738,628),(5389,'2023-08-21','16656','ADORISSE COLONIA DES 50ML','33072010','5405','60,40','3,00',0.00,0.00,181.00,0.00,0.00,'0','0',1,NULL,NULL,NULL,NULL,NULL,738,628),(5390,'2023-08-21','17044','COLONIA ABSOLUTE LEATHER','33030020','5405','60,40','3,00',0.00,0.00,181.00,0.00,0.00,'0','0',1,NULL,NULL,NULL,NULL,NULL,738,628),(5391,'2023-08-21','16091','SESTO SENSO COLONIA DESODORANT','33072010','5405','59,94','2,00',0.00,0.00,119.00,0.00,0.00,'0','0',1,NULL,NULL,NULL,NULL,NULL,738,628),(5392,'2023-08-21','17152','JAFRA DOUBLE NATURE TENDER COLONIA 50 ML','33030020','5405','59,94','1,00',0.00,0.00,59.00,0.00,0.00,'0','0',1,NULL,NULL,NULL,NULL,NULL,738,628),(5393,'2023-08-21','4366','Diamonds BLUSH 50ML','33072010','5405','65,94','1,00',0.00,0.00,65.00,0.00,0.00,'0','0',1,NULL,NULL,NULL,NULL,NULL,738,628),(5394,'2023-08-21','17151','JAFRA DOUBLE NATURE SEXY COLONIA 50 ML','33030020','5405','59,94','1,00',0.00,0.00,59.00,0.00,0.00,'0','0',1,NULL,NULL,NULL,NULL,NULL,738,628),(5395,'2023-08-21','17203','Catalogo ciclo 07 e 08/23','49111090','5910','3,31','1,00',0.00,0.00,3.00,0.00,0.00,'0','0',1,NULL,NULL,NULL,NULL,NULL,738,628),(5396,'2023-08-21','17120','InsideSkin with Royal Jelly','21069030','5102','59,94','3,00',0.00,0.00,179.00,0.00,0.00,'0','0',1,NULL,NULL,NULL,NULL,NULL,739,629),(5397,'2023-08-21','17166','InsideEnergy with Royal Jelly and Hyaluronic ','21069030','5102','75,90','2,00',0.00,0.00,151.00,0.00,0.00,'0','0',1,NULL,NULL,NULL,NULL,NULL,739,629),(5398,'2023-08-21','17203','Catalogo ciclo 07 e 08/23','49111090','5910','3,31','1,00',0.00,0.00,3.00,0.00,0.00,'0','0',1,NULL,NULL,NULL,NULL,NULL,739,629),(5399,'2023-08-21','4340','BATOM MATTE LOVE AFFAIR 4G','33041000','5405','27,54','2,00',0.00,0.00,55.00,0.00,0.00,'0','0',1,NULL,NULL,NULL,NULL,NULL,740,630),(5400,'2023-08-21','94217','LS ROYAL JELLY ROSE NOUVEAU','33041000','5405','46,14','2,00',0.00,0.00,92.00,0.00,0.00,'0','0',1,NULL,NULL,NULL,NULL,NULL,740,630),(5401,'2023-08-21','94252','LS ROYAL JELLY REGAL RED','33041000','5405','46,14','2,00',0.00,0.00,92.00,0.00,0.00,'0','0',1,NULL,NULL,NULL,NULL,NULL,740,630),(5402,'2023-08-21','17054','JAFRA ROYAL BATOM MATTE CHIPOTLE','33041000','5405','46,14','2,00',0.00,0.00,92.00,0.00,0.00,'0','0',1,NULL,NULL,NULL,NULL,NULL,740,630),(5403,'2023-08-21','17063','JAFRA ROYAL JELLY BATOM GILDED BRONZE','33041000','5405','46,14','1,00',0.00,0.00,46.00,0.00,0.00,'0','0',1,NULL,NULL,NULL,NULL,NULL,740,630),(5404,'2023-08-21','17079','Batom Cobertura Total Haute Pink','33041000','5405','27,54','1,00',0.00,0.00,27.00,0.00,0.00,'0','0',1,NULL,NULL,NULL,NULL,NULL,740,630),(5405,'2023-08-21','17067','Royal Almond Sabonetes','34011190','5405','23,94','1,00',0.00,0.00,23.00,0.00,0.00,'0','0',1,NULL,NULL,NULL,NULL,NULL,740,630),(5406,'2023-08-21','17104','Royal Jelly Creme Hidratante para as Maos com','33049910','5405','53,34','1,00',0.00,0.00,53.00,0.00,0.00,'0','0',1,NULL,NULL,NULL,NULL,NULL,740,630),(5407,'2023-08-21','17165','Eau D Aromes Deo Colonia 100ml - Limited Edit','33072010','5405','63,90','1,00',0.00,0.00,63.00,0.00,0.00,'0','0',1,NULL,NULL,NULL,NULL,NULL,740,630),(5408,'2023-08-21','17203','Catalogo ciclo 07 e 08/23','49111090','5910','3,31','1,00',0.00,0.00,3.00,0.00,0.00,'0','0',1,NULL,NULL,NULL,NULL,NULL,740,630),(5433,'2023-08-22','17026','ROYAL REVITALIZE CREME FACIAL REVITALIZANTE 5','33049910','5403','191,40','2,00',0.00,0.00,382.00,0.00,0.00,'0','0',1,NULL,NULL,NULL,NULL,NULL,743,633),(5434,'2023-08-22','17147','Royal Revitalize Protetor Solar Facial de Amp','33049910','5403','77,40','1,00',0.00,0.00,77.00,0.00,0.00,'0','0',1,NULL,NULL,NULL,NULL,NULL,743,633),(5435,'2023-08-22','16090','JF9 BLACK DEO COL 100ML','33072010','5403','83,40','1,00',0.00,0.00,83.00,0.00,0.00,'0','0',1,NULL,NULL,NULL,NULL,NULL,743,633),(5436,'2023-08-22','17121','JAFRA ROYAL CLEAR SMART TONICO FACIAL CLAREAD','33049910','5403','44,34','1,00',0.00,0.00,44.00,0.00,0.00,'0','0',1,NULL,NULL,NULL,NULL,NULL,743,633),(5437,'2023-08-22','17124','JAFRA ROYAL CLEAR SMART ESPUMA DE LIMPEZA FAC','34013000','5403','53,94','1,00',0.00,0.00,53.00,0.00,0.00,'0','0',1,NULL,NULL,NULL,NULL,NULL,743,633),(5438,'2023-08-22','17123','JAFRA ROYAL CLEAR SMART HIDRATANTE EM GEL OIL','33049990','5403','59,34','1,00',0.00,0.00,59.00,0.00,0.00,'0','0',1,NULL,NULL,NULL,NULL,NULL,743,633),(5439,'2023-08-22','7620','DEO PARFUM ADORISSE NIGHT 50 ML','33072010','5403','99,00','1,00',0.00,0.00,99.00,0.00,0.00,'0','0',1,NULL,NULL,NULL,NULL,NULL,743,633),(5440,'2023-08-22','16956','Hidratante Desodorante Corporal Free To Be Ne','33072090','5403','47,94','1,00',0.00,0.00,47.00,0.00,0.00,'0','0',1,NULL,NULL,NULL,NULL,NULL,743,633),(5441,'2023-08-22','17166','InsideEnergy with Royal Jelly and Hyaluronic ','21069030','5102','95,40','1,00',0.00,0.00,95.00,0.00,0.00,'0','0',1,NULL,NULL,NULL,NULL,NULL,743,633),(5442,'2023-08-22','17104','Royal Jelly Creme Hidratante para as Maos com','33049910','5403','53,34','1,00',0.00,0.00,53.00,0.00,0.00,'0','0',1,NULL,NULL,NULL,NULL,NULL,743,633),(5443,'2023-08-22','17203','Catalogo ciclo 07 e 08/23','49111090','5910','3,76','1,00',0.00,0.00,3.00,0.00,0.00,'0','0',1,NULL,NULL,NULL,NULL,NULL,743,633),(5444,'2023-08-22','16462','VARSHA COLONIA DES 50ML','33030020','5405','49,90','1,00',0.00,0.00,49.00,0.00,0.00,'0','0',1,NULL,NULL,NULL,NULL,NULL,744,634),(5445,'2023-08-22','16656','ADORISSE COLONIA DES 50ML','33072010','5405','71,94','1,00',0.00,0.00,71.00,0.00,0.00,'0','0',1,NULL,NULL,NULL,NULL,NULL,744,634),(5446,'2023-08-22','16089','EAU D AROMES DEO COL','33072010','5405','32,70','1,00',0.00,0.00,32.00,0.00,0.00,'0','0',1,NULL,NULL,NULL,NULL,NULL,744,634),(5447,'2023-08-22','17088','Sabonete Eau Daromes','34011190','5405','32,70','1,00',0.00,0.00,32.00,0.00,0.00,'0','0',1,NULL,NULL,NULL,NULL,NULL,744,634),(5448,'2023-08-22','17140','SESTO SENSO IN AMORE COLONIA DESODORANTE 100 ','33072010','5405','59,40','1,00',0.00,0.00,59.00,0.00,0.00,'0','0',1,NULL,NULL,NULL,NULL,NULL,744,634),(5449,'2023-08-22','16090','JF9 BLACK DEO COL 100ML','33072010','5405','59,94','1,00',0.00,0.00,59.00,0.00,0.00,'0','0',1,NULL,NULL,NULL,NULL,NULL,744,634),(5450,'2023-08-22','16667','YITSU COL DES NAC 100ML','33072010','5405','71,94','1,00',0.00,0.00,71.00,0.00,0.00,'0','0',1,NULL,NULL,NULL,NULL,NULL,744,634),(5451,'2023-08-22','19041','BOLSA SACOLA NYLON JAFRA','42022220','5910','4,44','1,00',0.00,0.00,4.00,0.00,0.00,'0','0',1,NULL,NULL,NULL,NULL,NULL,744,634),(5452,'2023-08-22','17045','COLONIA ROSE BLOSSOM','33030010','5910','18,61','1,00',0.00,0.00,18.00,0.00,0.00,'0','0',1,NULL,NULL,NULL,NULL,NULL,744,634),(5453,'2023-08-22','16901','EMBALAGEM PRESENTEAVEL NATAL','48195000','5910','0,84','2,00',0.00,0.00,1.00,0.00,0.00,'0','0',1,NULL,NULL,NULL,NULL,NULL,744,634),(5454,'2023-08-22','16759','EMBALAGEM PRES DATAS','48194000','5910','1,65','1,00',0.00,0.00,1.00,0.00,0.00,'0','0',1,NULL,NULL,NULL,NULL,NULL,744,634),(5455,'2023-08-22','17111','Catalogo ciclos 05 e 06/22','49111090','5910','3,08','1,00',0.00,0.00,3.00,0.00,0.00,'0','0',1,NULL,NULL,NULL,NULL,NULL,744,634),(5456,'2023-08-22','16092','LEGEND FOR MEN COL DEO 100ML','33072010','5910','13,68','1,00',0.00,0.00,13.00,0.00,0.00,'0','0',1,NULL,NULL,NULL,NULL,NULL,744,634),(5457,'2023-08-22','16092','LEGEND FOR MEN COL DEO 100ML','33072010','5405','65,90','3,00',0.00,0.00,197.00,0.00,0.00,'0','0',1,NULL,NULL,NULL,NULL,NULL,747,637),(5458,'2023-08-22','16091','SESTO SENSO COLONIA DESODORANT','33072010','5405','59,94','1,00',0.00,0.00,59.00,0.00,0.00,'0','0',1,NULL,NULL,NULL,NULL,NULL,747,637),(5459,'2023-08-22','16658','ADORISSE PURE GOLD COLDES 50ML','33072010','5405','77,94','1,00',0.00,0.00,77.00,0.00,0.00,'0','0',1,NULL,NULL,NULL,NULL,NULL,747,637),(5460,'2023-08-22','4366','Diamonds BLUSH 50ML','33072010','5405','65,94','1,00',0.00,0.00,65.00,0.00,0.00,'0','0',1,NULL,NULL,NULL,NULL,NULL,747,637),(5461,'2023-08-22','17203','Catalogo ciclo 07 e 08/23','49111090','5910','3,31','1,00',0.00,0.00,3.00,0.00,0.00,'0','0',1,NULL,NULL,NULL,NULL,NULL,747,637),(5462,'2023-08-22','16092','LEGEND FOR MEN COL DEO 100ML','33072010','5405','38,67','4,00',0.00,0.00,154.00,0.00,0.00,'0','0',1,NULL,NULL,NULL,NULL,NULL,748,638),(5463,'2023-08-22','17070','Sabonete Legend 4 sabonetes de 40gr','34011190','5405','38,67','4,00',0.00,0.00,154.00,0.00,0.00,'0','0',1,NULL,NULL,NULL,NULL,NULL,748,638),(5464,'2023-08-22','3035','BLUSH EM PO SOFT PEACH','33049100','5405','18,90','1,00',0.00,0.00,18.00,0.00,0.00,'0','0',1,NULL,NULL,NULL,NULL,NULL,748,638),(5465,'2023-08-22','17203','Catalogo ciclo 07 e 08/23','49111090','5910','3,31','1,00',0.00,0.00,3.00,0.00,0.00,'0','0',1,NULL,NULL,NULL,NULL,NULL,748,638),(5466,'2023-08-22','17026','ROYAL REVITALIZE CREME FACIAL REVITALIZANTE 5','33049910','5403','191,40','2,00',0.00,0.00,382.00,0.00,0.00,'0','0',1,NULL,NULL,NULL,NULL,NULL,749,639),(5467,'2023-08-22','17147','Royal Revitalize Protetor Solar Facial de Amp','33049910','5403','77,40','1,00',0.00,0.00,77.00,0.00,0.00,'0','0',1,NULL,NULL,NULL,NULL,NULL,749,639),(5468,'2023-08-22','16090','JF9 BLACK DEO COL 100ML','33072010','5403','83,40','1,00',0.00,0.00,83.00,0.00,0.00,'0','0',1,NULL,NULL,NULL,NULL,NULL,749,639),(5469,'2023-08-22','17121','JAFRA ROYAL CLEAR SMART TONICO FACIAL CLAREAD','33049910','5403','44,34','1,00',0.00,0.00,44.00,0.00,0.00,'0','0',1,NULL,NULL,NULL,NULL,NULL,749,639),(5470,'2023-08-22','17124','JAFRA ROYAL CLEAR SMART ESPUMA DE LIMPEZA FAC','34013000','5403','53,94','1,00',0.00,0.00,53.00,0.00,0.00,'0','0',1,NULL,NULL,NULL,NULL,NULL,749,639),(5471,'2023-08-22','17123','JAFRA ROYAL CLEAR SMART HIDRATANTE EM GEL OIL','33049990','5403','59,34','1,00',0.00,0.00,59.00,0.00,0.00,'0','0',1,NULL,NULL,NULL,NULL,NULL,749,639),(5472,'2023-08-22','7620','DEO PARFUM ADORISSE NIGHT 50 ML','33072010','5403','99,00','1,00',0.00,0.00,99.00,0.00,0.00,'0','0',1,NULL,NULL,NULL,NULL,NULL,749,639),(5473,'2023-08-22','16956','Hidratante Desodorante Corporal Free To Be Ne','33072090','5403','47,94','1,00',0.00,0.00,47.00,0.00,0.00,'0','0',1,NULL,NULL,NULL,NULL,NULL,749,639),(5474,'2023-08-22','17166','InsideEnergy with Royal Jelly and Hyaluronic ','21069030','5102','95,40','1,00',0.00,0.00,95.00,0.00,0.00,'0','0',1,NULL,NULL,NULL,NULL,NULL,749,639),(5475,'2023-08-22','17104','Royal Jelly Creme Hidratante para as Maos com','33049910','5403','53,34','1,00',0.00,0.00,53.00,0.00,0.00,'0','0',1,NULL,NULL,NULL,NULL,NULL,749,639),(5476,'2023-08-22','17203','Catalogo ciclo 07 e 08/23','49111090','5910','3,76','1,00',0.00,0.00,3.00,0.00,0.00,'0','0',1,NULL,NULL,NULL,NULL,NULL,749,639),(5477,'2023-08-22','16462','VARSHA COLONIA DES 50ML','33030020','5405','49,90','1,00',0.00,0.00,49.00,0.00,0.00,'0','0',1,NULL,NULL,NULL,NULL,NULL,750,640),(5478,'2023-08-22','16656','ADORISSE COLONIA DES 50ML','33072010','5405','71,94','1,00',0.00,0.00,71.00,0.00,0.00,'0','0',1,NULL,NULL,NULL,NULL,NULL,750,640),(5479,'2023-08-22','16089','EAU D AROMES DEO COL','33072010','5405','32,70','1,00',0.00,0.00,32.00,0.00,0.00,'0','0',1,NULL,NULL,NULL,NULL,NULL,750,640),(5480,'2023-08-22','17088','Sabonete Eau Daromes','34011190','5405','32,70','1,00',0.00,0.00,32.00,0.00,0.00,'0','0',1,NULL,NULL,NULL,NULL,NULL,750,640),(5481,'2023-08-22','17140','SESTO SENSO IN AMORE COLONIA DESODORANTE 100 ','33072010','5405','59,40','1,00',0.00,0.00,59.00,0.00,0.00,'0','0',1,NULL,NULL,NULL,NULL,NULL,750,640),(5482,'2023-08-22','16090','JF9 BLACK DEO COL 100ML','33072010','5405','59,94','1,00',0.00,0.00,59.00,0.00,0.00,'0','0',1,NULL,NULL,NULL,NULL,NULL,750,640),(5483,'2023-08-22','16667','YITSU COL DES NAC 100ML','33072010','5405','71,94','1,00',0.00,0.00,71.00,0.00,0.00,'0','0',1,NULL,NULL,NULL,NULL,NULL,750,640),(5484,'2023-08-22','19041','BOLSA SACOLA NYLON JAFRA','42022220','5910','4,44','1,00',0.00,0.00,4.00,0.00,0.00,'0','0',1,NULL,NULL,NULL,NULL,NULL,750,640),(5485,'2023-08-22','17045','COLONIA ROSE BLOSSOM','33030010','5910','18,61','1,00',0.00,0.00,18.00,0.00,0.00,'0','0',1,NULL,NULL,NULL,NULL,NULL,750,640),(5486,'2023-08-22','16901','EMBALAGEM PRESENTEAVEL NATAL','48195000','5910','0,84','2,00',0.00,0.00,1.00,0.00,0.00,'0','0',1,NULL,NULL,NULL,NULL,NULL,750,640),(5487,'2023-08-22','16759','EMBALAGEM PRES DATAS','48194000','5910','1,65','1,00',0.00,0.00,1.00,0.00,0.00,'0','0',1,NULL,NULL,NULL,NULL,NULL,750,640),(5488,'2023-08-22','17111','Catalogo ciclos 05 e 06/22','49111090','5910','3,08','1,00',0.00,0.00,3.00,0.00,0.00,'0','0',1,NULL,NULL,NULL,NULL,NULL,750,640),(5489,'2023-08-22','16092','LEGEND FOR MEN COL DEO 100ML','33072010','5910','13,68','1,00',0.00,0.00,13.00,0.00,0.00,'0','0',1,NULL,NULL,NULL,NULL,NULL,750,640),(5490,'2023-08-22','17026','ROYAL REVITALIZE CREME FACIAL REVITALIZANTE 5','33049910','5403','191,40','2,00',0.00,0.00,382.00,0.00,0.00,'0','0',1,NULL,NULL,NULL,NULL,NULL,751,641),(5491,'2023-08-22','17147','Royal Revitalize Protetor Solar Facial de Amp','33049910','5403','77,40','1,00',0.00,0.00,77.00,0.00,0.00,'0','0',1,NULL,NULL,NULL,NULL,NULL,751,641),(5492,'2023-08-22','16090','JF9 BLACK DEO COL 100ML','33072010','5403','83,40','1,00',0.00,0.00,83.00,0.00,0.00,'0','0',1,NULL,NULL,NULL,NULL,NULL,751,641),(5493,'2023-08-22','17121','JAFRA ROYAL CLEAR SMART TONICO FACIAL CLAREAD','33049910','5403','44,34','1,00',0.00,0.00,44.00,0.00,0.00,'0','0',1,NULL,NULL,NULL,NULL,NULL,751,641),(5494,'2023-08-22','17124','JAFRA ROYAL CLEAR SMART ESPUMA DE LIMPEZA FAC','34013000','5403','53,94','1,00',0.00,0.00,53.00,0.00,0.00,'0','0',1,NULL,NULL,NULL,NULL,NULL,751,641),(5495,'2023-08-22','17123','JAFRA ROYAL CLEAR SMART HIDRATANTE EM GEL OIL','33049990','5403','59,34','1,00',0.00,0.00,59.00,0.00,0.00,'0','0',1,NULL,NULL,NULL,NULL,NULL,751,641),(5496,'2023-08-22','7620','DEO PARFUM ADORISSE NIGHT 50 ML','33072010','5403','99,00','1,00',0.00,0.00,99.00,0.00,0.00,'0','0',1,NULL,NULL,NULL,NULL,NULL,751,641),(5497,'2023-08-22','16956','Hidratante Desodorante Corporal Free To Be Ne','33072090','5403','47,94','1,00',0.00,0.00,47.00,0.00,0.00,'0','0',1,NULL,NULL,NULL,NULL,NULL,751,641),(5498,'2023-08-22','17166','InsideEnergy with Royal Jelly and Hyaluronic ','21069030','5102','95,40','1,00',0.00,0.00,95.00,0.00,0.00,'0','0',1,NULL,NULL,NULL,NULL,NULL,751,641),(5499,'2023-08-22','17104','Royal Jelly Creme Hidratante para as Maos com','33049910','5403','53,34','1,00',0.00,0.00,53.00,0.00,0.00,'0','0',1,NULL,NULL,NULL,NULL,NULL,751,641),(5500,'2023-08-22','17203','Catalogo ciclo 07 e 08/23','49111090','5910','3,76','1,00',0.00,0.00,3.00,0.00,0.00,'0','0',1,NULL,NULL,NULL,NULL,NULL,751,641),(5514,'2023-08-22','17026','ROYAL REVITALIZE CREME FACIAL REVITALIZANTE 5','33049910','5403','191,40','2,00',0.00,0.00,382.00,0.00,0.00,'0','0',1,NULL,NULL,NULL,NULL,NULL,753,643),(5515,'2023-08-22','17147','Royal Revitalize Protetor Solar Facial de Amp','33049910','5403','77,40','1,00',0.00,0.00,77.00,0.00,0.00,'0','0',1,NULL,NULL,NULL,NULL,NULL,753,643),(5516,'2023-08-22','16090','JF9 BLACK DEO COL 100ML','33072010','5403','83,40','1,00',0.00,0.00,83.00,0.00,0.00,'0','0',1,NULL,NULL,NULL,NULL,NULL,753,643),(5517,'2023-08-22','17121','JAFRA ROYAL CLEAR SMART TONICO FACIAL CLAREAD','33049910','5403','44,34','1,00',0.00,0.00,44.00,0.00,0.00,'0','0',1,NULL,NULL,NULL,NULL,NULL,753,643),(5518,'2023-08-22','17124','JAFRA ROYAL CLEAR SMART ESPUMA DE LIMPEZA FAC','34013000','5403','53,94','1,00',0.00,0.00,53.00,0.00,0.00,'0','0',1,NULL,NULL,NULL,NULL,NULL,753,643),(5519,'2023-08-22','17123','JAFRA ROYAL CLEAR SMART HIDRATANTE EM GEL OIL','33049990','5403','59,34','1,00',0.00,0.00,59.00,0.00,0.00,'0','0',1,NULL,NULL,NULL,NULL,NULL,753,643),(5520,'2023-08-22','7620','DEO PARFUM ADORISSE NIGHT 50 ML','33072010','5403','99,00','1,00',0.00,0.00,99.00,0.00,0.00,'0','0',1,NULL,NULL,NULL,NULL,NULL,753,643),(5521,'2023-08-22','16956','Hidratante Desodorante Corporal Free To Be Ne','33072090','5403','47,94','1,00',0.00,0.00,47.00,0.00,0.00,'0','0',1,NULL,NULL,NULL,NULL,NULL,753,643),(5522,'2023-08-22','17166','InsideEnergy with Royal Jelly and Hyaluronic ','21069030','5102','95,40','1,00',0.00,0.00,95.00,0.00,0.00,'0','0',1,NULL,NULL,NULL,NULL,NULL,753,643),(5523,'2023-08-22','17104','Royal Jelly Creme Hidratante para as Maos com','33049910','5403','53,34','1,00',0.00,0.00,53.00,0.00,0.00,'0','0',1,NULL,NULL,NULL,NULL,NULL,753,643),(5524,'2023-08-22','17203','Catalogo ciclo 07 e 08/23','49111090','5910','3,76','1,00',0.00,0.00,3.00,0.00,0.00,'0','0',1,NULL,NULL,NULL,NULL,NULL,753,643),(5562,'2023-08-22','17026','ROYAL REVITALIZE CREME FACIAL REVITALIZANTE 5','33049910','5403','191,40','2,00',0.00,0.00,382.00,0.00,0.00,'0','0',1,NULL,NULL,NULL,NULL,NULL,757,647),(5563,'2023-08-22','17147','Royal Revitalize Protetor Solar Facial de Amp','33049910','5403','77,40','1,00',0.00,0.00,77.00,0.00,0.00,'0','0',1,NULL,NULL,NULL,NULL,NULL,757,647),(5564,'2023-08-22','16090','JF9 BLACK DEO COL 100ML','33072010','5403','83,40','1,00',0.00,0.00,83.00,0.00,0.00,'0','0',1,NULL,NULL,NULL,NULL,NULL,757,647),(5565,'2023-08-22','17121','JAFRA ROYAL CLEAR SMART TONICO FACIAL CLAREAD','33049910','5403','44,34','1,00',0.00,0.00,44.00,0.00,0.00,'0','0',1,NULL,NULL,NULL,NULL,NULL,757,647),(5566,'2023-08-22','17124','JAFRA ROYAL CLEAR SMART ESPUMA DE LIMPEZA FAC','34013000','5403','53,94','1,00',0.00,0.00,53.00,0.00,0.00,'0','0',1,NULL,NULL,NULL,NULL,NULL,757,647),(5567,'2023-08-22','17123','JAFRA ROYAL CLEAR SMART HIDRATANTE EM GEL OIL','33049990','5403','59,34','1,00',0.00,0.00,59.00,0.00,0.00,'0','0',1,NULL,NULL,NULL,NULL,NULL,757,647),(5568,'2023-08-22','7620','DEO PARFUM ADORISSE NIGHT 50 ML','33072010','5403','99,00','1,00',0.00,0.00,99.00,0.00,0.00,'0','0',1,NULL,NULL,NULL,NULL,NULL,757,647),(5569,'2023-08-22','16956','Hidratante Desodorante Corporal Free To Be Ne','33072090','5403','47,94','1,00',0.00,0.00,47.00,0.00,0.00,'0','0',1,NULL,NULL,NULL,NULL,NULL,757,647),(5570,'2023-08-22','17166','InsideEnergy with Royal Jelly and Hyaluronic ','21069030','5102','95,40','1,00',0.00,0.00,95.00,0.00,0.00,'0','0',1,NULL,NULL,NULL,NULL,NULL,757,647),(5571,'2023-08-22','17104','Royal Jelly Creme Hidratante para as Maos com','33049910','5403','53,34','1,00',0.00,0.00,53.00,0.00,0.00,'0','0',1,NULL,NULL,NULL,NULL,NULL,757,647),(5572,'2023-08-22','17203','Catalogo ciclo 07 e 08/23','49111090','5910','3,76','1,00',0.00,0.00,3.00,0.00,0.00,'0','0',1,NULL,NULL,NULL,NULL,NULL,757,647),(5573,'2023-08-22','16462','VARSHA COLONIA DES 50ML','33030020','5405','49,90','1,00',0.00,0.00,49.00,0.00,0.00,'0','0',1,NULL,NULL,NULL,NULL,NULL,758,648),(5574,'2023-08-22','16656','ADORISSE COLONIA DES 50ML','33072010','5405','71,94','1,00',0.00,0.00,71.00,0.00,0.00,'0','0',1,NULL,NULL,NULL,NULL,NULL,758,648),(5575,'2023-08-22','16089','EAU D AROMES DEO COL','33072010','5405','32,70','1,00',0.00,0.00,32.00,0.00,0.00,'0','0',1,NULL,NULL,NULL,NULL,NULL,758,648),(5576,'2023-08-22','17088','Sabonete Eau Daromes','34011190','5405','32,70','1,00',0.00,0.00,32.00,0.00,0.00,'0','0',1,NULL,NULL,NULL,NULL,NULL,758,648),(5577,'2023-08-22','17140','SESTO SENSO IN AMORE COLONIA DESODORANTE 100 ','33072010','5405','59,40','1,00',0.00,0.00,59.00,0.00,0.00,'0','0',1,NULL,NULL,NULL,NULL,NULL,758,648),(5578,'2023-08-22','16090','JF9 BLACK DEO COL 100ML','33072010','5405','59,94','1,00',0.00,0.00,59.00,0.00,0.00,'0','0',1,NULL,NULL,NULL,NULL,NULL,758,648),(5579,'2023-08-22','16667','YITSU COL DES NAC 100ML','33072010','5405','71,94','1,00',0.00,0.00,71.00,0.00,0.00,'0','0',1,NULL,NULL,NULL,NULL,NULL,758,648),(5580,'2023-08-22','19041','BOLSA SACOLA NYLON JAFRA','42022220','5910','4,44','1,00',0.00,0.00,4.00,0.00,0.00,'0','0',1,NULL,NULL,NULL,NULL,NULL,758,648),(5581,'2023-08-22','17045','COLONIA ROSE BLOSSOM','33030010','5910','18,61','1,00',0.00,0.00,18.00,0.00,0.00,'0','0',1,NULL,NULL,NULL,NULL,NULL,758,648),(5582,'2023-08-22','16901','EMBALAGEM PRESENTEAVEL NATAL','48195000','5910','0,84','2,00',0.00,0.00,1.00,0.00,0.00,'0','0',1,NULL,NULL,NULL,NULL,NULL,758,648),(5583,'2023-08-22','16759','EMBALAGEM PRES DATAS','48194000','5910','1,65','1,00',0.00,0.00,1.00,0.00,0.00,'0','0',1,NULL,NULL,NULL,NULL,NULL,758,648),(5584,'2023-08-22','17111','Catalogo ciclos 05 e 06/22','49111090','5910','3,08','1,00',0.00,0.00,3.00,0.00,0.00,'0','0',1,NULL,NULL,NULL,NULL,NULL,758,648),(5585,'2023-08-22','16092','LEGEND FOR MEN COL DEO 100ML','33072010','5910','13,68','1,00',0.00,0.00,13.00,0.00,0.00,'0','0',1,NULL,NULL,NULL,NULL,NULL,758,648),(5586,'2023-08-22','17026','ROYAL REVITALIZE CREME FACIAL REVITALIZANTE 5','33049910','5403','191,40','2,00',0.00,0.00,382.00,0.00,0.00,'0','0',1,NULL,NULL,NULL,NULL,NULL,759,649),(5587,'2023-08-22','17147','Royal Revitalize Protetor Solar Facial de Amp','33049910','5403','77,40','1,00',0.00,0.00,77.00,0.00,0.00,'0','0',1,NULL,NULL,NULL,NULL,NULL,759,649),(5588,'2023-08-22','16090','JF9 BLACK DEO COL 100ML','33072010','5403','83,40','1,00',0.00,0.00,83.00,0.00,0.00,'0','0',1,NULL,NULL,NULL,NULL,NULL,759,649),(5589,'2023-08-22','17121','JAFRA ROYAL CLEAR SMART TONICO FACIAL CLAREAD','33049910','5403','44,34','1,00',0.00,0.00,44.00,0.00,0.00,'0','0',1,NULL,NULL,NULL,NULL,NULL,759,649),(5590,'2023-08-22','17124','JAFRA ROYAL CLEAR SMART ESPUMA DE LIMPEZA FAC','34013000','5403','53,94','1,00',0.00,0.00,53.00,0.00,0.00,'0','0',1,NULL,NULL,NULL,NULL,NULL,759,649),(5591,'2023-08-22','17123','JAFRA ROYAL CLEAR SMART HIDRATANTE EM GEL OIL','33049990','5403','59,34','1,00',0.00,0.00,59.00,0.00,0.00,'0','0',1,NULL,NULL,NULL,NULL,NULL,759,649),(5592,'2023-08-22','7620','DEO PARFUM ADORISSE NIGHT 50 ML','33072010','5403','99,00','1,00',0.00,0.00,99.00,0.00,0.00,'0','0',1,NULL,NULL,NULL,NULL,NULL,759,649),(5593,'2023-08-22','16956','Hidratante Desodorante Corporal Free To Be Ne','33072090','5403','47,94','1,00',0.00,0.00,47.00,0.00,0.00,'0','0',1,NULL,NULL,NULL,NULL,NULL,759,649),(5594,'2023-08-22','17166','InsideEnergy with Royal Jelly and Hyaluronic ','21069030','5102','95,40','1,00',0.00,0.00,95.00,0.00,0.00,'0','0',1,NULL,NULL,NULL,NULL,NULL,759,649),(5595,'2023-08-22','17104','Royal Jelly Creme Hidratante para as Maos com','33049910','5403','53,34','1,00',0.00,0.00,53.00,0.00,0.00,'0','0',1,NULL,NULL,NULL,NULL,NULL,759,649),(5596,'2023-08-22','17203','Catalogo ciclo 07 e 08/23','49111090','5910','3,76','1,00',0.00,0.00,3.00,0.00,0.00,'0','0',1,NULL,NULL,NULL,NULL,NULL,759,649),(5597,'2023-08-22','16462','VARSHA COLONIA DES 50ML','33030020','5405','49,90','1,00',0.00,0.00,49.00,0.00,0.00,'0','0',1,NULL,NULL,NULL,NULL,NULL,760,650),(5598,'2023-08-22','16656','ADORISSE COLONIA DES 50ML','33072010','5405','71,94','1,00',0.00,0.00,71.00,0.00,0.00,'0','0',1,NULL,NULL,NULL,NULL,NULL,760,650),(5599,'2023-08-22','16089','EAU D AROMES DEO COL','33072010','5405','32,70','1,00',0.00,0.00,32.00,0.00,0.00,'0','0',1,NULL,NULL,NULL,NULL,NULL,760,650),(5600,'2023-08-22','17088','Sabonete Eau Daromes','34011190','5405','32,70','1,00',0.00,0.00,32.00,0.00,0.00,'0','0',1,NULL,NULL,NULL,NULL,NULL,760,650),(5601,'2023-08-22','17140','SESTO SENSO IN AMORE COLONIA DESODORANTE 100 ','33072010','5405','59,40','1,00',0.00,0.00,59.00,0.00,0.00,'0','0',1,NULL,NULL,NULL,NULL,NULL,760,650),(5602,'2023-08-22','16090','JF9 BLACK DEO COL 100ML','33072010','5405','59,94','1,00',0.00,0.00,59.00,0.00,0.00,'0','0',1,NULL,NULL,NULL,NULL,NULL,760,650),(5603,'2023-08-22','16667','YITSU COL DES NAC 100ML','33072010','5405','71,94','1,00',0.00,0.00,71.00,0.00,0.00,'0','0',1,NULL,NULL,NULL,NULL,NULL,760,650),(5604,'2023-08-22','19041','BOLSA SACOLA NYLON JAFRA','42022220','5910','4,44','1,00',0.00,0.00,4.00,0.00,0.00,'0','0',1,NULL,NULL,NULL,NULL,NULL,760,650),(5605,'2023-08-22','17045','COLONIA ROSE BLOSSOM','33030010','5910','18,61','1,00',0.00,0.00,18.00,0.00,0.00,'0','0',1,NULL,NULL,NULL,NULL,NULL,760,650),(5606,'2023-08-22','16901','EMBALAGEM PRESENTEAVEL NATAL','48195000','5910','0,84','2,00',0.00,0.00,1.00,0.00,0.00,'0','0',1,NULL,NULL,NULL,NULL,NULL,760,650),(5607,'2023-08-22','16759','EMBALAGEM PRES DATAS','48194000','5910','1,65','1,00',0.00,0.00,1.00,0.00,0.00,'0','0',1,NULL,NULL,NULL,NULL,NULL,760,650),(5608,'2023-08-22','17111','Catalogo ciclos 05 e 06/22','49111090','5910','3,08','1,00',0.00,0.00,3.00,0.00,0.00,'0','0',1,NULL,NULL,NULL,NULL,NULL,760,650),(5609,'2023-08-22','16092','LEGEND FOR MEN COL DEO 100ML','33072010','5910','13,68','1,00',0.00,0.00,13.00,0.00,0.00,'0','0',1,NULL,NULL,NULL,NULL,NULL,760,650);
/*!40000 ALTER TABLE `produtos` ENABLE KEYS */;
UNLOCK TABLES;

--
-- Table structure for table `receber`
--

DROP TABLE IF EXISTS `receber`;
/*!40101 SET @saved_cs_client     = @@character_set_client */;
/*!40101 SET character_set_client = utf8 */;
CREATE TABLE `receber` (
  `id` int(11) NOT NULL AUTO_INCREMENT,
  `data_inicio` date DEFAULT NULL,
  `data_fim` date DEFAULT NULL,
  `data` timestamp NULL DEFAULT current_timestamp(),
  `coleta` timestamp NULL DEFAULT NULL,
  `vencimento` timestamp NULL DEFAULT current_timestamp(),
  `qtd` int(11) DEFAULT NULL,
  `disponivel` int(11) DEFAULT NULL,
  `numero` varchar(45) DEFAULT NULL,
  `clientes_id` int(11) NOT NULL,
  `gaiolas_id` int(11) NOT NULL,
  `usuarios_id` int(11) NOT NULL,
  `servicos_id` int(11) NOT NULL,
  `setores_id` int(11) NOT NULL,
  PRIMARY KEY (`id`),
  KEY `fk_receber_clientes1_idx` (`clientes_id`),
  KEY `fk_receber_gaiolas1_idx` (`gaiolas_id`),
  KEY `fk_receber_usuarios1_idx` (`usuarios_id`),
  KEY `fk_receber_servicos1_idx` (`servicos_id`),
  KEY `fk_receber_setores1_idx` (`setores_id`)
) ENGINE=InnoDB AUTO_INCREMENT=1832 DEFAULT CHARSET=utf8mb4;
/*!40101 SET character_set_client = @saved_cs_client */;

--
-- Dumping data for table `receber`
--

LOCK TABLES `receber` WRITE;
/*!40000 ALTER TABLE `receber` DISABLE KEYS */;
INSERT INTO `receber` VALUES (1806,'2023-08-09','2023-08-10','2023-08-09 20:30:53','2023-08-09 14:04:53','2023-08-10 20:30:53',5,0,'Remessa - c01d8b6b',25,117,4,7,1),(1807,'2023-08-09','2023-08-10','2023-08-11 14:09:10','2023-08-09 14:12:05','2023-08-10 14:09:10',5,0,'Remessa - 8cb417fc',25,117,29,7,1),(1808,'2023-08-10','2023-08-11','2023-08-18 14:19:27','2023-08-10 14:04:01','2023-08-11 14:19:27',17,0,'Remessa - 36768a12',25,117,29,7,1),(1809,'2023-08-14','2023-08-15','2023-08-15 17:18:51','2023-08-14 17:20:39','2023-08-15 17:18:51',6,0,'Remessa - 1dfe56b8',25,117,29,7,1),(1811,NULL,NULL,'2023-08-18 12:10:31',NULL,'2023-08-18 12:10:31',37,37,'Remessa - bbe59e2b',25,117,29,7,1),(1813,NULL,NULL,'2023-08-18 14:30:41',NULL,'2023-08-18 14:30:41',26,26,'RM-ceea2513',25,117,29,7,1);
/*!40000 ALTER TABLE `receber` ENABLE KEYS */;
UNLOCK TABLES;

--
-- Table structure for table `regioes`
--

DROP TABLE IF EXISTS `regioes`;
/*!40101 SET @saved_cs_client     = @@character_set_client */;
/*!40101 SET character_set_client = utf8 */;
CREATE TABLE `regioes` (
  `id` int(11) NOT NULL AUTO_INCREMENT,
  `nome` varchar(100) DEFAULT NULL,
  PRIMARY KEY (`id`)
) ENGINE=InnoDB AUTO_INCREMENT=82 DEFAULT CHARSET=utf8mb4;
/*!40101 SET character_set_client = @saved_cs_client */;

--
-- Dumping data for table `regioes`
--

LOCK TABLES `regioes` WRITE;
/*!40000 ALTER TABLE `regioes` DISABLE KEYS */;
INSERT INTO `regioes` VALUES (74,'GRANDE ILHA'),(76,'COCAIS'),(77,'LENÇÓIS'),(78,'CENTRAL'),(79,'BAIXADA'),(80,'CHAPADA'),(81,'SUL DO MARANHÃO');
/*!40000 ALTER TABLE `regioes` ENABLE KEYS */;
UNLOCK TABLES;

--
-- Table structure for table `registros`
--

DROP TABLE IF EXISTS `registros`;
/*!40101 SET @saved_cs_client     = @@character_set_client */;
/*!40101 SET character_set_client = utf8 */;
CREATE TABLE `registros` (
  `id` int(11) NOT NULL AUTO_INCREMENT,
  `data` timestamp NULL DEFAULT current_timestamp(),
  `qtd` int(11) DEFAULT NULL,
  `usuarios_id` int(11) NOT NULL,
  `producao_id` int(11) NOT NULL,
  PRIMARY KEY (`id`),
  KEY `fk_registros_usuarios1_idx` (`usuarios_id`),
  KEY `fk_registros_producao1_idx` (`producao_id`)
) ENGINE=InnoDB AUTO_INCREMENT=391 DEFAULT CHARSET=utf8mb4;
/*!40101 SET character_set_client = @saved_cs_client */;

--
-- Dumping data for table `registros`
--

LOCK TABLES `registros` WRITE;
/*!40000 ALTER TABLE `registros` DISABLE KEYS */;
INSERT INTO `registros` VALUES (350,'2023-08-07 22:49:43',1,4,350),(351,'2023-08-08 00:40:09',1,4,351),(352,'2023-08-09 14:05:12',1,29,352),(353,'2023-08-09 14:31:09',1,29,353),(354,'2023-08-09 14:38:36',1,29,354),(355,'2023-08-09 14:42:02',1,29,355),(356,'2023-08-09 14:51:31',1,29,356),(357,'2023-08-09 14:57:05',1,29,357),(358,'2023-08-09 14:58:22',1,29,358),(359,'2023-08-09 15:07:10',1,4,359),(360,'2023-08-09 19:42:36',1,29,360),(361,'2023-08-11 12:52:46',1,4,361),(362,'2023-08-11 13:12:39',1,4,362),(363,'2023-08-11 14:04:06',1,4,363),(364,'2023-08-11 14:04:53',1,4,364),(365,'2023-08-11 14:05:14',1,4,365),(366,'2023-08-11 14:09:56',1,29,366),(367,'2023-08-11 14:11:32',1,29,367),(368,'2023-08-11 14:12:23',1,29,368),(369,'2023-08-11 14:22:33',1,29,369),(370,'2023-08-11 14:25:37',1,29,370),(371,'2023-08-11 14:27:42',1,29,371),(372,'2023-08-11 19:33:19',1,29,372),(373,'2023-08-11 19:48:53',1,29,373),(374,'2023-08-16 13:56:46',1,29,374),(375,'2023-08-17 12:17:50',1,29,375),(376,'2023-08-17 12:19:03',1,29,376),(377,'2023-08-18 19:33:33',1,29,377),(378,'2023-08-19 14:05:57',1,29,378),(379,'2023-08-21 13:07:59',1,29,379),(380,'2023-08-21 13:10:39',1,29,380),(381,'2023-08-21 13:16:32',1,30,381),(382,'2023-08-21 14:34:09',1,29,382),(383,'2023-08-21 17:15:42',1,29,383),(384,'2023-08-21 17:18:08',1,29,384),(385,'2023-08-21 17:20:19',1,29,385),(386,'2023-08-21 17:22:22',1,29,386),(387,'2023-08-21 19:39:18',1,29,387),(388,'2023-08-21 21:16:14',1,30,388),(389,'2023-08-22 17:17:13',1,4,389),(390,'2023-08-22 19:01:11',1,4,390);
/*!40000 ALTER TABLE `registros` ENABLE KEYS */;
UNLOCK TABLES;

--
-- Table structure for table `retorno`
--

DROP TABLE IF EXISTS `retorno`;
/*!40101 SET @saved_cs_client     = @@character_set_client */;
/*!40101 SET character_set_client = utf8 */;
CREATE TABLE `retorno` (
  `id` int(11) NOT NULL AUTO_INCREMENT,
  `data` datetime DEFAULT current_timestamp(),
  `qtd` int(11) DEFAULT NULL,
  `status` int(11) DEFAULT NULL,
  `entregadores_id` int(11) NOT NULL,
  `ocorrencias_id` int(11) NOT NULL,
  `tipo_id` int(11) NOT NULL,
  `producao_id` int(11) NOT NULL,
  `boletos_id` int(11) NOT NULL,
  PRIMARY KEY (`id`),
  KEY `fk_retorno_ocorrencias1_idx1` (`ocorrencias_id`),
  KEY `fk_retorno_producao1_idx` (`producao_id`),
  KEY `fk_retorno_entregadores1_idx1` (`entregadores_id`),
  KEY `fk_retorno_tipo1_idx1` (`tipo_id`),
  KEY `fk_retorno_boletos1_idx` (`boletos_id`)
) ENGINE=InnoDB AUTO_INCREMENT=2 DEFAULT CHARSET=utf8mb4;
/*!40101 SET character_set_client = @saved_cs_client */;

--
-- Dumping data for table `retorno`
--

LOCK TABLES `retorno` WRITE;
/*!40000 ALTER TABLE `retorno` DISABLE KEYS */;
/*!40000 ALTER TABLE `retorno` ENABLE KEYS */;
UNLOCK TABLES;

--
-- Table structure for table `retorno_gaiola`
--

DROP TABLE IF EXISTS `retorno_gaiola`;
/*!40101 SET @saved_cs_client     = @@character_set_client */;
/*!40101 SET character_set_client = utf8 */;
CREATE TABLE `retorno_gaiola` (
  `id` int(11) NOT NULL AUTO_INCREMENT,
  `data` datetime DEFAULT current_timestamp(),
  `qtd` int(11) DEFAULT NULL,
  `status` int(11) DEFAULT NULL,
  `entregadores_id` int(11) NOT NULL,
  `ocorrencias_id` int(11) NOT NULL,
  `tipo_id` int(11) NOT NULL,
  `producao_id` int(11) NOT NULL,
  PRIMARY KEY (`id`),
  KEY `fk_retorno_ocorrencias1_idx1` (`ocorrencias_id`),
  KEY `fk_retorno_entregadores1_idx1` (`entregadores_id`),
  KEY `fk_retorno_tipo1_idx1` (`tipo_id`),
  KEY `fk_retorno_gaiola_producao1_idx` (`producao_id`)
) ENGINE=InnoDB AUTO_INCREMENT=323 DEFAULT CHARSET=utf8mb4;
/*!40101 SET character_set_client = @saved_cs_client */;

--
-- Dumping data for table `retorno_gaiola`
--

LOCK TABLES `retorno_gaiola` WRITE;
/*!40000 ALTER TABLE `retorno_gaiola` DISABLE KEYS */;
/*!40000 ALTER TABLE `retorno_gaiola` ENABLE KEYS */;
UNLOCK TABLES;

--
-- Table structure for table `rotas`
--

DROP TABLE IF EXISTS `rotas`;
/*!40101 SET @saved_cs_client     = @@character_set_client */;
/*!40101 SET character_set_client = utf8 */;
CREATE TABLE `rotas` (
  `id` int(11) NOT NULL AUTO_INCREMENT,
  `data` timestamp NULL DEFAULT current_timestamp(),
  `nome` varchar(45) DEFAULT NULL,
  `regioes_id` int(11) NOT NULL,
  `gaiolas_id` int(11) NOT NULL,
  PRIMARY KEY (`id`)
) ENGINE=InnoDB AUTO_INCREMENT=696 DEFAULT CHARSET=utf8mb4;
/*!40101 SET character_set_client = @saved_cs_client */;

--
-- Dumping data for table `rotas`
--

LOCK TABLES `rotas` WRITE;
/*!40000 ALTER TABLE `rotas` DISABLE KEYS */;
INSERT INTO `rotas` VALUES (13,'2022-02-04 22:48:05','ROTA 01 - PAÇO ',74,39),(14,'2022-02-04 22:48:05','ROTA 02 - ELDORADO',74,40),(15,'2022-02-04 22:48:05','ROTA 03 - RECANTO',74,41),(16,'2022-02-04 22:48:05','ROTA 04 - VINHAIS',74,42),(17,'2022-02-04 22:48:05','ROTA 05 - ANIL  ',74,43),(18,'2022-02-04 22:48:05','ROTA 06 - VILA PALMEIRA',74,44),(19,'2022-02-04 22:48:05','ROTA 07 - COROADINHO',74,45),(20,'2022-02-04 22:48:05','ROTA 08 - SÃO FRANCISCO',74,46),(21,'2022-02-04 22:48:05','ROTA 09 - PONTA DO FAROL',74,47),(22,'2022-02-04 22:48:05','ROTA 10 - CIDADE OPERÁRIA',74,48),(23,'2022-02-04 22:48:05','ROTA 100 - BACABAL',76,49),(24,'2022-02-04 22:48:05','ROTA 101 - LAGO DA PEDRA',76,50),(25,'2022-02-04 22:48:05','ROTA 102 - BARRA DO CORDA',76,51),(26,'2022-02-04 22:48:05','ROTA 103 - COROATÁ',76,52),(27,'2022-02-04 22:48:05','ROTA 104 - COLINAS',76,53),(28,'2022-02-04 22:48:05','ROTA 105 - DOM PEDRO',76,54),(29,'2022-02-04 22:48:05','ROTA 106 - PRES. DUTRA / TUMTUM',76,55),(30,'2022-02-04 22:48:05','ROTA 107 - PEDREIRAS / TRIZIDELA',76,56),(31,'2022-02-04 22:48:05','ROTA 108 - SÃO MATEUS',76,57),(32,'2022-02-04 22:48:05','ROTA 109 - ROSÁRIO',77,58),(33,'2022-02-04 22:48:05','ROTA 11 - COHATRAC ',74,59),(34,'2022-02-04 22:48:05','Rota 110 - BARRERINHAS',77,60),(35,'2022-02-04 22:48:05','ROTA 111 - ZÉ DOCA',76,61),(36,'2022-02-04 22:48:05','ROTA 112 - SANTA INÊS/ PINDARÉ',76,62),(37,'2022-02-04 22:48:05','ROTA 113 - SANTA LUZIA',76,63),(38,'2022-02-04 22:48:05','ROTA 114 - VIANA / ARARI',79,64),(39,'2022-02-04 22:48:05','ROTA 115 - SÃO BENTO',79,65),(40,'2022-02-04 22:48:05','ROTA 116 - PINHEIRO',79,66),(41,'2022-02-04 22:48:05','ROTA 117 - CURURUPU',79,67),(42,'2022-02-04 22:48:05','ROTA 12 - LIBERDADE',74,68),(43,'2022-02-04 22:48:05','ROTA 121 - CAROLINA/ESTREITO/GRAJAÚ/J.LISBOA/',81,69),(44,'2022-02-04 22:48:05','ROTA 122 - IMPERATRIZ',81,70),(45,'2022-02-04 22:48:05','ROTA 123 - BALSAS',81,71),(46,'2022-02-04 22:48:05','ROTA 122 - IMPERATRIZ',81,70),(47,'2022-02-04 22:48:05','ROTA 124 - AÇAILÂNDIA ',81,72),(48,'2022-02-04 22:48:05','ROTA 13 - COHAB',74,73),(49,'2022-02-04 22:48:05','ROTA 14 - ARAÇAGY',74,74),(50,'2022-02-04 22:48:05','ROTA 15 - BR',74,75),(51,'2022-02-04 22:48:05','ROTA 16 - SÃO CRISTÓVÃO',74,76),(52,'2022-02-04 22:48:05','ROTA 17 - ANJO DA GUARDA',74,77),(53,'2022-02-04 22:48:05','ROTA 18 - RENASCENÇA',74,78),(54,'2022-02-04 22:48:05','ROTA 19 - TURU ',74,79),(55,'2022-02-04 22:48:05','ROTA 20 - OLHO DÁGUA',74,80),(56,'2022-02-04 22:48:05','ROTA 50 - CANTINHO DO CÉU ',74,81),(57,'2022-02-04 22:48:05','ROTA 51 - DIVINÉIA',74,82),(58,'2022-02-04 22:48:05','ROTA 52 - CENTRO',74,83),(59,'2022-02-04 22:48:05','ROTA 53 - VILA EMBRATEL',74,84),(60,'2022-02-04 22:48:05','ROTA 54 - TIRIRICAL',74,85),(61,'2022-02-04 22:48:05','ROTA 55 - PONTA DA AREIA',74,86),(62,'2022-02-04 22:48:05','ROTA 56 - FORQUILHA',74,87),(63,'2022-02-04 22:48:05','ROTA 57 - CIDADE OLÍMPICA',74,88),(64,'2022-02-04 22:48:05','ROTA 21 - SÃO JOSÉ DE RIBAMAR',74,89),(66,'2022-02-22 16:44:38','ROTA 500 - ARLEAN',74,90),(67,'2022-02-22 16:45:10','ROTA 501 - ANTONIO JOSE',74,91),(68,'2022-02-22 16:45:32','ROTA 502 - JOSÉ CARLOS',74,92),(69,'2022-02-22 16:50:13','ROTA 503 - GILMAR',74,93),(70,'2022-02-22 16:52:44','ROTA 504 - VITAL',74,94),(71,'2022-02-22 16:54:20','ROTA 505 - EDSON',74,95),(72,'2022-02-22 16:55:02','ROTA 506 - ROBERTO',74,96),(73,'2022-02-22 16:55:43','ROTA 507 - ANTONIO JOSE',74,97),(74,'2022-02-22 16:58:44','ROTA 508 - DENILSON COSTA',74,98),(75,'2022-02-22 16:59:23','ROTA 509 - NATAN',74,99),(76,'2022-02-22 17:00:34','ROTA 510 - MARTINS',74,100),(77,'2022-02-22 17:03:01','ROTA 511 - CLAUDENILSON',74,101),(78,'2022-02-22 17:04:51','ROTA 512 - CARLINHOS',74,102),(79,'2022-02-22 17:07:41','ROTA 513 - SERGIO',74,103),(80,'2022-02-22 17:09:52','ROTA 514 - MAURO',74,104),(81,'2022-02-22 17:11:06','ROTA 515 - WILLIAN',74,105),(82,'2022-02-22 17:11:50','ROTA 516 - JAILSON',74,106),(83,'2022-02-22 17:14:40','ROTA 517 - JORGE LUIS',74,107),(84,'2022-02-22 17:15:37','ROTA 518 - CLODOALDO',74,108),(85,'2022-02-22 17:17:31','ROTA 519 - ARAÇAGI - MARCOS FONSECA',74,109),(86,'2022-02-22 17:19:33','ROTA 520 - DELNILSON BRANDÃO',74,110),(87,'2022-02-22 17:36:02','ROTA 21 - RIBAMAR',74,111),(88,'2022-02-22 17:37:25','ROTA 22 - SHOPPING',74,112),(89,'2022-02-22 17:40:46','ROTA 118 - itapecuru',79,113),(90,'2022-02-22 17:41:40','rota 119 - chapadinha',80,114),(91,'2022-02-22 17:43:59','ROTA 120 - tutóia',77,115),(92,'2022-06-10 11:42:17','rota - grande ilha',74,116),(93,'2022-06-27 16:05:32','central de entregas',74,117),(96,'2022-07-13 15:29:44','ROTA 58 - RAPOSA',74,118),(97,'2022-07-13 15:29:57','ROTA 59 - COHAMA',74,119),(98,'2022-07-13 15:55:07','ROTA 60 - MARACANÃ',74,120),(99,'2022-12-07 14:11:56','ALTO DO TURU (ALGUMAS RUAS, TERRA LIVRE, RESI',74,39),(100,'2022-12-07 14:30:04','AV SãO LUíS REI DE FRANçA (LA MAISON, GARVEN ',74,120),(101,'2022-12-07 14:30:04','Av São Luís Rei de França (Posto Natureza a F',74,120),(102,'2022-12-07 14:30:04','Av. Mario Andreazza - Olho D agua',74,120),(103,'2022-12-07 14:30:04','Prado, Quadras 14 e 01, Nº 1000, 38, 34, 50 A',74,120),(104,'2022-12-07 14:30:04','R Aririzal (Cond. Valencia I e II, Ariri, Bug',74,120),(105,'2022-12-07 14:30:04','R do Aririzal ( Cond. Ferrazi, Madri, Ville, ',74,120),(106,'2022-12-07 14:30:04','RECANTO TURU ',74,120),(107,'2022-12-07 14:30:04','Rua 4 de Janeiro ( Cond. Quintas do sol)',74,120),(108,'2022-12-07 14:30:04','Rua Euclides Bezerra( Cond. Infinit, Vilagio ',74,120),(109,'2022-12-07 14:30:04','SOLAR DOS LUSITANOS',74,120),(110,'2022-12-07 14:30:04','VILLAGE DO SOL NASCENTE, MARSOL, QUADRAS 63, ',74,120),(111,'2022-12-07 14:30:04','Vivendas do Turu',74,120),(112,'2022-12-07 14:30:04','Chácara Brasil',74,120),(113,'2022-12-07 14:30:04','Cond. Porto Belo',74,120),(114,'2022-12-07 14:30:04','Cond.Tupinamba ( Rua Carajas)',74,120),(115,'2022-12-07 14:30:04','Habitacional Turu',74,120),(116,'2022-12-07 14:30:04','Ipem Turu',74,120),(117,'2022-12-07 14:30:04','Jardim Turu',74,120),(118,'2022-12-07 14:30:04','Jd Atlântico',74,120),(119,'2022-12-07 14:30:04','Jd Eldorado',74,120),(120,'2022-12-07 14:30:04','Palmeiras II, D Italy',74,120),(121,'2022-12-07 14:30:04','Parque São José',74,120),(122,'2022-12-07 14:30:04','Parque Vitória',74,120),(123,'2022-12-07 14:30:04','Planalto Turu',74,120),(124,'2022-12-07 14:41:47','Alto do Calhau',74,89),(125,'2022-12-07 14:41:47','Boa Morada',74,89),(126,'2022-12-07 14:41:47','Alameda E ,Brisa ( Calhau)',74,89),(127,'2022-12-07 14:41:47','Cohafuma',74,89),(128,'2022-12-07 14:41:47','Conjunto dos Ipês',74,89),(129,'2022-12-07 14:41:47','Curva do Noventa',74,89),(130,'2022-12-07 14:41:47','Novo Tempo II',74,89),(131,'2022-12-07 14:41:47','Quitandinha',74,89),(132,'2022-12-07 14:41:47','Recanto dos Nobres',74,89),(133,'2022-12-07 14:41:47','Recanto dos Vinhais',74,89),(134,'2022-12-07 14:41:47','Resid. Vinhais',74,89),(135,'2022-12-07 14:41:47','Vila 25 de Maio',74,89),(136,'2022-12-07 14:41:47','Vila Progresso',74,89),(137,'2022-12-07 14:41:47','Vinhais (obs.: da Rua 01 a 103)',74,89),(138,'2022-12-07 14:57:12','Av dos Holandeses (Olho D Agua) Edifício Ceza',74,89),(139,'2022-12-07 14:57:12','Av. Daniel de La Touche (uma parte) Cond. Gol',74,89),(140,'2022-12-07 14:57:12','Cantinho do Céu',74,89),(141,'2022-12-07 14:57:12','Cohajap',74,89),(142,'2022-12-07 14:57:12','Cohajoli',74,89),(143,'2022-12-07 14:57:12','Cohama',74,89),(144,'2022-12-07 14:57:12','Cohaserma',74,89),(145,'2022-12-07 14:57:12','Jd Bela Vista',74,89),(146,'2022-12-07 14:57:12','Jd Coelho Neto',74,89),(147,'2022-12-07 14:57:12','Jd. Sm I',74,89),(148,'2022-12-07 14:57:12','Parque Atenas ',74,89),(149,'2022-12-07 14:57:12','Vila Menino Jesus de Praga',74,89),(150,'2022-12-07 14:57:12','Rua Euriupedes Bezerra (Cond Solar da Ilha, C',74,89),(151,'2022-12-07 14:57:12','Rua Beta - Turu',74,89),(152,'2022-12-07 14:57:12','Rua Alfa - Turu',74,89),(153,'2022-12-07 14:57:12','Rua Ipanema, Res Parati - Turu',74,89),(154,'2022-12-07 14:57:12','Parque Shalon',74,89),(155,'2022-12-07 14:57:12','Pq Topazio',74,89),(156,'2022-12-07 14:57:12','R Orquidea/Cohama)',74,89),(157,'2022-12-07 14:57:12','Recanto Fialho',74,89),(158,'2022-12-07 14:57:12','Res. São Domingos',74,89),(159,'2022-12-07 14:57:12','Vicente Fialho',74,89),(160,'2022-12-07 14:57:12','Vila 7 de Setembro',74,89),(161,'2022-12-07 14:57:12','Vila Cruzado',74,89),(162,'2022-12-07 14:57:12','Res. Pinheiro',74,89),(163,'2022-12-07 14:57:12','R Boa Esperança  - Monte Castelo',74,89),(164,'2022-12-07 14:57:12','Resid. Primavera -  Turu',74,89),(165,'2022-12-07 14:57:12','Vila União',74,89),(166,'2022-12-07 14:57:12','Rua PI',74,89),(167,'2022-12-07 14:57:12','Res Primavera (Rua por Letra)',74,89),(168,'2022-12-07 14:57:12','Planalto Vinhais I e II',74,89),(169,'2022-12-07 14:57:12','Residencial Manoel Beckman',74,89),(170,'2022-12-07 16:16:19','Av. São Luís Rei de França (obs. uma parte)',74,89),(171,'2022-12-07 16:16:19','Barramar I e II',74,89),(172,'2022-12-07 16:16:19','Calhau',74,89),(173,'2022-12-07 16:16:19','Divinéia',74,89),(174,'2022-12-07 16:16:19','Ipem Calhau',74,89),(175,'2022-12-07 16:16:19','Jardim de Allah',74,89),(176,'2022-12-07 16:16:19','Jardim Libanês',74,89),(177,'2022-12-07 16:16:19','Jardim Paulista e Jardim América – Olho d Águ',74,89),(178,'2022-12-07 16:16:19','Loteamento Alterosa',74,89),(179,'2022-12-07 16:16:19','Olho d Água',74,89),(180,'2022-12-07 16:16:19','Prq Atlântico (Av. Vale do Rio Pimenta, R Car',74,89),(181,'2022-12-07 16:16:19','Sol e Mar',74,89),(182,'2022-12-07 16:16:19','Vila Luizão',74,89),(183,'2022-12-07 16:16:19','Quintas do Calhau',74,89),(184,'2022-12-07 16:16:19','Alto do Calhau (Parque Lavardiere)',74,89),(185,'2022-12-07 16:16:19','Multicenter SEBRAE, Jardins e Patio Jardins',74,89),(186,'2022-12-07 16:16:19','Jardim Renascença - Rua Miquerinos',74,89),(187,'2022-12-07 16:16:19','Rua Venus - Jardim Renascença I',74,89),(188,'2022-12-07 16:16:19','Jardim Renascença - Rua Netuno',74,89),(189,'2022-12-07 16:16:19','Jardim Renascença - Rua Jupiter',74,89),(190,'2022-12-07 16:16:19','Jardim Renascença - Rua Marcelino Champagnat',74,89),(191,'2022-12-07 16:16:19','Jardim Renascença - Rua Ararajubas',74,89),(192,'2022-12-07 16:16:19','Prq Smithland',74,89),(193,'2022-12-07 16:16:19','Av. Colares Moreira 01( Office Tower,2,3,7',74,89),(194,'2022-12-07 16:16:19','R Canário/ Tv Canario',74,89),(195,'2022-12-07 16:16:19','R Engenheiro Rui Mesquita',74,89),(196,'2022-12-07 16:16:19','R Sericoras',74,89),(197,'2022-12-07 16:32:46','AV. SãO LUIS REI DE FRANçA, 60,08,71,83, 75',74,89),(198,'2022-12-07 16:32:46','Chácara Itapiracó',74,89),(199,'2022-12-07 16:32:46','Cohab Anil I',74,89),(200,'2022-12-07 16:32:46','Cohab Anil II',74,89),(201,'2022-12-07 16:32:46','Cohab Anil III',74,89),(202,'2022-12-07 16:32:46','Cohab Anil IV',74,89),(203,'2022-12-07 16:32:46','Cohatrac II',74,89),(204,'2022-12-07 16:32:46','Cohatrac III',74,89),(205,'2022-12-07 16:32:46','Cohatrac IV',74,89),(206,'2022-12-07 16:32:46','Cond. Itapiracó',74,89),(207,'2022-12-07 16:32:46','Cond. Vilage dos Bosques I e II (Estr. de Rib',74,89),(208,'2022-12-07 16:32:46','Forquilha - Resid Solar dos Encantos',74,89),(209,'2022-12-07 16:32:46','Forquilha - Granada',74,89),(210,'2022-12-07 16:32:46','Forquilha - Esmeralda',74,89),(211,'2022-12-07 16:32:46','Forquilha - Parque Acácia',74,89),(212,'2022-12-07 16:32:46','Forquilha - Pq Guanabara',74,89),(213,'2022-12-07 16:32:46','Forquilha - Pq.Irapoa',74,89),(214,'2022-12-07 16:32:46','Jardim de Fátima',74,89),(215,'2022-12-07 16:32:46','Planalto Anil I, II e III',74,89),(216,'2022-12-07 16:32:46','Planalto Anil IV (e todas as Travessas dos Pl',74,89),(217,'2022-12-07 16:32:46','Planalto Pingão',74,89),(218,'2022-12-07 16:32:46','Resid Antúrios',74,89),(219,'2022-12-07 16:32:46','Samambaias',74,89),(220,'2022-12-07 16:32:46','Magnólias',74,89),(221,'2022-12-07 16:32:46','Begônias',74,89),(222,'2022-12-07 16:32:46','Ipês',74,89),(223,'2022-12-07 16:32:46','Manacás ',74,89),(224,'2022-12-07 16:32:46','Parque das Bandeiras',74,89),(225,'2022-12-07 16:32:46','Irapoa',74,89),(226,'2022-12-07 16:44:09','João de Deus',74,89),(227,'2022-12-07 16:44:09','Avenida Santos Dumont 80',74,89),(228,'2022-12-07 16:44:09','Cohapan',74,89),(229,'2022-12-07 16:44:09','Cohatrac  I  (obs. da rua A a U)',74,89),(230,'2022-12-07 16:44:09','Cond. Solar das Hortencias e Girassol',74,89),(231,'2022-12-07 16:44:09','Conj. Henrique de La Roque',74,89),(232,'2022-12-07 16:44:09','Conjunto Dom Ricardo',74,89),(233,'2022-12-07 16:44:09','Estrada da Maioba',74,89),(234,'2022-12-07 16:44:09','Ipem São Cristovão',74,89),(235,'2022-12-07 16:44:09','Itaguará I e II',74,89),(236,'2022-12-07 16:44:09','Jardim Araçagy I',74,89),(237,'2022-12-07 16:44:09','Jardim Araçagy II',74,89),(238,'2022-12-07 16:44:09','Jardim São Cristovão',74,89),(239,'2022-12-07 16:44:09','Novo Araçagy',74,89),(240,'2022-12-07 16:44:09','Novo Cohatrac',74,89),(241,'2022-12-07 16:44:09','Parque Aurora',74,89),(242,'2022-12-07 16:44:09','Parque Sabiá',74,89),(243,'2022-12-07 16:44:09','Parque Universitário',74,89),(244,'2022-12-07 16:44:09','São Bernardo',74,89),(245,'2022-12-07 16:44:09','Tirirical',74,89),(246,'2022-12-07 16:44:09','Trizidela',74,89),(247,'2022-12-07 16:44:09','Vila Brasil',74,89),(248,'2022-12-07 16:44:09','Vilagio do Araçagy ',74,89),(249,'2022-12-07 16:44:09','Village do Cohatrac V',74,89),(250,'2022-12-07 16:44:09','Jardim das Margaridas (obs. mesmo Resid. Diam',74,89),(251,'2022-12-07 16:44:09','Resid Primavera – Cohatrac (obs. ruas são por',74,89),(252,'2022-12-07 16:55:58','Alto do Pinho',74,89),(253,'2022-12-07 16:55:58','Anil',74,89),(254,'2022-12-07 16:55:58','Aurora',74,89),(255,'2022-12-07 16:55:58','Cj. Bom Clima',74,89),(256,'2022-12-07 16:55:58','Cond. Fonte do Ribeirão (Estr. de Ribamar)',74,89),(257,'2022-12-07 16:55:58','Conjunto Santos Dumont',74,89),(258,'2022-12-07 16:55:58','Cruzeiro do Anil',74,89),(259,'2022-12-07 16:55:58','Jardim Alvorada',74,89),(260,'2022-12-07 16:55:58','Nova Aurora',74,89),(261,'2022-12-07 16:55:58','Pão de Açúcar',74,89),(262,'2022-12-07 16:55:58','Radional',74,89),(263,'2022-12-07 16:55:58','Rancho Dom Luís',74,89),(264,'2022-12-07 16:55:58','Santa Cruz ',74,89),(265,'2022-12-07 16:55:58','Vera Cruz',74,89),(266,'2022-12-07 16:55:58','Res João Alberto',74,89),(267,'2022-12-07 16:59:06','Alameda dos Sonhos',74,89),(268,'2022-12-07 16:59:06','Av. Edson Brandão',74,89),(269,'2022-12-07 16:59:06','Conj. Cial',74,89),(270,'2022-12-07 16:59:06','Conj. Jaguarema',74,89),(271,'2022-12-07 16:59:06','Conj. São Paulo',74,89),(272,'2022-12-07 16:59:06','Jardim São Paulo',74,89),(273,'2022-12-07 16:59:06','Parque das Mangueiras',74,89),(274,'2022-12-07 16:59:06','Parque La Ravardiere',74,89),(275,'2022-12-07 16:59:06','Parque Sielândia',74,89),(276,'2022-12-07 16:59:06','Pirapora',74,89),(277,'2022-12-07 16:59:06','Resd. Canãa',74,89),(278,'2022-12-07 16:59:06','Santo Antonio',74,89),(279,'2022-12-07 16:59:06','Vila Lobão',74,89),(280,'2022-12-07 16:59:06','Vila Roseana Sarney',74,89),(281,'2022-12-07 17:24:37','Angelim',74,89),(282,'2022-12-07 17:24:38',' Novo Angelim',74,89),(283,'2022-12-07 17:24:38','Ipem Angelim',74,89),(284,'2022-12-07 17:24:38','Conjunto Parati',74,89),(285,'2022-12-07 17:24:38','Bequimão',74,89),(286,'2022-12-07 17:24:38','Cond. Bequimão',74,89),(287,'2022-12-07 17:24:38','Ipase',74,89),(288,'2022-12-07 17:24:38','Jardim SM 2',74,89),(289,'2022-12-07 17:24:38','Maranhão Novo',74,89),(290,'2022-12-07 17:24:38','Novo Tempo III',74,89),(291,'2022-12-07 17:24:38','Rio Anil',74,89),(292,'2022-12-07 17:24:38','Vila Palmeira',74,89),(293,'2022-12-07 17:33:48','Conj. Yolanda Costa e Silva',74,89),(294,'2022-12-07 17:33:48','Ivar Saldanha',74,89),(295,'2022-12-07 17:33:48','Jordoa',74,89),(296,'2022-12-07 17:33:48','Outeiro da Cruz',74,89),(297,'2022-12-07 17:33:48','Resid. Novo Tempo I',74,89),(298,'2022-12-07 17:33:48','Túnel do Sacavém',74,89),(299,'2022-12-07 17:33:48','Coroado',74,89),(300,'2022-12-07 17:33:48','Coheb Sacavém',74,89),(301,'2022-12-07 17:33:48','Filipinho',74,89),(302,'2022-12-07 17:33:48','Redenção',74,89),(303,'2022-12-07 17:33:48','Sacavem',74,89),(304,'2022-12-07 17:33:48','Salina do Sacavem',74,89),(305,'2022-12-07 17:33:48','Sitio Leal',74,89),(306,'2022-12-07 17:33:48','R Agostinho Reis - Monte Castelo',74,89),(307,'2022-12-07 17:41:53','CasteloR Andrade- Monte Castelo',74,89),(308,'2022-12-07 17:41:53','R Astolfo Marques- Monte Castelo',74,89),(309,'2022-12-07 17:41:53','R Profº Ruben Goulart- Monte Castelo',74,89),(310,'2022-12-07 17:41:53','R Vale Sobrinho- Monte Castelo',74,89),(311,'2022-12-07 17:41:53','R Armando Vieira da Silva- Monte Castelo',74,89),(312,'2022-12-07 17:41:53','R Eugenio de Barros/R Basson/Pc- Monte Castel',74,89),(313,'2022-12-07 17:41:53','R Presidente Dutra- Monte Castelo',74,89),(314,'2022-12-07 17:41:53','R Seroa da Mota- Monte Castelo',74,89),(315,'2022-12-07 17:48:07','Bairro de Fátima',74,89),(316,'2022-12-07 17:48:07','Bom Jesus',74,89),(317,'2022-12-07 17:48:07','Coroadinho',74,89),(318,'2022-12-07 17:48:07','Parque Amazonas',74,89),(319,'2022-12-07 17:48:07','Parque Nobres',74,89),(320,'2022-12-07 17:48:07','Parque Pindorama',74,89),(321,'2022-12-07 17:48:07','Parque Timbiras',74,89),(322,'2022-12-07 17:48:07','Prq. Nice Lobão',74,89),(323,'2022-12-07 17:48:07','Vila Conceição – Coroadinho',74,89),(324,'2022-12-07 17:48:07','Vila dos Frades',74,89),(325,'2022-12-07 17:48:07','Vila dos Nobres ',74,89),(326,'2022-12-07 17:48:07','Vila Primavera',74,89),(327,'2022-12-07 17:48:07','Apicum',74,89),(328,'2022-12-07 18:00:56','Belira',74,89),(329,'2022-12-07 18:00:56','Bairro de Fatima',74,89),(330,'2022-12-07 18:00:56','Goiabal',74,89),(331,'2022-12-07 18:00:56','Vila Passos',74,89),(332,'2022-12-07 18:00:56','Centro (sentido Rua da Paz para a Madre Deus)',74,89),(333,'2022-12-07 18:00:56','Codozinho',74,89),(334,'2022-12-07 18:00:56','Coréia de Baixo ',74,89),(335,'2022-12-07 18:00:56','Coréia de Cima',74,89),(336,'2022-12-07 18:00:56','Lira ',74,89),(337,'2022-12-07 18:00:56','Macaúba',74,89),(338,'2022-12-07 18:00:56','Madre Deus',74,89),(339,'2022-12-07 18:00:56','Portinho',74,89),(340,'2022-12-07 18:00:56','Vila Bessa',74,89),(341,'2022-12-07 18:00:56','Retiro Natal',74,89),(342,'2022-12-07 18:00:56','Areinha',74,89),(343,'2022-12-07 18:00:56','R Antonio Dias',74,89),(344,'2022-12-07 18:00:56','R Boa Esperança',74,89),(345,'2022-12-07 18:00:56','R Bom Milagre',74,89),(346,'2022-12-07 18:00:56','R Carlos Gomes',74,89),(347,'2022-12-07 18:00:56','R Castro Alves',74,89),(348,'2022-12-07 18:00:56','R Cd D’eu',74,89),(349,'2022-12-07 18:00:56','R Iracema',74,89),(350,'2022-12-07 18:00:56','R Martins Afonso ',74,89),(351,'2022-12-07 18:00:56','R Mourão Rangel',74,89),(352,'2022-12-07 18:00:56','R Silvio Romero',74,89),(353,'2022-12-07 18:00:56','R Teófilo Dias',74,89),(354,'2022-12-07 18:00:56','Tv Bom Milagre',74,89),(355,'2022-12-07 18:00:56','R Armando V. da Silva',74,89),(356,'2022-12-07 18:00:56','R Cafeteira',74,89),(357,'2022-12-07 18:00:56','R Carima',74,89),(358,'2022-12-07 18:00:56','R Marly Sarney',74,89),(359,'2022-12-07 18:00:56','R Padre Cícero',74,89),(360,'2022-12-07 18:00:56','R Paulo Frontin',74,89),(361,'2022-12-07 18:00:56','R Sousa',74,89),(362,'2022-12-07 18:00:56','R Arimateia Cisne',74,89),(363,'2022-12-07 18:00:56','R Basson',74,89),(364,'2022-12-07 18:00:56','R Desembarcador Sarney Costa',74,89),(365,'2022-12-07 18:00:56','R Elca',74,89),(366,'2022-12-07 18:00:56','R Genésio Rego',74,89),(367,'2022-12-07 18:00:56','R Miguel Couto',74,89),(368,'2022-12-07 18:00:56','R Paçaras',74,89),(369,'2022-12-07 18:00:56','R Presidente Dutra',74,89),(370,'2022-12-07 18:00:56','R São Vicente de Paula',74,89),(371,'2022-12-07 18:00:56','R Seroa da Mota',74,89),(372,'2022-12-07 18:00:56','TV Desembarcador Sarney Costa',74,89),(373,'2022-12-07 18:00:56','TV Elca',74,89),(374,'2022-12-07 18:00:56','R Tolentino Machado',74,89),(375,'2022-12-07 18:00:56','TV Alves',74,89),(376,'2022-12-07 18:00:56','TV da Fortuna',74,89),(377,'2022-12-07 18:00:56','TV Nagib Feres',74,89),(378,'2022-12-07 18:00:56','TV Tupan',74,89),(379,'2022-12-07 18:00:56','TV José Sarney',74,89),(380,'2022-12-07 18:00:56','Jardim Tropical',74,89),(381,'2022-12-07 18:00:56','Santa Efigênia',74,89),(382,'2022-12-07 18:19:41','Res. Orquídias',74,89),(383,'2022-12-07 18:19:41','Vila Operária',74,89),(384,'2022-12-07 18:19:41','Maiobinha',74,89),(385,'2022-12-07 18:19:41','Vila Cafeteira',74,89),(386,'2022-12-07 18:19:41','Res. São Luís (Unidade 201)',74,89),(387,'2022-12-07 19:02:57','Boa Vista ',74,89),(388,'2022-12-07 19:02:57','Camboa',74,89),(389,'2022-12-07 19:02:57','Canto da Fabril',74,89),(390,'2022-12-07 19:02:57','Diamante',74,89),(391,'2022-12-07 19:02:57','Fé em Deus',74,89),(392,'2022-12-07 19:02:57','Liberdade',74,89),(393,'2022-12-07 19:02:57','Joao Paulo',74,89),(394,'2022-12-07 19:02:57','Apeadoro',74,89),(395,'2022-12-07 19:02:57','Alemanha',74,89),(396,'2022-12-07 19:02:57','Centro',74,89),(397,'2022-12-07 19:02:57','Desterro',74,89),(398,'2022-12-07 19:02:57','Bares',74,89),(399,'2022-12-07 19:02:57','R 11 de Outubro - Monte Castelo',74,89),(400,'2022-12-07 19:02:57','R da Veneza - Monte Castelo',74,89),(401,'2022-12-07 19:02:57','R Hemeterio Santos - Monte Castelo',74,89),(402,'2022-12-07 19:02:57','R Manoel Beckman - Monte Castelo',74,89),(403,'2022-12-07 19:02:57','R Nova de Roma - Monte Castelo',74,89),(404,'2022-12-07 19:02:57','R Odilon Soares - Monte Castelo',74,89),(405,'2022-12-07 19:02:57','R Olavo Bilac - Monte Castelo',74,89),(406,'2022-12-07 19:02:57','R Padre Manoel da Nobrega - Monte Castelo',74,89),(407,'2022-12-07 19:02:57','R Paulino Sousa - Monte Castelo',74,89),(408,'2022-12-07 19:02:57','R Primavera - Monte Castelo',74,89),(409,'2022-12-07 19:02:57','R Ramon Afonso - Monte Castelo',74,89),(410,'2022-12-07 19:02:57','Av Newton Belo - Monte Castelo',74,89),(411,'2022-12-07 19:02:57','R 1 de Maio - Monte Castelo',74,89),(412,'2022-12-07 19:02:57','R 1 de Março - Monte Castelo',74,89),(413,'2022-12-07 19:02:57','R 24 de Outubro - Monte Castelo',74,89),(414,'2022-12-07 19:02:57','R da Gloria - Monte Castelo',74,89),(415,'2022-12-07 19:02:57','R Machado de Assis - Monte Castelo',74,89),(416,'2022-12-07 19:02:57','R São Raimundo e R São Benedito -  Monte Cast',74,89),(417,'2022-12-07 19:02:57','R Tancredo Cordeiro -  Monte Castelo',74,89),(418,'2022-12-07 19:02:57','R Viveiros de Castro -  Monte Castelo',74,89),(419,'2022-12-07 19:02:57','Tv da Felicidade - Monte Castelo',74,89),(420,'2022-12-07 19:02:57','Tv Paulino Sousa  - Monte Castelo',74,89),(421,'2022-12-07 19:02:57','Av. Barão de Itapary -  Centro',74,89),(422,'2022-12-07 19:02:57','Av. Celso Magalhães mesma Veado  -  Centro   ',74,89),(423,'2022-12-07 19:02:57','Av. José Sarney  -  Centro',74,89),(424,'2022-12-07 19:02:57','Av. Tamandaré  -  Centro',74,89),(425,'2022-12-07 19:02:57','Pça Gomes de Sousa  -  Centro',74,89),(426,'2022-12-07 19:02:57','Pça. Gomes de Sousa -  Centro',74,89),(427,'2022-12-07 19:02:57','Pça. Gonçalves Dias -  Centro',74,89),(428,'2022-12-07 19:02:57','Pça. Odorico Mendes -  Centro',74,89),(429,'2022-12-07 19:02:57','R Afonso Pena -  Centro',74,89),(430,'2022-12-07 19:02:57','R Alegria -  Centro',74,89),(431,'2022-12-07 19:02:57','R Custódio Serrão/Colares Moreira-  Centro   ',74,89),(432,'2022-12-07 19:02:57','R da Cruz/7 de Setembro-  Centro',74,89),(433,'2022-12-07 19:02:57','R da Palma-  Centro',74,89),(434,'2022-12-07 19:02:57','R da Saavedra-  Centro',74,89),(435,'2022-12-07 19:02:57','R da Viração-  Centro',74,89),(436,'2022-12-07 19:02:57','R das Flores-  Centro',74,89),(437,'2022-12-07 19:02:57','R das Mangueiras-  Centro',74,89),(438,'2022-12-07 19:02:57','R de Santa Rita (nº baixo)-  Centro',74,89),(439,'2022-12-07 19:02:57','R de Santaninha-  Centro',74,89),(440,'2022-12-07 19:02:57','R do Coqueiro-  Centro',74,89),(441,'2022-12-07 19:02:57','R do Machado-  Centro',74,89),(442,'2022-12-07 19:02:57','R do Marajá mesma Viana Vaz -  Centro',74,89),(443,'2022-12-07 19:02:57','R do Navio -  Centro',74,89),(444,'2022-12-07 19:02:57','R do Rancho -  Centro',74,89),(445,'2022-12-07 19:02:57','R Hortas -  Centro',74,89),(446,'2022-12-07 19:02:57','R Humberto de Campos mesma R João Gualberto -',74,89),(447,'2022-12-07 19:02:57','R Jansen Muller-  Centro',74,89),(448,'2022-12-07 19:02:57','R Maranhão Sobrinho-  Centro',74,89),(449,'2022-12-07 19:02:57','R Montanha Russa-  Centro',74,89),(450,'2022-12-07 19:02:57','R Neto Guterres/Beco do Silva-  Centro',74,89),(451,'2022-12-07 19:02:57','R Padre Antonio Vieira-  Centro',74,89),(452,'2022-12-07 19:02:57','R Pespontão-  Centro',74,89),(453,'2022-12-07 19:02:57','R Rio Branco -  Centro',74,89),(454,'2022-12-07 19:02:57','Av. Beira Mar/15 de Novembro-  Centro',74,89),(455,'2022-12-07 19:02:57','Av. Henrique Leal  R Direita-  Centro',74,89),(456,'2022-12-07 19:02:57','Av. Magalhães de Almeida-  Centro',74,89),(457,'2022-12-07 19:02:57','Av. Pedro II / Pça dom Pedro II-  Centro',74,89),(458,'2022-12-07 19:02:57','Beco Catarina Nina-  Centro',74,89),(459,'2022-12-07 19:02:57','Beco do Couto-  Centro',74,89),(460,'2022-12-07 19:02:57','Mercado do Peixe-  Centro',74,89),(461,'2022-12-07 19:02:57','Pça Benedito Leite-  Centro',74,89),(462,'2022-12-07 19:02:57','Pça. João Lisboa-  Centro',74,89),(463,'2022-12-07 19:02:57','R 14 de Julho-  Centro',74,89),(464,'2022-12-07 19:02:57','R Antonio Rayol com nº alto-  Centro',74,89),(465,'2022-12-07 19:02:57','R Couto Fernandes-  Centro',74,89),(466,'2022-12-07 19:02:57','R da Estrela-  Centro',74,89),(467,'2022-12-07 19:02:57','R da Saúde-  Centro',74,89),(468,'2022-12-07 19:02:57','R de Nazaré-  Centro',74,89),(469,'2022-12-07 19:02:57','R deSão João/13 de maio-  Centro',74,89),(470,'2022-12-07 19:02:57','R do Alecrim-  Centro',74,89),(471,'2022-12-07 19:02:57','R do Comércio-  Centro',74,89),(472,'2022-12-07 19:02:57','R do Egito-  Centro',74,89),(473,'2022-12-07 19:02:57','R do Giz mesma R 28 de Julho-  Centro',74,89),(474,'2022-12-07 19:02:57','R do Ribeirão-  Centro',74,89),(475,'2022-12-07 19:02:57','R do Sol-  Centro',74,89),(476,'2022-12-07 19:02:57','R dos Afogados-  Centro',74,89),(477,'2022-12-07 19:02:57','R dos Craveiros-  Centro',74,89),(478,'2022-12-07 19:02:57','R Godofredo Viana-  Centro',74,89),(479,'2022-12-07 19:02:57','R Graça Aranha-  Centro',74,89),(480,'2022-12-07 19:02:57','R Isaac Martins/R Barrocas-  Centro',74,89),(481,'2022-12-07 19:02:57','R Jacinto Maia-  Centro',74,89),(482,'2022-12-07 19:02:57','R João Vital-  Centro',74,89),(483,'2022-12-07 19:02:57','R Luiza Bruce-  Centro',74,89),(484,'2022-12-07 19:02:57','R Portugal-  Centro',74,89),(485,'2022-12-07 19:02:57','R Santo Antonio-  Centro',74,89),(486,'2022-12-07 19:02:57','TV Currupira-  Centro',74,89),(487,'2022-12-07 19:02:57','TV. da Passagem-  Centro',74,89),(488,'2022-12-07 19:51:42','Jardim São Francisco',74,89),(489,'2022-12-07 19:51:42','Conj. Basa',74,89),(490,'2022-12-07 19:51:42','Ilhinha',74,89),(491,'2022-12-07 19:51:42','Conj. Ana Jansen',74,89),(492,'2022-12-07 19:51:42','Jaracaty',74,89),(493,'2022-12-07 19:51:42','Poção',74,89),(494,'2022-12-07 19:51:42','Jardim Renascença I',74,89),(495,'2022-12-07 19:51:42','Rua da Juçara - Jardim Renascença I',74,89),(496,'2022-12-07 19:51:42','Rua da Andirobas - Jardim Renascença I',74,89),(497,'2022-12-07 19:51:42','Rua das Amendoeiras - Jardim Renascença I',74,89),(498,'2022-12-07 19:51:42','Rua das Acacias - Jardim Renascença I',74,89),(499,'2022-12-07 19:51:42','Rua dos Castenheiros - Jardim Renascença I',74,89),(500,'2022-12-07 19:51:42','Rua das Mangueiras - Jardim Renascença I',74,89),(501,'2022-12-07 19:51:42','Rua dos Eucaliptos - Jardim Renascença I',74,89),(502,'2022-12-07 19:51:42','Rua das Sucupiras - Jardim Renascença I',74,89),(503,'2022-12-07 19:51:42','Rua dos Timbos - Jardim Renascença I',74,89),(504,'2022-12-07 19:51:42','Rua dos Ipês - Jardim Renascença I',74,89),(505,'2022-12-07 19:51:42','Rua dos Anturius - Jardim Renascença I',74,89),(506,'2022-12-07 19:51:42','Rua dos Narcisos - Jardim Renascença I',74,89),(507,'2022-12-07 19:51:42','Rua dos Narcisos - Jardim Renascença I',74,89),(508,'2022-12-07 19:51:42','Rua dos Mandacarus - Jardim Renascença I',74,89),(509,'2022-12-07 19:51:42','Rua Cel Agostinho m Almeida - Jardim Renascen',74,89),(510,'2022-12-07 19:51:42','Rua das Garças - Jardim Renascença I',74,89),(511,'2022-12-07 19:51:42','Rua Monção - Jardim Renascença I',74,89),(512,'2022-12-07 19:51:42','Rua das Jaqueiras  - Jardim Renascença I',74,89),(513,'2022-12-07 19:51:42','Rua das Laranjeiras - Jardim Renascença I',74,89),(514,'2022-12-07 19:51:42','Rua das Palmeriras - Jardim Renascença I',74,89),(515,'2022-12-07 19:51:42','Rua dos Jambos - Jardim Renascença I',74,89),(516,'2022-12-07 19:51:42','Rua dos Sapotis - Jardim Renascença I',74,89),(517,'2022-12-07 19:51:42','Rua das Seringueiras - Jardim Renascença I',74,89),(518,'2022-12-07 19:51:42','Rua dos Acapus - Jardim Renascença I',74,89),(519,'2022-12-07 19:51:42','Rua dos Sabias - Jardim Renascença I',74,89),(520,'2022-12-07 19:51:42','Avenida Grande Oriente - Jardim Renascença I',74,89),(521,'2022-12-07 19:51:42','Rua da Samambaias - Jardim Renascença I',74,89),(522,'2022-12-07 19:51:42','Rua Guriatans - Jardim Renascença I',74,89),(523,'2022-12-07 19:51:42','Rua das Alamandas - Jardim Renascença I',74,89),(524,'2022-12-07 19:51:42','Rua das Avenças - Jardim Renascença I',74,89),(525,'2022-12-07 19:51:42','Rua Cuma - Jardim Renascença I',74,89),(526,'2022-12-07 19:51:42','Conj. São Marcos - Jardim Renascença I',74,89),(527,'2022-12-07 20:06:22','Ponta d\'Areia - Jardim Renascença I',74,89),(528,'2022-12-07 20:06:22','Ponta do Farol - Jardim Renascença I',74,89),(529,'2022-12-07 20:06:22','Rua dos Bicudos -    Jardim Renascença II ',74,89),(530,'2022-12-07 20:06:22','Rua Quéopes -    Jardim Renascença II ',74,89),(531,'2022-12-07 20:06:22','Rua Profº Luis Pinho Rodrigues -  Jardim Rena',74,89),(532,'2022-12-07 20:06:22','Rua Mitras -    Jardim Renascença II ',74,89),(533,'2022-12-07 20:06:22','Rua Miragem do Sol -    Jardim Renascença II ',74,89),(534,'2022-12-07 20:06:22','Rua Osires -    Jardim Renascença II ',74,89),(535,'2022-12-07 20:06:22','Loteamento Boa Vista -    Jardim Renascença I',74,89),(536,'2022-12-07 20:06:22','Avenida Vale -    Jardim Renascença II ',74,89),(537,'2022-12-07 20:06:22','Rua Jorn Miercio Jorge -    Jardim Renascença',74,89),(538,'2022-12-07 20:06:22','Rua Juno -    Jardim Renascença II ',74,89),(539,'2022-12-07 20:06:22','Rua Ronald Carvalho -    Jardim Renascença II',74,89),(540,'2022-12-07 20:06:22','Rua Olimpo -    Jardim Renascença II ',74,89),(541,'2022-12-07 20:15:25','Alto da Esperança',74,89),(542,'2022-12-07 20:15:25','Anjo da Guarda',74,89),(543,'2022-12-07 20:15:25','Fumaçê',74,89),(544,'2022-12-07 20:15:25','Gamelharia',74,89),(545,'2022-12-07 20:15:25','Vila São Luis',74,89),(546,'2022-12-07 20:15:25','Vila Ariri',74,89),(547,'2022-12-07 20:15:25','Vila Nova',74,89),(548,'2022-12-07 20:15:25','Vila Mauro Fecury I e II',74,89),(549,'2022-12-07 20:20:28','Vila Bacanga',74,89),(550,'2022-12-07 20:20:28','Vila Embratel',74,89),(551,'2022-12-07 20:20:28','Vila Isabel',74,89),(552,'2022-12-07 20:20:28','Sá Viana',74,89),(553,'2022-12-07 20:20:28','Jambeiro',74,89),(554,'2022-12-07 20:20:28','Gapara',74,89),(555,'2022-12-07 20:20:28','Resid Paraíso',74,89),(556,'2022-12-07 20:20:28','Resid.Pianco',74,89),(557,'2022-12-07 20:26:26','Recanto dos Pássaros',74,89),(558,'2022-12-07 20:26:26','Jardim das Palmeiras',74,89),(559,'2022-12-07 20:26:26','Resid Pirapemas',74,89),(560,'2022-12-07 20:26:26','Resid Nova Metrópole',74,89),(561,'2022-12-07 20:26:26','Resid Reviver',74,89),(562,'2022-12-07 20:26:26','Vila Santa Terezinha',74,89),(563,'2022-12-07 20:26:26','Cidade Operaria (Unidade 101, 103, 105, 201)',74,89),(564,'2022-12-07 20:26:26','Jardim Lisboa ( Unidade 101) ',74,89),(565,'2022-12-07 20:26:26','Recanto da Paz',74,89),(566,'2022-12-07 20:26:26','Res. São Paulo ( Unidade 101)',74,89),(567,'2022-12-07 20:26:26','Vila Zenir',74,89),(568,'2022-12-07 20:26:26','Res. Signo ( Unidade 101)',74,89),(569,'2022-12-07 20:26:26','Res. Alberto Franco ( Unidade 101)',74,89),(570,'2022-12-07 20:26:26','Res. Nova Esperança ( Unidade 201)',74,89),(571,'2022-12-07 20:26:26','Res. Ilheus ( Unidade 203)',74,89),(572,'2022-12-07 20:26:26','Conj. Vila Mestre ( Unidade 203)',74,89),(573,'2022-12-07 20:26:26','Res. Das Palmeiras ( Unidade 103)',74,89),(574,'2022-12-07 20:26:26','Res. Piradema ( Unidade 201)',74,89),(575,'2022-12-08 11:55:02','Cidade Olimpica',74,89),(576,'2022-12-08 11:55:02','Cj Alexandre Tavares',74,89),(577,'2022-12-08 11:55:02','Cj. Reginaldo Tavares',74,89),(578,'2022-12-08 11:55:02','Cruzeiro de Santa Barbara',74,89),(579,'2022-12-08 11:55:02','Jardim America do Norte',74,89),(580,'2022-12-08 11:55:02','Pontal da Ilha',74,89),(581,'2022-12-08 11:55:02','Res. Alcantara',74,89),(582,'2022-12-08 11:55:02','Res. Tiradente',74,89),(583,'2022-12-08 11:55:02','Resid Nice Lobão',74,89),(584,'2022-12-08 11:55:02','Santa Clara',74,89),(585,'2022-12-08 11:55:02','São Raimundo',74,89),(586,'2022-12-08 11:55:02','Tajacuaba',74,89),(587,'2022-12-08 11:55:02','Vila Apaco',74,89),(588,'2022-12-08 11:55:02','Vila Cascavel',74,89),(589,'2022-12-08 11:55:02','Vila Flamengo',74,89),(590,'2022-12-08 11:55:02','Vila Geniparana',74,89),(591,'2022-12-08 11:55:02','Vila Janaína',74,89),(592,'2022-12-08 11:55:02','Vila Riod',74,89),(593,'2022-12-08 11:55:02','Vila São Luis',74,89),(594,'2022-12-08 11:55:02','Vila Vitória',74,89),(595,'2022-12-08 11:55:02','Vl. Magril',74,89),(596,'2022-12-08 11:55:02','Vl.Airton Sena',74,89),(597,'2022-12-08 12:03:04','Maiobão',74,89),(598,'2022-12-08 12:03:04','Paraná I, II, III',74,89),(599,'2022-12-08 12:03:04','Manaíra',74,89),(600,'2022-12-08 12:03:04','Conj. Tambaú',74,89),(601,'2022-12-08 12:03:04','Resid Lima Verde',74,89),(602,'2022-12-08 12:03:04','Resid. Upaon – Açu',74,89),(603,'2022-12-08 12:03:04','Vila Cafeteira (com quadra)',74,89),(604,'2022-12-08 12:03:04','Resid. Upaon – Açu',74,89),(605,'2022-12-08 12:03:04','Maiobinha',74,89),(606,'2022-12-08 12:03:04','Vila Kiola',74,89),(607,'2022-12-08 12:03:04','Vila Sarney Filho',74,89),(608,'2022-12-08 12:03:04','São José de Ribamar',74,89),(609,'2022-12-08 12:20:23','Araçagy – Praia',74,89),(610,'2022-12-08 12:20:23','R General Artur Carvalho Ed. Bentivi/Ed. Peli',74,89),(611,'2022-12-08 12:20:23','Mirititua',74,89),(612,'2022-12-08 12:20:23','Boa Vista',74,89),(613,'2022-12-08 12:20:23','Parque Jair',74,89),(614,'2022-12-08 12:20:23','Cond. Hilton Rodrigues(Araçagy)',74,89),(615,'2022-12-08 12:20:23','Rua Do Bico - Turu',74,89),(616,'2022-12-08 12:20:23','Rua Adelaide Rocha - Turu',74,89),(617,'2022-12-08 12:20:23','Rua Bom jardim - Turu',74,89),(618,'2022-12-08 12:20:23','Cond. Milano',74,89),(619,'2022-12-08 12:28:56','BR 135',74,89),(620,'2022-12-08 12:28:56','Coquinho',74,89),(621,'2022-12-08 12:28:56','Vila Itamar',74,89),(622,'2022-12-08 12:28:56','Vila Sarney ',74,89),(623,'2022-12-08 12:28:56','Maracanã',74,89),(624,'2022-12-08 12:28:56','Vila Nova Republica',74,89),(625,'2022-12-08 12:28:56','Itapera',74,89),(626,'2022-12-08 12:28:56','Tibirizinho',74,89),(627,'2022-12-08 12:28:56','Pedrinhas',74,89),(628,'2022-12-08 12:28:56','Vila Maranhão',74,89),(629,'2022-12-08 12:28:56','Vila Funil',74,89),(630,'2022-12-08 12:28:56','Vila Esperança',74,89),(631,'2022-12-08 12:28:56','Vila Rio Grande',74,89),(632,'2022-12-08 12:28:56','Mangue Seco',74,89),(633,'2022-12-08 12:28:56','Anamdiba',74,89),(634,'2022-12-08 12:28:56','Collier',74,89),(635,'2022-12-08 12:47:03','Palmeiras II, D Italy',74,89),(636,'2022-12-08 13:01:04','Parque La Ravardiere (Multi center Sebrae',74,89),(637,'2022-12-08 13:05:56','Vinhais (obs.: da Rua 11 a 103)',74,89),(638,'2022-12-08 13:06:37','Vinhais (Rua 1 a 11) Rua do Passeio',74,89),(639,'2022-12-08 13:12:15','Resid. Centauros',74,89),(640,'2022-12-08 13:13:24','Resid. Filadélfia',74,89),(641,'2022-12-08 13:14:05','Residencial Kasaca',74,89),(642,'2022-12-08 13:14:45','TV Itapiraco - Turu',74,89),(643,'2022-12-08 13:15:43','Cond. Itapiraco - Turu',74,89),(644,'2022-12-08 13:16:28','Res. Itapiraco - Turu',74,89),(645,'2022-12-08 13:23:28','Cohatrac i ( Rua Aa U)',74,89),(646,'2022-12-08 13:24:11','Cohatrac v',74,89),(647,'2022-12-08 13:24:55','Res. Primavera - Cohatrac  Ruas por numeros d',74,89),(648,'2022-12-08 13:26:44','Jd das Margaridas',74,89),(649,'2022-12-08 13:27:12','Cj. Henrique de La Roque',74,89),(650,'2022-12-08 13:30:06','Cj. Dom Ricardo',74,89),(651,'2022-12-08 13:39:56','Apeadouro',74,89),(652,'2022-12-08 13:54:29','Parque dos Nobres',74,89),(653,'2022-12-08 13:57:06','Vila Verde',74,89),(657,'2022-12-08 14:15:45','Teofilo Dias',74,89),(658,'2022-12-08 14:26:50','São Francisco',74,89),(659,'2022-12-08 14:33:41','Renascença I ',74,89),(660,'2022-12-08 14:35:54','R da Juçara',74,89),(663,'2022-12-08 14:35:54','Castanheiros',74,89),(664,'2022-12-08 14:35:54','Mangueiras',74,89),(669,'2022-12-08 14:40:53','Larangeiras',74,89),(670,'2022-12-08 14:41:40','Palmeiras - Jardim Renascença I',74,89),(671,'2022-12-08 14:42:38','Sapoyis',74,89),(672,'2022-12-08 14:44:10','Av. Colares Moreira ',74,89),(673,'2022-12-08 14:45:22','Rua Perdizes',74,89),(674,'2022-12-08 14:45:48','Rua Jose Montelo',74,85),(675,'2022-12-08 14:46:28','Rua Pericuma',74,89),(676,'2022-12-08 14:47:12','Rua Azulões',74,89),(677,'2022-12-08 14:47:58','Rua Anapurus',74,89),(678,'2022-12-08 14:48:51','Rua dos Periquitos',74,89),(679,'2022-12-08 14:49:23','Rua Perpetuas',74,89),(680,'2022-12-08 14:49:48','Rua Magnólias',74,89),(681,'2022-12-08 14:50:37','Rua Samabaias',74,89),(682,'2022-12-08 14:51:21','Rua Narcisos',74,89),(683,'2022-12-08 14:51:50','Rua Alamandas',74,89),(684,'2022-12-08 14:52:11','Rua Guriantans',74,89),(685,'2022-12-08 14:53:13','Rua Mandacarus',74,89),(686,'2022-12-08 14:53:37','Rua Avenças',74,89),(687,'2022-12-08 14:54:10','Rua Garças',74,89),(688,'2022-12-08 14:55:14','Rua Cel Agostinho Moura Almeida',74,89),(690,'2022-12-08 18:17:03','Cidade Operaria (Unidade 101, 103, 105, 201, ',74,89),(691,'2022-12-08 18:17:45','Santa Efigenia',74,89),(692,'2022-12-08 18:18:44','Res. Orquidias',74,89),(693,'2022-12-08 18:19:35','Vila Operaria',74,89),(694,'2022-12-08 18:20:16','Matinha',74,89),(695,'2022-12-08 18:22:48','Res. São Luis ( Unidade 201)',74,89);
/*!40000 ALTER TABLE `rotas` ENABLE KEYS */;
UNLOCK TABLES;

--
-- Table structure for table `servicos`
--

DROP TABLE IF EXISTS `servicos`;
/*!40101 SET @saved_cs_client     = @@character_set_client */;
/*!40101 SET character_set_client = utf8 */;
CREATE TABLE `servicos` (
  `id` int(11) NOT NULL AUTO_INCREMENT,
  `nome` varchar(45) DEFAULT NULL,
  `setores_id` int(11) NOT NULL,
  PRIMARY KEY (`id`)
) ENGINE=InnoDB AUTO_INCREMENT=8 DEFAULT CHARSET=utf8mb4;
/*!40101 SET character_set_client = @saved_cs_client */;

--
-- Dumping data for table `servicos`
--

LOCK TABLES `servicos` WRITE;
/*!40000 ALTER TABLE `servicos` DISABLE KEYS */;
INSERT INTO `servicos` VALUES (1,'Pequenos volumes',1),(3,'Boletos',3),(4,'Cartões',3),(5,'Grandes volumes',1),(6,'Notificações',3),(7,'Caixa',1);
/*!40000 ALTER TABLE `servicos` ENABLE KEYS */;
UNLOCK TABLES;

--
-- Table structure for table `setores`
--

DROP TABLE IF EXISTS `setores`;
/*!40101 SET @saved_cs_client     = @@character_set_client */;
/*!40101 SET character_set_client = utf8 */;
CREATE TABLE `setores` (
  `id` int(11) NOT NULL AUTO_INCREMENT,
  `nome` varchar(100) DEFAULT NULL,
  PRIMARY KEY (`id`)
) ENGINE=InnoDB AUTO_INCREMENT=4 DEFAULT CHARSET=utf8mb4;
/*!40101 SET character_set_client = @saved_cs_client */;

--
-- Dumping data for table `setores`
--

LOCK TABLES `setores` WRITE;
/*!40000 ALTER TABLE `setores` DISABLE KEYS */;
INSERT INTO `setores` VALUES (1,'E- commerce'),(3,'Editorial');
/*!40000 ALTER TABLE `setores` ENABLE KEYS */;
UNLOCK TABLES;

--
-- Table structure for table `status_detalhe`
--

DROP TABLE IF EXISTS `status_detalhe`;
/*!40101 SET @saved_cs_client     = @@character_set_client */;
/*!40101 SET character_set_client = utf8 */;
CREATE TABLE `status_detalhe` (
  `id` int(11) NOT NULL AUTO_INCREMENT,
  `nome` varchar(45) DEFAULT NULL,
  PRIMARY KEY (`id`)
) ENGINE=InnoDB AUTO_INCREMENT=5 DEFAULT CHARSET=utf8mb4;
/*!40101 SET character_set_client = @saved_cs_client */;

--
-- Dumping data for table `status_detalhe`
--

LOCK TABLES `status_detalhe` WRITE;
/*!40000 ALTER TABLE `status_detalhe` DISABLE KEYS */;
INSERT INTO `status_detalhe` VALUES (1,'Aguardando'),(2,'Em Rota'),(3,'Entregue'),(4,'Devolvido');
/*!40000 ALTER TABLE `status_detalhe` ENABLE KEYS */;
UNLOCK TABLES;

--
-- Table structure for table `tipo`
--

DROP TABLE IF EXISTS `tipo`;
/*!40101 SET @saved_cs_client     = @@character_set_client */;
/*!40101 SET character_set_client = utf8 */;
CREATE TABLE `tipo` (
  `id` int(11) NOT NULL AUTO_INCREMENT,
  `nome` varchar(45) DEFAULT NULL,
  PRIMARY KEY (`id`)
) ENGINE=InnoDB AUTO_INCREMENT=3 DEFAULT CHARSET=utf8mb4;
/*!40101 SET character_set_client = @saved_cs_client */;

--
-- Dumping data for table `tipo`
--

LOCK TABLES `tipo` WRITE;
/*!40000 ALTER TABLE `tipo` DISABLE KEYS */;
INSERT INTO `tipo` VALUES (1,'RETORNO A GAIOLA'),(2,'BACK LOG');
/*!40000 ALTER TABLE `tipo` ENABLE KEYS */;
UNLOCK TABLES;

--
-- Table structure for table `user_cli`
--

DROP TABLE IF EXISTS `user_cli`;
/*!40101 SET @saved_cs_client     = @@character_set_client */;
/*!40101 SET character_set_client = utf8 */;
CREATE TABLE `user_cli` (
  `id` int(11) NOT NULL AUTO_INCREMENT,
  `clientes_id` int(11) NOT NULL,
  `usuarios_id` int(11) NOT NULL,
  PRIMARY KEY (`id`),
  KEY `fk_user_cli_clientes1_idx` (`clientes_id`),
  KEY `fk_user_cli_usuarios1_idx` (`usuarios_id`)
) ENGINE=InnoDB AUTO_INCREMENT=3 DEFAULT CHARSET=utf8mb4;
/*!40101 SET character_set_client = @saved_cs_client */;

--
-- Dumping data for table `user_cli`
--

LOCK TABLES `user_cli` WRITE;
/*!40000 ALTER TABLE `user_cli` DISABLE KEYS */;
/*!40000 ALTER TABLE `user_cli` ENABLE KEYS */;
UNLOCK TABLES;

--
-- Table structure for table `usuarios`
--

DROP TABLE IF EXISTS `usuarios`;
/*!40101 SET @saved_cs_client     = @@character_set_client */;
/*!40101 SET character_set_client = utf8 */;
CREATE TABLE `usuarios` (
  `id` int(11) NOT NULL AUTO_INCREMENT,
  `nome` varchar(255) NOT NULL,
  `email` varchar(255) NOT NULL,
  `senha` varchar(255) NOT NULL,
  `cargos_id` int(11) NOT NULL,
  `acessos_id` int(11) NOT NULL,
  PRIMARY KEY (`id`)
) ENGINE=InnoDB AUTO_INCREMENT=31 DEFAULT CHARSET=utf8;
/*!40101 SET character_set_client = @saved_cs_client */;

--
-- Dumping data for table `usuarios`
--

LOCK TABLES `usuarios` WRITE;
/*!40000 ALTER TABLE `usuarios` DISABLE KEYS */;
INSERT INTO `usuarios` VALUES (4,'admin','admin@eneylton.com','$2y$10$JZR7X2ZpplGhF4dtchAhJedF/Y0/4ynAOd8VBlR4ehJfLOKHX4mLG',1,1),(7,'ene','eneylton@hotmail.com','$2y$10$JZR7X2ZpplGhF4dtchAhJedF/Y0/4ynAOd8VBlR4ehJfLOKHX4mLG',1,2),(13,'enexs','enex@gmail.com.br','202cb962ac59075b964b07152d234b70',1,3),(14,'editorial','editorial@montnegro.com','$2y$10$Y2e6dARV.9g9v6v5PHRWguesD5ifKnK1MdjCMm9fR9N.m0C0cADbu',1,2),(15,'Eneylton Barros','eneylton@eneylton.com','$2y$10$WXsSklMZxF6ROzkWaAdnzeguYGJCshsNo9c6XIrxrifK9KAh7Bk76',8,1),(16,'EDITORIAL','editorial@montenegroexpress.com.br','$2y$10$G7jU2ALTyKY3VAs8WKeN7.QvkUHM83QikJJM8DAvvHzbdYr3PvBpe',7,4),(17,'EditoriaL','editorial1@montenegroexpress.com.br','$2y$10$HnMr9tH8lJD9MFsBr7KOBuYY8ehePp4ZBjoo3cnbs43aJbRwQaB5.',3,2),(18,'DBA ','dba.slz@montenegroexpress.com.br','$2y$10$XdQi1F8PTw46IYsiHgAl5eLMq9Rum3vblT4ggXu4U7u8qzWRp5Bc.',1,2),(19,'GFL SLZ','gfl.slz@montenegroexpress.com.br','$2y$10$ebmdJ9wNha3Mlp3yIE9kGOaodd/49GE3wpMyQjNuxiwXztZ3rgqR2',1,2),(20,'GFL INTERIOR','gfl.interior@montenegroexpress.com.br','$2y$10$NGZ1jw6LlV2vMpKlX1Had.NRDVXC1/upJWS0tXLW4S8lTvkzT5gNC',1,2),(21,'NT SLZ','ntlog.slz@montenegroexpress.com.br','$2y$10$CSw9FNlnDfGnOzc37pFm2.WdBIw3gg8IfdxQdyeHp7b3aDwfdGRL.',1,2),(22,'Analista Mary Kay','editorial2@montenegroexpress.com.br','$2y$10$.wOGarNiiTdblB3ywpWnQ.PKcgxQ1NdMIVbLmTh1UNthTmxPm1yhi',1,2),(23,'Anthar Adm','azevedo@montenegroexpress.com.br','$2y$10$BdeKQMRfeV3Stt677tcEy.aiAJrjKprLYkHZ5HUrV81W8I6n606eO',9,1),(24,'Eneylton BArros','editorial2023@montenegro.com','$2y$10$WnxprmZFDfFI1vZ9PTnsVONGxMcBxFgwQeO620QKoHpYsVVY.P0RO',1,4),(25,'Maisa','maisa@montenegro.com.br','$2y$10$bBIMeSFSEIni2XSkrE0rx.oZIkA.GyyNth0zfWJ652hY6MukW3kCK',1,2),(26,'Joel','joel@montenegro.com.br','$2y$10$bBIMeSFSEIni2XSkrE0rx.oZIkA.GyyNth0zfWJ652hY6MukW3kCK',1,2),(27,'Adriana','adriana@montenegro.com.br','$2y$10$bBIMeSFSEIni2XSkrE0rx.oZIkA.GyyNth0zfWJ652hY6MukW3kCK',1,2),(28,'JAFRA COSMÈDICOS','jafra@montenegro.com','$2y$10$j1nNOL.EZi939v9ceV.7sO4H0IO0qxVrXTEFZx2VIjErOSmzar4RO',12,6),(29,'Naíde Neves ','Naide@Montenegro.com','$2y$10$yP.5lCP3lhY4BywBUQ8UAeHnrmTGMATusR1lAOBEedUA0wG9RKd5q',7,2),(30,'EXPEDIÇÃO','expedicao@montenegro.com','$2y$10$Bd07.IMAtmWN.row1TPVRueoLJh4vVyV70aaqL32yb8k5KD0Io4ri',7,2);
/*!40000 ALTER TABLE `usuarios` ENABLE KEYS */;
UNLOCK TABLES;

--
-- Table structure for table `veiculos`
--

DROP TABLE IF EXISTS `veiculos`;
/*!40101 SET @saved_cs_client     = @@character_set_client */;
/*!40101 SET character_set_client = utf8 */;
CREATE TABLE `veiculos` (
  `id` int(11) NOT NULL AUTO_INCREMENT,
  `nome` varchar(45) DEFAULT NULL,
  PRIMARY KEY (`id`)
) ENGINE=InnoDB AUTO_INCREMENT=7 DEFAULT CHARSET=utf8mb4;
/*!40101 SET character_set_client = @saved_cs_client */;

--
-- Dumping data for table `veiculos`
--

LOCK TABLES `veiculos` WRITE;
/*!40000 ALTER TABLE `veiculos` DISABLE KEYS */;
INSERT INTO `veiculos` VALUES (1,'MOTO'),(2,'CARRO'),(3,'CAMINHÃO'),(5,'BIKE'),(6,'VAN');
/*!40000 ALTER TABLE `veiculos` ENABLE KEYS */;
UNLOCK TABLES;
/*!40103 SET TIME_ZONE=@OLD_TIME_ZONE */;

/*!40101 SET SQL_MODE=@OLD_SQL_MODE */;
/*!40014 SET FOREIGN_KEY_CHECKS=@OLD_FOREIGN_KEY_CHECKS */;
/*!40014 SET UNIQUE_CHECKS=@OLD_UNIQUE_CHECKS */;
/*!40101 SET CHARACTER_SET_CLIENT=@OLD_CHARACTER_SET_CLIENT */;
/*!40101 SET CHARACTER_SET_RESULTS=@OLD_CHARACTER_SET_RESULTS */;
/*!40101 SET COLLATION_CONNECTION=@OLD_COLLATION_CONNECTION */;
/*!40111 SET SQL_NOTES=@OLD_SQL_NOTES */;

-- Dump completed on 2023-08-22 20:04:06
